"Longitude (x)","Latitude (y)","Station Name","Climate ID","Date/Time (LST)","Year","Month","Day","Time (LST)","Temp (°C)","Temp Flag","Dew Point Temp (°C)","Dew Point Temp Flag","Rel Hum (%)","Rel Hum Flag","Precip. Amount (mm)","Precip. Amount Flag","Wind Dir (10s deg)","Wind Dir Flag","Wind Spd (km/h)","Wind Spd Flag","Visibility (km)","Visibility Flag","Stn Press (kPa)","Stn Press Flag","Hmdx","Hmdx Flag","Wind Chill","Wind Chill Flag","Weather"
"-81.88","42.45","RIDGETOWN RCS","6137154","2018-03-01 00:00","2018","03","01","00:00","1.8","","1.2","","95","","0.0","","36","","7","","","","98.81","","","","","","NA"
"-81.88","42.45","RIDGETOWN RCS","6137154","2018-03-01 01:00","2018","03","01","01:00","2.1","","1.3","","95","","0.0","","33","","5","","","","98.86","","","","","","NA"
"-81.88","42.45","RIDGETOWN RCS","6137154","2018-03-01 02:00","2018","03","01","02:00","2.5","","1.5","","94","","0.0","","1","","5","","","","98.85","","","","","","NA"
"-81.88","42.45","RIDGETOWN RCS","6137154","2018-03-01 03:00","2018","03","01","03:00","2.2","","1.2","","93","","0.0","","3","","15","","","","98.74","","","","","","NA"
"-81.88","42.45","RIDGETOWN RCS","6137154","2018-03-01 04:00","2018","03","01","04:00","2.5","","1.2","","91","","0.0","","3","","11","","","","98.73","","","","","","NA"
"-81.88","42.45","RIDGETOWN RCS","6137154","2018-03-01 05:00","2018","03","01","05:00","2.6","","1.2","","90","","0.0","","3","","8","","","","98.73","","","","","","NA"
"-81.88","42.45","RIDGETOWN RCS","6137154","2018-03-01 06:00","2018","03","01","06:00","2.8","","1.1","","89","","0.0","","6","","11","","","","98.75","","","","","","NA"
"-81.88","42.45","RIDGETOWN RCS","6137154","2018-03-01 07:00","2018","03","01","07:00","2.6","","0.8","","87","","0.0","","4","","13","","","","98.74","","","","","","NA"
"-81.88","42.45","RIDGETOWN RCS","6137154","2018-03-01 08:00","2018","03","01","08:00","2.3","","0.4","","87","","0.0","","5","","15","","","","98.75","","","","","","NA"
"-81.88","42.45","RIDGETOWN RCS","6137154","2018-03-01 09:00","2018","03","01","09:00","1.9","","0.0","","87","","0.0","","5","","19","","","","98.70","","","","","","NA"
"-81.88","42.45","RIDGETOWN RCS","6137154","2018-03-01 10:00","2018","03","01","10:00","2.1","","0.6","","90","","0.2","","6","","16","","","","98.55","","","","","","NA"
"-81.88","42.45","RIDGETOWN RCS","6137154","2018-03-01 11:00","2018","03","01","11:00","2.4","","0.9","","89","","0.5","","6","","17","","","","98.49","","","","","","NA"
"-81.88","42.45","RIDGETOWN RCS","6137154","2018-03-01 12:00","2018","03","01","12:00","2.4","","1.2","","92","","1.2","","3","","15","","","","98.44","","","","","","NA"
"-81.88","42.45","RIDGETOWN RCS","6137154","2018-03-01 13:00","2018","03","01","13:00","2.3","","1.1","","92","","2.9","","4","","16","","","","98.33","","","","","","NA"
"-81.88","42.45","RIDGETOWN RCS","6137154","2018-03-01 14:00","2018","03","01","14:00","1.9","","0.8","","93","","3.2","","3","","21","","","","98.23","","","","","","NA"
"-81.88","42.45","RIDGETOWN RCS","6137154","2018-03-01 15:00","2018","03","01","15:00","1.5","","0.4","","93","","3.6","","3","","22","","","","98.09","","","","","","NA"
"-81.88","42.45","RIDGETOWN RCS","6137154","2018-03-01 16:00","2018","03","01","16:00","0.8","","-0.1","","94","","2.8","","3","","26","","","","98.02","","","","","","NA"
"-81.88","42.45","RIDGETOWN RCS","6137154","2018-03-01 17:00","2018","03","01","17:00","0.7","","-0.1","","94","","2.1","","2","","21","","","","98.10","","","","","","NA"
"-81.88","42.45","RIDGETOWN RCS","6137154","2018-03-01 18:00","2018","03","01","18:00","0.8","","-0.6","","90","","1.1","","2","","25","","","","98.15","","","","","","NA"
"-81.88","42.45","RIDGETOWN RCS","6137154","2018-03-01 19:00","2018","03","01","19:00","0.4","","-0.2","","96","","0.3","","1","","20","","","","98.29","","","","","","NA"
"-81.88","42.45","RIDGETOWN RCS","6137154","2018-03-01 20:00","2018","03","01","20:00","0.2","","-0.1","","98","","1.2","","1","","19","","","","98.38","","","","","","NA"
"-81.88","42.45","RIDGETOWN RCS","6137154","2018-03-01 21:00","2018","03","01","21:00","0.3","","0.0","","98","","2.1","","35","","25","","","","98.52","","","","","","NA"
"-81.88","42.45","RIDGETOWN RCS","6137154","2018-03-01 22:00","2018","03","01","22:00","0.2","","-0.1","","98","","0.3","","34","","27","","","","98.67","","","","","","NA"
"-81.88","42.45","RIDGETOWN RCS","6137154","2018-03-01 23:00","2018","03","01","23:00","0.1","","-0.2","","98","","0.4","","33","","24","","","","98.81","","","","","","NA"
"-81.88","42.45","RIDGETOWN RCS","6137154","2018-03-02 00:00","2018","03","02","00:00","-0.2","","-0.4","","98","","0.9","","33","","25","","","","98.91","","","","-6","","NA"
"-81.88","42.45","RIDGETOWN RCS","6137154","2018-03-02 01:00","2018","03","02","01:00","-0.3","","-0.6","","98","","0.4","","33","","24","","","","99.02","","","","-6","","NA"
"-81.88","42.45","RIDGETOWN RCS","6137154","2018-03-02 02:00","2018","03","02","02:00","-0.6","","-1.1","","97","","0.1","","33","","28","","","","99.11","","","","-7","","NA"
"-81.88","42.45","RIDGETOWN RCS","6137154","2018-03-02 03:00","2018","03","02","03:00","-0.7","","-1.3","","96","","0.0","","33","","22","","","","99.17","","","","-6","","NA"
"-81.88","42.45","RIDGETOWN RCS","6137154","2018-03-02 04:00","2018","03","02","04:00","-0.9","","-1.6","","95","","0.0","","33","","24","","","","99.28","","","","-7","","NA"
"-81.88","42.45","RIDGETOWN RCS","6137154","2018-03-02 05:00","2018","03","02","05:00","-0.7","","-1.2","","96","","0.0","","33","","18","","","","99.39","","","","-6","","NA"
"-81.88","42.45","RIDGETOWN RCS","6137154","2018-03-02 06:00","2018","03","02","06:00","-0.6","","-1.0","","97","","0.3","","33","","16","","","","99.52","","","","-5","","NA"
"-81.88","42.45","RIDGETOWN RCS","6137154","2018-03-02 07:00","2018","03","02","07:00","-1.1","","-2.3","","91","","0.1","","33","","21","","","","99.63","","","","-7","","NA"
"-81.88","42.45","RIDGETOWN RCS","6137154","2018-03-02 08:00","2018","03","02","08:00","-1.3","","-3.0","","88","","0.0","","33","","16","","","","99.74","","","","-6","","NA"
"-81.88","42.45","RIDGETOWN RCS","6137154","2018-03-02 09:00","2018","03","02","09:00","-0.7","","-3.0","","85","","1.6","","33","","17","","","","99.78","","","","-6","","NA"
"-81.88","42.45","RIDGETOWN RCS","6137154","2018-03-02 10:00","2018","03","02","10:00","-0.1","","-2.8","","82","","0.0","","34","","20","","","","99.83","","","","-5","","NA"
"-81.88","42.45","RIDGETOWN RCS","6137154","2018-03-02 11:00","2018","03","02","11:00","0.3","","-3.6","","75","","0.0","","33","","21","","","","99.90","","","","","","NA"
"-81.88","42.45","RIDGETOWN RCS","6137154","2018-03-02 12:00","2018","03","02","12:00","0.3","","-4.4","","71","","0.0","","32","","22","","","","100.00","","","","","","NA"
"-81.88","42.45","RIDGETOWN RCS","6137154","2018-03-02 13:00","2018","03","02","13:00","0.5","","-4.9","","67","","0.0","","34","","25","","","","100.04","","","","","","NA"
"-81.88","42.45","RIDGETOWN RCS","6137154","2018-03-02 14:00","2018","03","02","14:00","0.7","","-5.0","","66","","0.0","","33","","22","","","","100.07","","","","","","NA"
"-81.88","42.45","RIDGETOWN RCS","6137154","2018-03-02 15:00","2018","03","02","15:00","1.0","","-4.2","","69","","0.0","","33","","22","","","","100.15","","","","","","NA"
"-81.88","42.45","RIDGETOWN RCS","6137154","2018-03-02 16:00","2018","03","02","16:00","0.8","","-4.3","","68","","0.0","","33","","23","","","","100.21","","","","","","NA"
"-81.88","42.45","RIDGETOWN RCS","6137154","2018-03-02 17:00","2018","03","02","17:00","0.4","","-4.7","","68","","0.1","","34","","24","","","","100.27","","","","","","NA"
"-81.88","42.45","RIDGETOWN RCS","6137154","2018-03-02 18:00","2018","03","02","18:00","-0.1","","-5.3","","68","","0.0","","33","","15","","","","100.33","","","","-5","","NA"
"-81.88","42.45","RIDGETOWN RCS","6137154","2018-03-02 19:00","2018","03","02","19:00","-0.8","","-5.6","","70","","0.0","","32","","11","","","","100.39","","","","-5","","NA"
"-81.88","42.45","RIDGETOWN RCS","6137154","2018-03-02 20:00","2018","03","02","20:00","-1.8","","-5.6","","75","","0.0","","34","","11","","","","100.41","","","","-6","","NA"
"-81.88","42.45","RIDGETOWN RCS","6137154","2018-03-02 21:00","2018","03","02","21:00","-2.3","","-5.6","","78","","0.0","","35","","8","","","","100.44","","","","-5","","NA"
"-81.88","42.45","RIDGETOWN RCS","6137154","2018-03-02 22:00","2018","03","02","22:00","-2.4","","-5.1","","82","","0.0","","35","","10","","","","100.45","","","","-6","","NA"
"-81.88","42.45","RIDGETOWN RCS","6137154","2018-03-02 23:00","2018","03","02","23:00","-3.3","","-5.4","","86","","0.0","","34","","6","","","","100.43","","","","-6","","NA"
"-81.88","42.45","RIDGETOWN RCS","6137154","2018-03-03 00:00","2018","03","03","00:00","-4.0","","-5.7","","87","","0.0","","32","","7","","","","100.48","","","","-7","","NA"
"-81.88","42.45","RIDGETOWN RCS","6137154","2018-03-03 01:00","2018","03","03","01:00","-4.0","","-6.1","","86","","0.0","","32","","8","","","","100.52","","","","-7","","NA"
"-81.88","42.45","RIDGETOWN RCS","6137154","2018-03-03 02:00","2018","03","03","02:00","-3.6","","-5.7","","85","","0.0","","33","","8","","","","100.52","","","","-7","","NA"
"-81.88","42.45","RIDGETOWN RCS","6137154","2018-03-03 03:00","2018","03","03","03:00","-4.3","","-6.6","","84","","0.0","","30","","6","","","","100.51","","","","-7","","NA"
"-81.88","42.45","RIDGETOWN RCS","6137154","2018-03-03 04:00","2018","03","03","04:00","-5.1","","-6.5","","89","","0.0","","34","","7","","","","100.54","","","","-8","","NA"
"-81.88","42.45","RIDGETOWN RCS","6137154","2018-03-03 05:00","2018","03","03","05:00","-4.8","","-6.3","","89","","0.0","","34","","8","","","","100.60","","","","-8","","NA"
"-81.88","42.45","RIDGETOWN RCS","6137154","2018-03-03 06:00","2018","03","03","06:00","-4.2","","-6.3","","85","","0.0","","35","","9","","","","100.67","","","","-8","","NA"
"-81.88","42.45","RIDGETOWN RCS","6137154","2018-03-03 07:00","2018","03","03","07:00","-4.1","","-7.5","","78","","0.0","","33","","9","","","","100.72","","","","-8","","NA"
"-81.88","42.45","RIDGETOWN RCS","6137154","2018-03-03 08:00","2018","03","03","08:00","-3.7","","-7.3","","76","","0.0","","35","","7","","","","100.79","","","","-7","","NA"
"-81.88","42.45","RIDGETOWN RCS","6137154","2018-03-03 09:00","2018","03","03","09:00","-2.3","","-7.0","","70","","0.0","","1","","12","","","","100.83","","","","-7","","NA"
"-81.88","42.45","RIDGETOWN RCS","6137154","2018-03-03 10:00","2018","03","03","10:00","-1.2","","-6.2","","69","","0.0","","35","","17","","","","100.88","","","","-6","","NA"
"-81.88","42.45","RIDGETOWN RCS","6137154","2018-03-03 11:00","2018","03","03","11:00","-0.3","","-5.4","","68","","0.0","","35","","14","","","","100.86","","","","-5","","NA"
"-81.88","42.45","RIDGETOWN RCS","6137154","2018-03-03 12:00","2018","03","03","12:00","0.3","","-5.8","","64","","0.0","","34","","22","","","","100.85","","","","","","NA"
"-81.88","42.45","RIDGETOWN RCS","6137154","2018-03-03 13:00","2018","03","03","13:00","0.9","","-4.6","","67","","0.0","","35","","17","","","","100.80","","","","","","NA"
"-81.88","42.45","RIDGETOWN RCS","6137154","2018-03-03 14:00","2018","03","03","14:00","1.0","","-4.3","","67","","0.0","","34","","17","","","","100.78","","","","","","NA"
"-81.88","42.45","RIDGETOWN RCS","6137154","2018-03-03 15:00","2018","03","03","15:00","0.9","","-4.4","","68","","0.0","","34","","22","","","","100.75","","","","","","NA"
"-81.88","42.45","RIDGETOWN RCS","6137154","2018-03-03 16:00","2018","03","03","16:00","0.5","","-5.6","","63","","0.0","","35","","22","","","","100.72","","","","","","NA"
"-81.88","42.45","RIDGETOWN RCS","6137154","2018-03-03 17:00","2018","03","03","17:00","0.1","","-5.2","","68","","0.1","","34","","17","","","","100.75","","","","","","NA"
"-81.88","42.45","RIDGETOWN RCS","6137154","2018-03-03 18:00","2018","03","03","18:00","-1.1","","-5.7","","71","","0.0","","33","","17","","","","100.81","","","","-6","","NA"
"-81.88","42.45","RIDGETOWN RCS","6137154","2018-03-03 19:00","2018","03","03","19:00","-2.1","","-5.6","","77","","0.0","","34","","15","","","","100.83","","","","-7","","NA"
"-81.88","42.45","RIDGETOWN RCS","6137154","2018-03-03 20:00","2018","03","03","20:00","-2.5","","-5.5","","80","","0.0","","35","","13","","","","100.83","","","","-7","","NA"
"-81.88","42.45","RIDGETOWN RCS","6137154","2018-03-03 21:00","2018","03","03","21:00","-2.8","","-5.7","","81","","0.0","","36","","12","","","","100.81","","","","-7","","NA"
"-81.88","42.45","RIDGETOWN RCS","6137154","2018-03-03 22:00","2018","03","03","22:00","-3.1","","-5.7","","82","","0.0","","36","","13","","","","100.78","","","","-8","","NA"
"-81.88","42.45","RIDGETOWN RCS","6137154","2018-03-03 23:00","2018","03","03","23:00","-3.4","","-6.0","","82","","0.0","","1","","9","","","","100.78","","","","-7","","NA"
"-81.88","42.45","RIDGETOWN RCS","6137154","2018-03-04 00:00","2018","03","04","00:00","-3.7","","-6.5","","81","","0.0","","36","","8","","","","100.78","","","","-7","","NA"
"-81.88","42.45","RIDGETOWN RCS","6137154","2018-03-04 01:00","2018","03","04","01:00","-4.2","","-7.2","","80","","0.0","","1","","6","","","","100.76","","","","-7","","NA"
"-81.88","42.45","RIDGETOWN RCS","6137154","2018-03-04 02:00","2018","03","04","02:00","-4.5","","-7.2","","81","","0.0","","3","","6","","","","100.74","","","","-7","","NA"
"-81.88","42.45","RIDGETOWN RCS","6137154","2018-03-04 03:00","2018","03","04","03:00","-5.6","","-7.3","","88","","0.0","","29","","4","","","","100.79","","","","-7","","NA"
"-81.88","42.45","RIDGETOWN RCS","6137154","2018-03-04 04:00","2018","03","04","04:00","-5.9","","-7.1","","91","","0.0","","32","","3","","","","100.84","","","","-7","","NA"
"-81.88","42.45","RIDGETOWN RCS","6137154","2018-03-04 05:00","2018","03","04","05:00","-5.8","","-6.6","","94","","0.0","","32","","2","","","","100.83","","","","-7","","NA"
"-81.88","42.45","RIDGETOWN RCS","6137154","2018-03-04 06:00","2018","03","04","06:00","-5.7","","-7.0","","91","","0.0","","1","","4","","","","100.82","","","","-8","","NA"
"-81.88","42.45","RIDGETOWN RCS","6137154","2018-03-04 07:00","2018","03","04","07:00","-6.5","","-7.4","","93","","0.0","","32","","1","","","","100.85","","","","-7","","NA"
"-81.88","42.45","RIDGETOWN RCS","6137154","2018-03-04 08:00","2018","03","04","08:00","-3.7","","-6.0","","84","","0.0","","4","","2","","","","100.87","","","","-5","","NA"
"-81.88","42.45","RIDGETOWN RCS","6137154","2018-03-04 09:00","2018","03","04","09:00","-1.5","","-6.5","","69","","0.0","","3","","8","","","","100.89","","","","-5","","NA"
"-81.88","42.45","RIDGETOWN RCS","6137154","2018-03-04 10:00","2018","03","04","10:00","-0.6","","-7.7","","59","","0.0","","5","","11","","","","100.91","","","","-4","","NA"
"-81.88","42.45","RIDGETOWN RCS","6137154","2018-03-04 11:00","2018","03","04","11:00","0.5","","-8.0","","53","","0.0","","2","","11","","","","100.86","","","","","","NA"
"-81.88","42.45","RIDGETOWN RCS","6137154","2018-03-04 12:00","2018","03","04","12:00","1.5","","-7.2","","52","","0.0","","2","","12","","","","100.84","","","","","","NA"
"-81.88","42.45","RIDGETOWN RCS","6137154","2018-03-04 13:00","2018","03","04","13:00","2.2","","-7.2","","50","","0.0","","3","","14","","","","100.75","","","","","","NA"
"-81.88","42.45","RIDGETOWN RCS","6137154","2018-03-04 14:00","2018","03","04","14:00","3.1","","-7.9","","44","","0.0","","36","","11","","","","100.69","","","","","","NA"
"-81.88","42.45","RIDGETOWN RCS","6137154","2018-03-04 15:00","2018","03","04","15:00","3.0","","-6.3","","50","","0.0","","33","","13","","","","100.62","","","","","","NA"
"-81.88","42.45","RIDGETOWN RCS","6137154","2018-03-04 16:00","2018","03","04","16:00","2.2","","-7.6","","48","","0.0","","34","","15","","","","100.59","","","","","","NA"
"-81.88","42.45","RIDGETOWN RCS","6137154","2018-03-04 17:00","2018","03","04","17:00","1.2","","-6.6","","56","","0.0","","34","","15","","","","100.62","","","","","","NA"
"-81.88","42.45","RIDGETOWN RCS","6137154","2018-03-04 18:00","2018","03","04","18:00","-0.7","","-6.9","","63","","0.0","","35","","14","","","","100.61","","","","-5","","NA"
"-81.88","42.45","RIDGETOWN RCS","6137154","2018-03-04 19:00","2018","03","04","19:00","-1.9","","-6.5","","71","","0.0","","34","","16","","","","100.59","","","","-7","","NA"
"-81.88","42.45","RIDGETOWN RCS","6137154","2018-03-04 20:00","2018","03","04","20:00","-2.6","","-6.3","","76","","0.0","","34","","12","","","","100.60","","","","-7","","NA"
"-81.88","42.45","RIDGETOWN RCS","6137154","2018-03-04 21:00","2018","03","04","21:00","-3.0","","-6.6","","76","","0.0","","35","","10","","","","100.54","","","","-7","","NA"
"-81.88","42.45","RIDGETOWN RCS","6137154","2018-03-04 22:00","2018","03","04","22:00","-3.4","","-6.6","","78","","0.0","","34","","11","","","","100.54","","","","-8","","NA"
"-81.88","42.45","RIDGETOWN RCS","6137154","2018-03-04 23:00","2018","03","04","23:00","-3.6","","-6.9","","78","","0.0","","34","","8","","","","100.55","","","","-7","","NA"
"-81.88","42.45","RIDGETOWN RCS","6137154","2018-03-05 00:00","2018","03","05","00:00","-3.9","","-8.2","","72","","0.0","","3","","8","","","","100.50","","","","-7","","NA"
"-81.88","42.45","RIDGETOWN RCS","6137154","2018-03-05 01:00","2018","03","05","01:00","-4.9","","-8.9","","74","","0.0","","36","","5","","","","100.48","","","","-7","","NA"
"-81.88","42.45","RIDGETOWN RCS","6137154","2018-03-05 02:00","2018","03","05","02:00","-5.3","","-10.0","","69","","0.0","","34","","5","","","","100.48","","","","-8","","NA"
"-81.88","42.45","RIDGETOWN RCS","6137154","2018-03-05 03:00","2018","03","05","03:00","-6.2","","-9.9","","75","","0.0","","1","","3","","","","100.40","","","","-8","","NA"
"-81.88","42.45","RIDGETOWN RCS","6137154","2018-03-05 04:00","2018","03","05","04:00","-6.1","","-9.8","","75","","0.0","","4","","5","","","","100.33","","","","-9","","NA"
"-81.88","42.45","RIDGETOWN RCS","6137154","2018-03-05 05:00","2018","03","05","05:00","-6.3","","-10.0","","75","","0.0","","3","","5","","","","100.24","","","","-9","","NA"
"-81.88","42.45","RIDGETOWN RCS","6137154","2018-03-05 06:00","2018","03","05","06:00","-7.0","","-10.0","","79","","0.0","","2","","2","","","","100.18","","","","-8","","NA"
"-81.88","42.45","RIDGETOWN RCS","6137154","2018-03-05 07:00","2018","03","05","07:00","-6.6","","-9.9","","78","","0.0","","3","","7","","","","100.18","","","","-10","","NA"
"-81.88","42.45","RIDGETOWN RCS","6137154","2018-03-05 08:00","2018","03","05","08:00","-4.8","","-10.2","","66","","0.0","","13","","3","","","","100.28","","","","-6","","NA"
"-81.88","42.45","RIDGETOWN RCS","6137154","2018-03-05 09:00","2018","03","05","09:00","-3.6","","-9.9","","62","","0.0","","34","","5","","","","100.33","","","","-6","","NA"
"-81.88","42.45","RIDGETOWN RCS","6137154","2018-03-05 10:00","2018","03","05","10:00","-2.7","","-10.0","","57","","0.0","","5","","5","","","","100.30","","","","-5","","NA"
"-81.88","42.45","RIDGETOWN RCS","6137154","2018-03-05 11:00","2018","03","05","11:00","-1.6","","-9.4","","55","","0.0","","3","","7","","","","100.21","","","","-4","","NA"
"-81.88","42.45","RIDGETOWN RCS","6137154","2018-03-05 12:00","2018","03","05","12:00","-0.3","","-8.3","","55","","0.0","","4","","6","","","","100.16","","","","-2","","NA"
"-81.88","42.45","RIDGETOWN RCS","6137154","2018-03-05 13:00","2018","03","05","13:00","0.9","","-7.2","","55","","0.0","","3","","7","","","","100.05","","","","","","NA"
"-81.88","42.45","RIDGETOWN RCS","6137154","2018-03-05 14:00","2018","03","05","14:00","1.6","","-7.4","","51","","0.0","","6","","10","","","","99.93","","","","","","NA"
"-81.88","42.45","RIDGETOWN RCS","6137154","2018-03-05 15:00","2018","03","05","15:00","2.3","","-6.2","","53","","0.0","","6","","10","","","","99.88","","","","","","NA"
"-81.88","42.45","RIDGETOWN RCS","6137154","2018-03-05 16:00","2018","03","05","16:00","1.7","","-2.8","","72","","0.0","","19","","10","","","","99.77","","","","","","NA"
"-81.88","42.45","RIDGETOWN RCS","6137154","2018-03-05 17:00","2018","03","05","17:00","0.2","","-3.8","","75","","0.0","","20","","11","","","","99.72","","","","","","NA"
"-81.88","42.45","RIDGETOWN RCS","6137154","2018-03-05 18:00","2018","03","05","18:00","-0.9","","-4.1","","79","","0.0","","12","","11","","","","99.67","","","","-5","","NA"
"-81.88","42.45","RIDGETOWN RCS","6137154","2018-03-05 19:00","2018","03","05","19:00","-1.3","","-4.2","","81","","0.0","","13","","5","","","","99.66","","","","-3","","NA"
"-81.88","42.45","RIDGETOWN RCS","6137154","2018-03-05 20:00","2018","03","05","20:00","-1.6","","-4.4","","81","","0.0","","9","","9","","","","99.60","","","","-5","","NA"
"-81.88","42.45","RIDGETOWN RCS","6137154","2018-03-05 21:00","2018","03","05","21:00","-1.8","","-4.2","","83","","0.0","","9","","8","","","","99.57","","","","-5","","NA"
"-81.88","42.45","RIDGETOWN RCS","6137154","2018-03-05 22:00","2018","03","05","22:00","-1.6","","-3.8","","85","","0.0","","10","","10","","","","99.54","","","","-5","","NA"
"-81.88","42.45","RIDGETOWN RCS","6137154","2018-03-05 23:00","2018","03","05","23:00","-1.7","","-4.2","","83","","0.0","","9","","9","","","","99.45","","","","-5","","NA"
"-81.88","42.45","RIDGETOWN RCS","6137154","2018-03-06 00:00","2018","03","06","00:00","-1.5","","-4.1","","83","","0.0","","8","","11","","","","99.43","","","","-5","","NA"
"-81.88","42.45","RIDGETOWN RCS","6137154","2018-03-06 01:00","2018","03","06","01:00","-1.2","","-3.9","","82","","0.0","","7","","16","","","","99.29","","","","-6","","NA"
"-81.88","42.45","RIDGETOWN RCS","6137154","2018-03-06 02:00","2018","03","06","02:00","-1.1","","-3.5","","83","","0.0","","8","","18","","","","99.19","","","","-6","","NA"
"-81.88","42.45","RIDGETOWN RCS","6137154","2018-03-06 03:00","2018","03","06","03:00","-1.2","","-3.3","","86","","0.0","","8","","19","","","","99.08","","","","-7","","NA"
"-81.88","42.45","RIDGETOWN RCS","6137154","2018-03-06 04:00","2018","03","06","04:00","-1.1","","-3.0","","87","","0.0","","9","","18","","","","98.96","","","","-6","","NA"
"-81.88","42.45","RIDGETOWN RCS","6137154","2018-03-06 05:00","2018","03","06","05:00","-0.9","","-3.1","","85","","0.0","","9","","20","","","","98.86","","","","-6","","NA"
"-81.88","42.45","RIDGETOWN RCS","6137154","2018-03-06 06:00","2018","03","06","06:00","-0.7","","-3.5","","82","","0.1","","9","","19","","","","98.82","","","","-6","","NA"
"-81.88","42.45","RIDGETOWN RCS","6137154","2018-03-06 07:00","2018","03","06","07:00","-0.7","","-3.7","","80","","0.0","","9","","19","","","","98.75","","","","-6","","NA"
"-81.88","42.45","RIDGETOWN RCS","6137154","2018-03-06 08:00","2018","03","06","08:00","-0.8","","-3.8","","80","","0.0","","9","","21","","","","98.72","","","","-6","","NA"
"-81.88","42.45","RIDGETOWN RCS","6137154","2018-03-06 09:00","2018","03","06","09:00","-0.8","","-3.9","","80","","0.1","","10","","21","","","","98.59","","","","-6","","NA"
"-81.88","42.45","RIDGETOWN RCS","6137154","2018-03-06 10:00","2018","03","06","10:00","-0.6","","-3.6","","80","","0.0","","10","","24","","","","98.49","","","","-7","","NA"
"-81.88","42.45","RIDGETOWN RCS","6137154","2018-03-06 11:00","2018","03","06","11:00","-0.8","","-3.8","","81","","0.0","","11","","20","","","","98.47","","","","-6","","NA"
"-81.88","42.45","RIDGETOWN RCS","6137154","2018-03-06 12:00","2018","03","06","12:00","-0.5","","-3.3","","81","","0.0","","10","","20","","","","98.39","","","","-6","","NA"
"-81.88","42.45","RIDGETOWN RCS","6137154","2018-03-06 13:00","2018","03","06","13:00","-0.1","","-3.1","","81","","0.0","","14","","20","","","","98.32","","","","-5","","NA"
"-81.88","42.45","RIDGETOWN RCS","6137154","2018-03-06 14:00","2018","03","06","14:00","-0.2","","-2.5","","85","","0.0","","11","","14","","","","98.30","","","","-4","","NA"
"-81.88","42.45","RIDGETOWN RCS","6137154","2018-03-06 15:00","2018","03","06","15:00","1.1","","-1.5","","82","","0.0","","10","","18","","","","98.25","","","","","","NA"
"-81.88","42.45","RIDGETOWN RCS","6137154","2018-03-06 16:00","2018","03","06","16:00","1.2","","-1.4","","83","","0.0","","22","","14","","","","98.28","","","","","","NA"
"-81.88","42.45","RIDGETOWN RCS","6137154","2018-03-06 17:00","2018","03","06","17:00","0.7","","-1.9","","83","","0.0","","10","","15","","","","98.27","","","","","","NA"
"-81.88","42.45","RIDGETOWN RCS","6137154","2018-03-06 18:00","2018","03","06","18:00","-0.5","","-2.2","","88","","0.0","","13","","13","","","","98.29","","","","-5","","NA"
"-81.88","42.45","RIDGETOWN RCS","6137154","2018-03-06 19:00","2018","03","06","19:00","-0.9","","-2.3","","91","","0.0","","7","","10","","","","98.28","","","","-4","","NA"
"-81.88","42.45","RIDGETOWN RCS","6137154","2018-03-06 20:00","2018","03","06","20:00","-0.7","","-2.0","","91","","0.0","","9","","15","","","","98.25","","","","-5","","NA"
"-81.88","42.45","RIDGETOWN RCS","6137154","2018-03-06 21:00","2018","03","06","21:00","-0.4","","-1.7","","91","","0.0","","3","","7","","","","98.28","","","","-3","","NA"
"-81.88","42.45","RIDGETOWN RCS","6137154","2018-03-06 22:00","2018","03","06","22:00","-0.3","","-1.7","","91","","0.0","","3","","3","","","","98.29","","","","-1","","NA"
"-81.88","42.45","RIDGETOWN RCS","6137154","2018-03-06 23:00","2018","03","06","23:00","-0.9","","-2.0","","92","","0.1","","4","","6","","","","98.23","","","","-3","","NA"
"-81.88","42.45","RIDGETOWN RCS","6137154","2018-03-07 00:00","2018","03","07","00:00","-0.4","","-1.3","","94","","0.0","","8","","12","","","","98.14","","","","-4","","NA"
"-81.88","42.45","RIDGETOWN RCS","6137154","2018-03-07 01:00","2018","03","07","01:00","-0.5","","-1.6","","92","","0.0","","8","","10","","","","98.08","","","","-4","","NA"
"-81.88","42.45","RIDGETOWN RCS","6137154","2018-03-07 02:00","2018","03","07","02:00","-0.1","","-1.7","","89","","0.0","","10","","18","","","","97.99","","","","-5","","NA"
"-81.88","42.45","RIDGETOWN RCS","6137154","2018-03-07 03:00","2018","03","07","03:00","-0.3","","-1.4","","92","","0.1","","14","","8","","","","98.02","","","","-3","","NA"
"-81.88","42.45","RIDGETOWN RCS","6137154","2018-03-07 04:00","2018","03","07","04:00","-0.2","","-0.9","","95","","0.2","","11","","8","","","","97.99","","","","-3","","NA"
"-81.88","42.45","RIDGETOWN RCS","6137154","2018-03-07 05:00","2018","03","07","05:00","0.2","","-0.4","","96","","0.1","","15","","8","","","","97.98","","","","","","NA"
"-81.88","42.45","RIDGETOWN RCS","6137154","2018-03-07 06:00","2018","03","07","06:00","0.4","","-0.4","","95","","0.0","","20","","8","","","","97.99","","","","","","NA"
"-81.88","42.45","RIDGETOWN RCS","6137154","2018-03-07 07:00","2018","03","07","07:00","-0.5","","-1.1","","95","","0.0","","21","","7","","","","98.01","","","","-3","","NA"
"-81.88","42.45","RIDGETOWN RCS","6137154","2018-03-07 08:00","2018","03","07","08:00","0.5","","-0.1","","96","","0.0","","28","","8","","","","98.03","","","","","","NA"
"-81.88","42.45","RIDGETOWN RCS","6137154","2018-03-07 09:00","2018","03","07","09:00","1.3","","-0.1","","90","","0.0","","30","","10","","","","98.03","","","","","","NA"
"-81.88","42.45","RIDGETOWN RCS","6137154","2018-03-07 10:00","2018","03","07","10:00","1.7","","-0.1","","88","","0.0","","28","","16","","","","98.06","","","","","","NA"
"-81.88","42.45","RIDGETOWN RCS","6137154","2018-03-07 11:00","2018","03","07","11:00","1.4","","0.1","","91","","0.0","","24","","17","","","","98.08","","","","","","NA"
"-81.88","42.45","RIDGETOWN RCS","6137154","2018-03-07 12:00","2018","03","07","12:00","2.1","","0.6","","90","","0.0","","21","","21","","","","98.10","","","","","","NA"
"-81.88","42.45","RIDGETOWN RCS","6137154","2018-03-07 13:00","2018","03","07","13:00","0.8","","-0.4","","92","","0.6","","24","","15","","","","98.10","","","","","","NA"
"-81.88","42.45","RIDGETOWN RCS","6137154","2018-03-07 14:00","2018","03","07","14:00","0.7","","-0.2","","94","","0.3","","25","","9","","","","98.13","","","","","","NA"
"-81.88","42.45","RIDGETOWN RCS","6137154","2018-03-07 15:00","2018","03","07","15:00","1.3","","-0.8","","86","","0.0","","29","","14","","","","98.16","","","","","","NA"
"-81.88","42.45","RIDGETOWN RCS","6137154","2018-03-07 16:00","2018","03","07","16:00","0.2","","-1.5","","88","","0.1","","29","","22","","","","98.26","","","","","","NA"
"-81.88","42.45","RIDGETOWN RCS","6137154","2018-03-07 17:00","2018","03","07","17:00","-0.7","","-1.7","","93","","0.2","","27","","21","","","","98.36","","","","-6","","NA"
"-81.88","42.45","RIDGETOWN RCS","6137154","2018-03-07 18:00","2018","03","07","18:00","-1.3","","-2.2","","93","","0.4","","28","","21","","","","98.47","","","","-7","","NA"
"-81.88","42.45","RIDGETOWN RCS","6137154","2018-03-07 19:00","2018","03","07","19:00","-1.5","","-3.2","","89","","0.2","","28","","19","","","","98.57","","","","-7","","NA"
"-81.88","42.45","RIDGETOWN RCS","6137154","2018-03-07 20:00","2018","03","07","20:00","-1.6","","-3.7","","85","","0.0","","27","","18","","","","98.62","","","","-7","","NA"
"-81.88","42.45","RIDGETOWN RCS","6137154","2018-03-07 21:00","2018","03","07","21:00","-2.0","","-4.4","","84","","0.0","","28","","22","","","","98.67","","","","-8","","NA"
"-81.88","42.45","RIDGETOWN RCS","6137154","2018-03-07 22:00","2018","03","07","22:00","-2.5","","-6.0","","76","","0.0","","29","","26","","","","98.69","","","","-9","","NA"
"-81.88","42.45","RIDGETOWN RCS","6137154","2018-03-07 23:00","2018","03","07","23:00","-2.5","","-6.6","","73","","0.0","","28","","20","","","","98.69","","","","-8","","NA"
"-81.88","42.45","RIDGETOWN RCS","6137154","2018-03-08 00:00","2018","03","08","00:00","-3.5","","-7.2","","76","","0.0","","28","","14","","","","98.69","","","","-9","","NA"
"-81.88","42.45","RIDGETOWN RCS","6137154","2018-03-08 01:00","2018","03","08","01:00","-4.4","","-8.2","","74","","0.0","","28","","12","","","","98.66","","","","-9","","NA"
"-81.88","42.45","RIDGETOWN RCS","6137154","2018-03-08 02:00","2018","03","08","02:00","-4.3","","-9.9","","65","","0.0","","28","","17","","","","98.65","","","","-10","","NA"
"-81.88","42.45","RIDGETOWN RCS","6137154","2018-03-08 03:00","2018","03","08","03:00","-4.8","","-9.4","","70","","0.0","","27","","12","","","","98.59","","","","-10","","NA"
"-81.88","42.45","RIDGETOWN RCS","6137154","2018-03-08 04:00","2018","03","08","04:00","-4.6","","-9.3","","70","","0.0","","26","","11","","","","98.56","","","","-9","","NA"
"-81.88","42.45","RIDGETOWN RCS","6137154","2018-03-08 05:00","2018","03","08","05:00","-5.0","","-9.6","","70","","0.0","","26","","11","","","","98.54","","","","-10","","NA"
"-81.88","42.45","RIDGETOWN RCS","6137154","2018-03-08 06:00","2018","03","08","06:00","-4.7","","-9.3","","70","","0.0","","25","","15","","","","98.53","","","","-10","","NA"
"-81.88","42.45","RIDGETOWN RCS","6137154","2018-03-08 07:00","2018","03","08","07:00","-4.6","","-8.8","","72","","0.0","","25","","16","","","","98.51","","","","-10","","NA"
"-81.88","42.45","RIDGETOWN RCS","6137154","2018-03-08 08:00","2018","03","08","08:00","-4.2","","-7.7","","77","","0.0","","24","","18","","","","98.49","","","","-10","","NA"
"-81.88","42.45","RIDGETOWN RCS","6137154","2018-03-08 09:00","2018","03","08","09:00","-4.0","","-6.3","","84","","0.0","","24","","19","","","","98.47","","","","-10","","NA"
"-81.88","42.45","RIDGETOWN RCS","6137154","2018-03-08 10:00","2018","03","08","10:00","-3.6","","-6.0","","83","","0.0","","26","","18","","","","98.48","","","","-9","","NA"
"-81.88","42.45","RIDGETOWN RCS","6137154","2018-03-08 11:00","2018","03","08","11:00","-3.1","","-5.3","","85","","0.0","","25","","18","","","","98.44","","","","-9","","NA"
"-81.88","42.45","RIDGETOWN RCS","6137154","2018-03-08 12:00","2018","03","08","12:00","-2.8","","-5.3","","83","","0.0","","25","","21","","","","98.42","","","","-9","","NA"
"-81.88","42.45","RIDGETOWN RCS","6137154","2018-03-08 13:00","2018","03","08","13:00","-2.2","","-4.7","","84","","0.0","","25","","19","","","","98.38","","","","-8","","NA"
"-81.88","42.45","RIDGETOWN RCS","6137154","2018-03-08 14:00","2018","03","08","14:00","-1.7","","-3.6","","86","","0.3","","26","","16","","","","98.34","","","","-7","","NA"
"-81.88","42.45","RIDGETOWN RCS","6137154","2018-03-08 15:00","2018","03","08","15:00","-1.4","","-3.1","","88","","0.3","","26","","16","","","","98.33","","","","-6","","NA"
"-81.88","42.45","RIDGETOWN RCS","6137154","2018-03-08 16:00","2018","03","08","16:00","-1.4","","-2.7","","91","","0.5","","26","","17","","","","98.33","","","","-7","","NA"
"-81.88","42.45","RIDGETOWN RCS","6137154","2018-03-08 17:00","2018","03","08","17:00","-1.4","","-2.4","","93","","0.5","","27","","16","","","","98.36","","","","-6","","NA"
"-81.88","42.45","RIDGETOWN RCS","6137154","2018-03-08 18:00","2018","03","08","18:00","-1.4","","-2.2","","94","","0.6","","27","","15","","","","98.42","","","","-6","","NA"
"-81.88","42.45","RIDGETOWN RCS","6137154","2018-03-08 19:00","2018","03","08","19:00","-1.2","","-2.3","","92","","0.2","","28","","18","","","","98.47","","","","-6","","NA"
"-81.88","42.45","RIDGETOWN RCS","6137154","2018-03-08 20:00","2018","03","08","20:00","-1.3","","-3.0","","88","","0.4","","28","","26","","","","98.50","","","","-8","","NA"
"-81.88","42.45","RIDGETOWN RCS","6137154","2018-03-08 21:00","2018","03","08","21:00","-1.5","","-2.9","","90","","0.2","","28","","25","","","","98.52","","","","-8","","NA"
"-81.88","42.45","RIDGETOWN RCS","6137154","2018-03-08 22:00","2018","03","08","22:00","-1.5","","-3.0","","90","","0.1","","29","","22","","","","98.54","","","","-7","","NA"
"-81.88","42.45","RIDGETOWN RCS","6137154","2018-03-08 23:00","2018","03","08","23:00","-1.5","","-2.9","","90","","0.1","","28","","20","","","","98.55","","","","-7","","NA"
"-81.88","42.45","RIDGETOWN RCS","6137154","2018-03-09 00:00","2018","03","09","00:00","-1.4","","-3.1","","88","","0.1","","29","","20","","","","98.56","","","","-7","","NA"
"-81.88","42.45","RIDGETOWN RCS","6137154","2018-03-09 01:00","2018","03","09","01:00","-1.5","","-3.6","","85","","0.0","","29","","19","","","","98.58","","","","-7","","NA"
"-81.88","42.45","RIDGETOWN RCS","6137154","2018-03-09 02:00","2018","03","09","02:00","-1.9","","-4.4","","83","","0.0","","29","","16","","","","98.60","","","","-7","","NA"
"-81.88","42.45","RIDGETOWN RCS","6137154","2018-03-09 03:00","2018","03","09","03:00","-2.3","","-4.9","","82","","0.0","","29","","17","","","","98.58","","","","-8","","NA"
"-81.88","42.45","RIDGETOWN RCS","6137154","2018-03-09 04:00","2018","03","09","04:00","-1.9","","-4.2","","85","","0.0","","28","","16","","","","98.63","","","","-7","","NA"
"-81.88","42.45","RIDGETOWN RCS","6137154","2018-03-09 05:00","2018","03","09","05:00","-2.0","","-4.6","","82","","0.0","","28","","17","","","","98.66","","","","-7","","NA"
"-81.88","42.45","RIDGETOWN RCS","6137154","2018-03-09 06:00","2018","03","09","06:00","-3.5","","-5.8","","84","","0.0","","28","","12","","","","98.69","","","","-8","","NA"
"-81.88","42.45","RIDGETOWN RCS","6137154","2018-03-09 07:00","2018","03","09","07:00","-3.5","","-5.5","","86","","0.0","","28","","11","","","","98.74","","","","-8","","NA"
"-81.88","42.45","RIDGETOWN RCS","6137154","2018-03-09 08:00","2018","03","09","08:00","-2.4","","-5.0","","82","","0.0","","28","","15","","","","98.74","","","","-7","","NA"
"-81.88","42.45","RIDGETOWN RCS","6137154","2018-03-09 09:00","2018","03","09","09:00","-1.7","","-4.4","","82","","0.0","","28","","14","","","","98.75","","","","-6","","NA"
"-81.88","42.45","RIDGETOWN RCS","6137154","2018-03-09 10:00","2018","03","09","10:00","-1.4","","-4.1","","82","","0.0","","31","","14","","","","98.77","","","","-6","","NA"
"-81.88","42.45","RIDGETOWN RCS","6137154","2018-03-09 11:00","2018","03","09","11:00","-1.1","","-4.9","","75","","0.0","","30","","18","","","","98.79","","","","-6","","NA"
"-81.88","42.45","RIDGETOWN RCS","6137154","2018-03-09 12:00","2018","03","09","12:00","-0.6","","-4.2","","77","","0.0","","29","","15","","","","98.78","","","","-5","","NA"
"-81.88","42.45","RIDGETOWN RCS","6137154","2018-03-09 13:00","2018","03","09","13:00","-0.1","","-4.9","","70","","0.0","","28","","19","","","","98.78","","","","-5","","NA"
"-81.88","42.45","RIDGETOWN RCS","6137154","2018-03-09 14:00","2018","03","09","14:00","-0.8","","-4.8","","74","","0.0","","29","","20","","","","98.79","","","","-6","","NA"
"-81.88","42.45","RIDGETOWN RCS","6137154","2018-03-09 15:00","2018","03","09","15:00","-0.3","","-4.4","","74","","0.0","","28","","15","","","","98.81","","","","-5","","NA"
"-81.88","42.45","RIDGETOWN RCS","6137154","2018-03-09 16:00","2018","03","09","16:00","0.2","","-5.6","","65","","0.2","","28","","14","","","","98.84","","","","","","NA"
"-81.88","42.45","RIDGETOWN RCS","6137154","2018-03-09 17:00","2018","03","09","17:00","0.2","","-5.4","","66","","0.0","","30","","14","","","","98.90","","","","","","NA"
"-81.88","42.45","RIDGETOWN RCS","6137154","2018-03-09 18:00","2018","03","09","18:00","-0.5","","-4.9","","72","","0.0","","31","","6","","","","98.94","","","","-3","","NA"
"-81.88","42.45","RIDGETOWN RCS","6137154","2018-03-09 19:00","2018","03","09","19:00","-1.9","","-5.7","","75","","0.0","","27","","2","","","","98.97","","","","-3","","NA"
"-81.88","42.45","RIDGETOWN RCS","6137154","2018-03-09 20:00","2018","03","09","20:00","-4.0","","-6.0","","86","","0.0","","24","","4","","","","99.01","","","","-6","","NA"
"-81.88","42.45","RIDGETOWN RCS","6137154","2018-03-09 21:00","2018","03","09","21:00","-3.8","","-6.1","","84","","0.0","","22","","6","","","","99.04","","","","-6","","NA"
"-81.88","42.45","RIDGETOWN RCS","6137154","2018-03-09 22:00","2018","03","09","22:00","-2.7","","-4.7","","86","","0.0","","22","","6","","","","99.06","","","","-5","","NA"
"-81.88","42.45","RIDGETOWN RCS","6137154","2018-03-09 23:00","2018","03","09","23:00","-1.5","","-5.3","","75","","0.0","","26","","6","","","","99.09","","","","-4","","NA"
"-81.88","42.45","RIDGETOWN RCS","6137154","2018-03-10 00:00","2018","03","10","00:00","-1.5","","-5.4","","75","","0.0","","25","","6","","","","99.09","","","","-4","","NA"
"-81.88","42.45","RIDGETOWN RCS","6137154","2018-03-10 01:00","2018","03","10","01:00","-1.8","","-4.5","","82","","0.0","","27","","5","","","","99.11","","","","-4","","NA"
"-81.88","42.45","RIDGETOWN RCS","6137154","2018-03-10 02:00","2018","03","10","02:00","-1.5","","-5.2","","76","","0.0","","30","","10","","","","99.14","","","","-5","","NA"
"-81.88","42.45","RIDGETOWN RCS","6137154","2018-03-10 03:00","2018","03","10","03:00","-2.3","","-4.7","","84","","0.0","","27","","3","","","","99.12","","","","-3","","NA"
"-81.88","42.45","RIDGETOWN RCS","6137154","2018-03-10 04:00","2018","03","10","04:00","-2.5","","-4.6","","85","","0.0","","28","","5","","","","99.11","","","","-4","","NA"
"-81.88","42.45","RIDGETOWN RCS","6137154","2018-03-10 05:00","2018","03","10","05:00","-2.6","","-4.9","","84","","0.0","","29","","4","","","","99.16","","","","-4","","NA"
"-81.88","42.45","RIDGETOWN RCS","6137154","2018-03-10 06:00","2018","03","10","06:00","-2.9","","-5.7","","81","","0.0","","30","","6","","","","99.21","","","","-5","","NA"
"-81.88","42.45","RIDGETOWN RCS","6137154","2018-03-10 07:00","2018","03","10","07:00","-2.8","","-6.9","","73","","0.0","","32","","6","","","","99.27","","","","-5","","NA"
"-81.88","42.45","RIDGETOWN RCS","6137154","2018-03-10 08:00","2018","03","10","08:00","-2.3","","-6.4","","73","","0.0","","29","","5","","","","99.32","","","","-4","","NA"
"-81.88","42.45","RIDGETOWN RCS","6137154","2018-03-10 09:00","2018","03","10","09:00","-1.2","","-6.7","","66","","0.0","","29","","8","","","","99.34","","","","-4","","NA"
"-81.88","42.45","RIDGETOWN RCS","6137154","2018-03-10 10:00","2018","03","10","10:00","-0.7","","-7.3","","61","","0.0","","30","","12","","","","99.38","","","","-5","","NA"
"-81.88","42.45","RIDGETOWN RCS","6137154","2018-03-10 11:00","2018","03","10","11:00","-0.3","","-8.5","","54","","0.0","","29","","11","","","","99.40","","","","-4","","NA"
"-81.88","42.45","RIDGETOWN RCS","6137154","2018-03-10 12:00","2018","03","10","12:00","-1.1","","-7.0","","64","","0.0","","32","","9","","","","99.41","","","","-4","","NA"
"-81.88","42.45","RIDGETOWN RCS","6137154","2018-03-10 13:00","2018","03","10","13:00","-0.5","","-8.1","","56","","0.0","","32","","9","","","","99.40","","","","-4","","NA"
"-81.88","42.45","RIDGETOWN RCS","6137154","2018-03-10 14:00","2018","03","10","14:00","-0.6","","-7.6","","59","","0.0","","32","","10","","","","99.38","","","","-4","","NA"
"-81.88","42.45","RIDGETOWN RCS","6137154","2018-03-10 15:00","2018","03","10","15:00","-0.6","","-7.0","","62","","0.0","","33","","11","","","","99.39","","","","-4","","NA"
"-81.88","42.45","RIDGETOWN RCS","6137154","2018-03-10 16:00","2018","03","10","16:00","-0.8","","-8.2","","57","","0.0","","32","","10","","","","99.41","","","","-4","","NA"
"-81.88","42.45","RIDGETOWN RCS","6137154","2018-03-10 17:00","2018","03","10","17:00","-1.0","","-8.5","","57","","0.0","","34","","10","","","","99.44","","","","-5","","NA"
"-81.88","42.45","RIDGETOWN RCS","6137154","2018-03-10 18:00","2018","03","10","18:00","-1.3","","-7.8","","61","","0.0","","31","","8","","","","99.49","","","","-4","","NA"
"-81.88","42.45","RIDGETOWN RCS","6137154","2018-03-10 19:00","2018","03","10","19:00","-1.9","","-7.8","","64","","0.0","","34","","3","","","","99.56","","","","-3","","NA"
"-81.88","42.45","RIDGETOWN RCS","6137154","2018-03-10 20:00","2018","03","10","20:00","-2.9","","-8.0","","68","","0.0","","30","","1","","","","99.62","","","","-3","","NA"
"-81.88","42.45","RIDGETOWN RCS","6137154","2018-03-10 21:00","2018","03","10","21:00","-2.1","","-6.3","","73","","0.0","","35","","4","","","","99.69","","","","-4","","NA"
"-81.88","42.45","RIDGETOWN RCS","6137154","2018-03-10 22:00","2018","03","10","22:00","-2.3","","-5.8","","77","","0.0","","36","","3","","","","99.70","","","","-3","","NA"
"-81.88","42.45","RIDGETOWN RCS","6137154","2018-03-10 23:00","2018","03","10","23:00","-2.6","","-5.7","","79","","0.0","","36","","2","","","","99.72","","","","-3","","NA"
"-81.88","42.45","RIDGETOWN RCS","6137154","2018-03-11 00:00","2018","03","11","00:00","-2.7","","-5.3","","82","","0.0","","2","","2","","","","99.70","","","","-3","","NA"
"-81.88","42.45","RIDGETOWN RCS","6137154","2018-03-11 01:00","2018","03","11","01:00","-3.2","","-5.0","","88","","0.0","","24","","2","","","","99.71","","","","-4","","NA"
"-81.88","42.45","RIDGETOWN RCS","6137154","2018-03-11 02:00","2018","03","11","02:00","-3.1","","-4.9","","88","","0.0","","0","","1","","","","99.72","","","","-4","","NA"
"-81.88","42.45","RIDGETOWN RCS","6137154","2018-03-11 03:00","2018","03","11","03:00","-3.0","","-4.8","","87","","0.0","","25","","3","","","","99.71","","","","-4","","NA"
"-81.88","42.45","RIDGETOWN RCS","6137154","2018-03-11 04:00","2018","03","11","04:00","-3.0","","-4.5","","89","","0.0","","30","","1","","","","99.66","","","","-3","","NA"
"-81.88","42.45","RIDGETOWN RCS","6137154","2018-03-11 05:00","2018","03","11","05:00","-3.6","","-4.9","","91","","0.0","","28","","1","","","","99.69","","","","-4","","NA"
"-81.88","42.45","RIDGETOWN RCS","6137154","2018-03-11 06:00","2018","03","11","06:00","-3.9","","-4.6","","95","","0.0","","0","","1","","","","99.75","","","","-4","","NA"
"-81.88","42.45","RIDGETOWN RCS","6137154","2018-03-11 07:00","2018","03","11","07:00","-3.2","","-4.2","","93","","0.0","","23","","2","","","","99.79","","","","-4","","NA"
"-81.88","42.45","RIDGETOWN RCS","6137154","2018-03-11 08:00","2018","03","11","08:00","-2.8","","-4.3","","89","","0.0","","27","","2","","","","99.84","","","","-4","","NA"
"-81.88","42.45","RIDGETOWN RCS","6137154","2018-03-11 09:00","2018","03","11","09:00","-2.1","","-4.8","","82","","0.0","","30","","3","","","","99.87","","","","-3","","NA"
"-81.88","42.45","RIDGETOWN RCS","6137154","2018-03-11 10:00","2018","03","11","10:00","-1.2","","-5.0","","75","","0.0","","32","","5","","","","99.87","","","","-3","","NA"
"-81.88","42.45","RIDGETOWN RCS","6137154","2018-03-11 11:00","2018","03","11","11:00","-0.6","","-6.7","","63","","0.0","","1","","6","","","","99.86","","","","-3","","NA"
"-81.88","42.45","RIDGETOWN RCS","6137154","2018-03-11 12:00","2018","03","11","12:00","-0.5","","-6.8","","62","","0.0","","33","","4","","","","99.84","","","","-2","","NA"
"-81.88","42.45","RIDGETOWN RCS","6137154","2018-03-11 13:00","2018","03","11","13:00","-0.2","","-7.0","","60","","0.0","","35","","8","","","","99.81","","","","-3","","NA"
"-81.88","42.45","RIDGETOWN RCS","6137154","2018-03-11 14:00","2018","03","11","14:00","0.0","","-7.3","","58","","0.0","","34","","9","","","","99.75","","","","-3","","NA"
"-81.88","42.45","RIDGETOWN RCS","6137154","2018-03-11 15:00","2018","03","11","15:00","0.1","","-6.6","","60","","0.0","","36","","9","","","","99.73","","","","","","NA"
"-81.88","42.45","RIDGETOWN RCS","6137154","2018-03-11 16:00","2018","03","11","16:00","-0.2","","-6.4","","63","","0.0","","1","","6","","","","99.70","","","","-2","","NA"
"-81.88","42.45","RIDGETOWN RCS","6137154","2018-03-11 17:00","2018","03","11","17:00","-0.2","","-6.7","","61","","0.0","","3","","8","","","","99.69","","","","-3","","NA"
"-81.88","42.45","RIDGETOWN RCS","6137154","2018-03-11 18:00","2018","03","11","18:00","-1.0","","-7.0","","63","","0.0","","10","","10","","","","99.71","","","","-5","","NA"
"-81.88","42.45","RIDGETOWN RCS","6137154","2018-03-11 19:00","2018","03","11","19:00","-2.2","","-6.9","","70","","0.0","","5","","5","","","","99.68","","","","-4","","NA"
"-81.88","42.45","RIDGETOWN RCS","6137154","2018-03-11 20:00","2018","03","11","20:00","-3.1","","-7.4","","73","","0.0","","4","","4","","","","99.66","","","","-5","","NA"
"-81.88","42.45","RIDGETOWN RCS","6137154","2018-03-11 21:00","2018","03","11","21:00","-3.9","","-7.1","","78","","0.0","","13","","1","","","","99.68","","","","-4","","NA"
"-81.88","42.45","RIDGETOWN RCS","6137154","2018-03-11 22:00","2018","03","11","22:00","-5.1","","-6.8","","88","","0.0","","","","0","","","","99.66","","","","","","NA"
"-81.88","42.45","RIDGETOWN RCS","6137154","2018-03-11 23:00","2018","03","11","23:00","-5.8","","-7.0","","92","","0.0","","16","","2","","","","99.64","","","","-7","","NA"
"-81.88","42.45","RIDGETOWN RCS","6137154","2018-03-12 00:00","2018","03","12","00:00","-6.3","","-7.4","","92","","0.0","","8","","2","","","","99.57","","","","-7","","NA"
"-81.88","42.45","RIDGETOWN RCS","6137154","2018-03-12 01:00","2018","03","12","01:00","-6.9","","-7.9","","92","","0.0","","0","","1","","","","99.54","","","","-7","","NA"
"-81.88","42.45","RIDGETOWN RCS","6137154","2018-03-12 02:00","2018","03","12","02:00","-7.7","","-8.7","","92","","0.0","","6","","3","","","","99.52","","","","-9","","NA"
"-81.88","42.45","RIDGETOWN RCS","6137154","2018-03-12 03:00","2018","03","12","03:00","-7.7","","-9.1","","89","","0.0","","5","","2","","","","99.42","","","","-9","","NA"
"-81.88","42.45","RIDGETOWN RCS","6137154","2018-03-12 04:00","2018","03","12","04:00","-8.2","","-9.3","","91","","0.0","","4","","1","","","","99.37","","","","-9","","NA"
"-81.88","42.45","RIDGETOWN RCS","6137154","2018-03-12 05:00","2018","03","12","05:00","-8.0","","-8.8","","94","","0.0","","10","","2","","","","99.29","","","","-9","","NA"
"-81.88","42.45","RIDGETOWN RCS","6137154","2018-03-12 06:00","2018","03","12","06:00","-8.2","","-9.1","","93","","0.0","","6","","1","","","","99.25","","","","-9","","NA"
"-81.88","42.45","RIDGETOWN RCS","6137154","2018-03-12 07:00","2018","03","12","07:00","-8.8","","-9.9","","92","","0.0","","0","","1","","","","99.27","","","","-9","","NA"
"-81.88","42.45","RIDGETOWN RCS","6137154","2018-03-12 08:00","2018","03","12","08:00","-5.7","","-7.6","","86","","0.0","","","","0","","","","99.27","","","","","","NA"
"-81.88","42.45","RIDGETOWN RCS","6137154","2018-03-12 09:00","2018","03","12","09:00","-3.8","","-7.0","","79","","0.0","","1","","1","","","","99.24","","","","-4","","NA"
"-81.88","42.45","RIDGETOWN RCS","6137154","2018-03-12 10:00","2018","03","12","10:00","-1.6","","-7.1","","66","","0.0","","5","","5","","","","99.19","","","","-3","","NA"
"-81.88","42.45","RIDGETOWN RCS","6137154","2018-03-12 11:00","2018","03","12","11:00","-0.9","","-7.5","","60","","0.0","","7","","4","","","","99.13","","","","-2","","NA"
"-81.88","42.45","RIDGETOWN RCS","6137154","2018-03-12 12:00","2018","03","12","12:00","-0.9","","-7.0","","63","","0.0","","33","","3","","","","99.09","","","","-2","","NA"
"-81.88","42.45","RIDGETOWN RCS","6137154","2018-03-12 13:00","2018","03","12","13:00","0.3","","-5.5","","65","","0.0","","30","","3","","","","99.04","","","","","","NA"
"-81.88","42.45","RIDGETOWN RCS","6137154","2018-03-12 14:00","2018","03","12","14:00","0.3","","-5.2","","67","","0.0","","31","","2","","","","99.00","","","","","","NA"
"-81.88","42.45","RIDGETOWN RCS","6137154","2018-03-12 15:00","2018","03","12","15:00","-1.8","","-3.2","","90","","0.4","","19","","10","","","","98.99","","","","-5","","NA"
"-81.88","42.45","RIDGETOWN RCS","6137154","2018-03-12 16:00","2018","03","12","16:00","-1.9","","-3.5","","89","","0.3","","17","","9","","","","99.01","","","","-5","","NA"
"-81.88","42.45","RIDGETOWN RCS","6137154","2018-03-12 17:00","2018","03","12","17:00","-1.8","","-3.1","","91","","0.3","","13","","8","","","","99.02","","","","-5","","NA"
"-81.88","42.45","RIDGETOWN RCS","6137154","2018-03-12 18:00","2018","03","12","18:00","-2.2","","-3.4","","92","","0.2","","10","","8","","","","99.06","","","","-5","","NA"
"-81.88","42.45","RIDGETOWN RCS","6137154","2018-03-12 19:00","2018","03","12","19:00","-2.3","","-3.6","","91","","0.1","","0","","1","","","","99.12","","","","-3","","NA"
"-81.88","42.45","RIDGETOWN RCS","6137154","2018-03-12 20:00","2018","03","12","20:00","-2.6","","-3.5","","93","","0.2","","29","","2","","","","99.15","","","","-3","","NA"
"-81.88","42.45","RIDGETOWN RCS","6137154","2018-03-12 21:00","2018","03","12","21:00","-2.7","","-3.5","","94","","0.0","","30","","6","","","","99.16","","","","-5","","NA"
"-81.88","42.45","RIDGETOWN RCS","6137154","2018-03-12 22:00","2018","03","12","22:00","-4.0","","-4.9","","93","","0.0","","31","","4","","","","99.16","","","","-6","","NA"
"-81.88","42.45","RIDGETOWN RCS","6137154","2018-03-12 23:00","2018","03","12","23:00","-5.0","","-5.7","","95","","0.0","","34","","5","","","","99.18","","","","-7","","NA"
"-81.88","42.45","RIDGETOWN RCS","6137154","2018-03-13 00:00","2018","03","13","00:00","-6.6","","-7.4","","94","","0.0","","33","","4","","","","99.14","","","","-9","","NA"
"-81.88","42.45","RIDGETOWN RCS","6137154","2018-03-13 01:00","2018","03","13","01:00","-7.4","","-8.0","","95","","0.0","","34","","4","","","","99.12","","","","-9","","NA"
"-81.88","42.45","RIDGETOWN RCS","6137154","2018-03-13 02:00","2018","03","13","02:00","-7.8","","-8.5","","95","","0.0","","32","","2","","","","99.12","","","","-9","","NA"
"-81.88","42.45","RIDGETOWN RCS","6137154","2018-03-13 03:00","2018","03","13","03:00","-5.2","","-5.9","","95","","0.0","","33","","3","","","","99.08","","","","-7","","NA"
"-81.88","42.45","RIDGETOWN RCS","6137154","2018-03-13 04:00","2018","03","13","04:00","-5.1","","-6.1","","93","","0.0","","33","","5","","","","99.06","","","","-7","","NA"
"-81.88","42.45","RIDGETOWN RCS","6137154","2018-03-13 05:00","2018","03","13","05:00","-6.1","","-7.0","","93","","0.0","","26","","2","","","","99.02","","","","-7","","NA"
"-81.88","42.45","RIDGETOWN RCS","6137154","2018-03-13 06:00","2018","03","13","06:00","-4.6","","-5.4","","94","","0.0","","28","","4","","","","99.04","","","","-6","","NA"
"-81.88","42.45","RIDGETOWN RCS","6137154","2018-03-13 07:00","2018","03","13","07:00","-3.1","","-4.0","","93","","0.0","","27","","5","","","","99.03","","","","-5","","NA"
"-81.88","42.45","RIDGETOWN RCS","6137154","2018-03-13 08:00","2018","03","13","08:00","-2.6","","-3.8","","91","","0.0","","33","","11","","","","99.01","","","","-7","","NA"
"-81.88","42.45","RIDGETOWN RCS","6137154","2018-03-13 09:00","2018","03","13","09:00","-2.1","","-4.5","","84","","0.0","","29","","14","","","","98.99","","","","-7","","NA"
"-81.88","42.45","RIDGETOWN RCS","6137154","2018-03-13 10:00","2018","03","13","10:00","-1.2","","-4.0","","81","","0.0","","30","","16","","","","98.99","","","","-6","","NA"
"-81.88","42.45","RIDGETOWN RCS","6137154","2018-03-13 11:00","2018","03","13","11:00","-0.5","","-3.3","","81","","0.0","","30","","19","","","","98.98","","","","-6","","NA"
"-81.88","42.45","RIDGETOWN RCS","6137154","2018-03-13 12:00","2018","03","13","12:00","-0.5","","-4.0","","77","","0.0","","30","","21","","","","98.97","","","","-6","","NA"
"-81.88","42.45","RIDGETOWN RCS","6137154","2018-03-13 13:00","2018","03","13","13:00","0.1","","-3.7","","76","","0.0","","31","","21","","","","98.94","","","","","","NA"
"-81.88","42.45","RIDGETOWN RCS","6137154","2018-03-13 14:00","2018","03","13","14:00","-1.8","","-2.9","","92","","0.5","","32","","14","","","","98.94","","","","-6","","NA"
"-81.88","42.45","RIDGETOWN RCS","6137154","2018-03-13 15:00","2018","03","13","15:00","-0.9","","-3.8","","81","","0.0","","32","","16","","","","98.94","","","","-6","","NA"
"-81.88","42.45","RIDGETOWN RCS","6137154","2018-03-13 16:00","2018","03","13","16:00","-1.1","","-3.4","","85","","0.0","","33","","15","","","","98.96","","","","-6","","NA"
"-81.88","42.45","RIDGETOWN RCS","6137154","2018-03-13 17:00","2018","03","13","17:00","-1.5","","-3.3","","88","","0.0","","31","","18","","","","99.00","","","","-7","","NA"
"-81.88","42.45","RIDGETOWN RCS","6137154","2018-03-13 18:00","2018","03","13","18:00","-1.8","","-4.3","","83","","0.0","","32","","13","","","","99.04","","","","-6","","NA"
"-81.88","42.45","RIDGETOWN RCS","6137154","2018-03-13 19:00","2018","03","13","19:00","-2.5","","-5.5","","80","","0.0","","33","","14","","","","99.07","","","","-7","","NA"
"-81.88","42.45","RIDGETOWN RCS","6137154","2018-03-13 20:00","2018","03","13","20:00","-3.1","","-6.1","","80","","0.0","","31","","12","","","","99.08","","","","-8","","NA"
"-81.88","42.45","RIDGETOWN RCS","6137154","2018-03-13 21:00","2018","03","13","21:00","-3.4","","-5.6","","85","","0.0","","32","","12","","","","99.07","","","","-8","","NA"
"-81.88","42.45","RIDGETOWN RCS","6137154","2018-03-13 22:00","2018","03","13","22:00","-4.1","","-6.5","","84","","0.0","","31","","13","","","","99.04","","","","-9","","NA"
"-81.88","42.45","RIDGETOWN RCS","6137154","2018-03-13 23:00","2018","03","13","23:00","-3.8","","-6.3","","83","","0.0","","31","","16","","","","99.02","","","","-9","","NA"
"-81.88","42.45","RIDGETOWN RCS","6137154","2018-03-14 00:00","2018","03","14","00:00","-3.7","","-7.0","","78","","0.0","","31","","18","","","","98.97","","","","-10","","NA"
"-81.88","42.45","RIDGETOWN RCS","6137154","2018-03-14 01:00","2018","03","14","01:00","-4.0","","-7.2","","79","","0.0","","31","","20","","","","98.95","","","","-10","","NA"
"-81.88","42.45","RIDGETOWN RCS","6137154","2018-03-14 02:00","2018","03","14","02:00","-4.3","","-7.8","","77","","0.0","","30","","20","","","","98.92","","","","-11","","NA"
"-81.88","42.45","RIDGETOWN RCS","6137154","2018-03-14 03:00","2018","03","14","03:00","-4.4","","-8.3","","74","","0.0","","30","","24","","","","98.88","","","","-11","","NA"
"-81.88","42.45","RIDGETOWN RCS","6137154","2018-03-14 04:00","2018","03","14","04:00","-4.8","","-8.4","","76","","0.0","","30","","22","","","","98.87","","","","-12","","NA"
"-81.88","42.45","RIDGETOWN RCS","6137154","2018-03-14 05:00","2018","03","14","05:00","-4.6","","-8.0","","77","","0.0","","30","","25","","","","98.87","","","","-12","","NA"
"-81.88","42.45","RIDGETOWN RCS","6137154","2018-03-14 06:00","2018","03","14","06:00","-5.0","","-8.3","","78","","0.0","","29","","22","","","","98.88","","","","-12","","NA"
"-81.88","42.45","RIDGETOWN RCS","6137154","2018-03-14 07:00","2018","03","14","07:00","-5.4","","-8.7","","78","","0.0","","30","","23","","","","98.89","","","","-13","","NA"
"-81.88","42.45","RIDGETOWN RCS","6137154","2018-03-14 08:00","2018","03","14","08:00","-5.1","","-8.2","","78","","0.0","","30","","21","","","","98.90","","","","-12","","NA"
"-81.88","42.45","RIDGETOWN RCS","6137154","2018-03-14 09:00","2018","03","14","09:00","-4.8","","-8.4","","76","","0.0","","32","","22","","","","98.90","","","","-12","","NA"
"-81.88","42.45","RIDGETOWN RCS","6137154","2018-03-14 10:00","2018","03","14","10:00","-4.1","","-8.3","","73","","0.0","","32","","21","","","","98.90","","","","-11","","NA"
"-81.88","42.45","RIDGETOWN RCS","6137154","2018-03-14 11:00","2018","03","14","11:00","-2.7","","-7.7","","69","","0.0","","32","","19","","","","98.87","","","","-8","","NA"
"-81.88","42.45","RIDGETOWN RCS","6137154","2018-03-14 12:00","2018","03","14","12:00","-2.1","","-7.6","","66","","0.0","","29","","22","","","","98.85","","","","-8","","NA"
"-81.88","42.45","RIDGETOWN RCS","6137154","2018-03-14 13:00","2018","03","14","13:00","-1.7","","-7.4","","65","","0.0","","30","","20","","","","98.80","","","","-7","","NA"
"-81.88","42.45","RIDGETOWN RCS","6137154","2018-03-14 14:00","2018","03","14","14:00","-0.7","","-6.9","","63","","0.0","","28","","18","","","","98.71","","","","-6","","NA"
"-81.88","42.45","RIDGETOWN RCS","6137154","2018-03-14 15:00","2018","03","14","15:00","-0.8","","-6.8","","64","","0.0","","29","","17","","","","98.65","","","","-6","","NA"
"-81.88","42.45","RIDGETOWN RCS","6137154","2018-03-14 16:00","2018","03","14","16:00","0.6","","-7.2","","56","","0.0","","28","","15","","","","98.57","","","","","","NA"
"-81.88","42.45","RIDGETOWN RCS","6137154","2018-03-14 17:00","2018","03","14","17:00","1.1","","-7.1","","54","","0.0","","27","","14","","","","98.54","","","","","","NA"
"-81.88","42.45","RIDGETOWN RCS","6137154","2018-03-14 18:00","2018","03","14","18:00","0.6","","-7.3","","55","","0.0","","33","","10","","","","98.51","","","","","","NA"
"-81.88","42.45","RIDGETOWN RCS","6137154","2018-03-14 19:00","2018","03","14","19:00","-1.2","","-6.1","","69","","0.0","","32","","6","","","","98.51","","","","-3","","NA"
"-81.88","42.45","RIDGETOWN RCS","6137154","2018-03-14 20:00","2018","03","14","20:00","-2.1","","-5.4","","78","","0.0","","28","","5","","","","98.51","","","","-4","","NA"
"-81.88","42.45","RIDGETOWN RCS","6137154","2018-03-14 21:00","2018","03","14","21:00","-2.2","","-6.3","","74","","0.0","","22","","6","","","","98.49","","","","-5","","NA"
"-81.88","42.45","RIDGETOWN RCS","6137154","2018-03-14 22:00","2018","03","14","22:00","-2.3","","-5.9","","76","","0.0","","18","","10","","","","98.44","","","","-6","","NA"
"-81.88","42.45","RIDGETOWN RCS","6137154","2018-03-14 23:00","2018","03","14","23:00","-2.2","","-5.4","","79","","0.0","","22","","8","","","","98.37","","","","-5","","NA"
"-81.88","42.45","RIDGETOWN RCS","6137154","2018-03-15 00:00","2018","03","15","00:00","-0.4","","-5.4","","69","","0.0","","30","","9","","","","98.27","","","","-4","","NA"
"-81.88","42.45","RIDGETOWN RCS","6137154","2018-03-15 01:00","2018","03","15","01:00","-0.2","","-5.1","","69","","0.0","","23","","9","","","","98.18","","","","-3","","NA"
"-81.88","42.45","RIDGETOWN RCS","6137154","2018-03-15 02:00","2018","03","15","02:00","0.3","","-4.5","","70","","0.0","","21","","12","","","","98.07","","","","","","NA"
"-81.88","42.45","RIDGETOWN RCS","6137154","2018-03-15 03:00","2018","03","15","03:00","0.1","","-3.7","","75","","0.0","","22","","6","","","","97.95","","","","","","NA"
"-81.88","42.45","RIDGETOWN RCS","6137154","2018-03-15 04:00","2018","03","15","04:00","0.1","","-3.5","","77","","0.0","","24","","8","","","","97.90","","","","","","NA"
"-81.88","42.45","RIDGETOWN RCS","6137154","2018-03-15 05:00","2018","03","15","05:00","0.1","","-3.9","","74","","0.0","","25","","6","","","","97.86","","","","","","NA"
"-81.88","42.45","RIDGETOWN RCS","6137154","2018-03-15 06:00","2018","03","15","06:00","-0.5","","-3.2","","82","","0.0","","29","","8","","","","97.89","","","","-3","","NA"
"-81.88","42.45","RIDGETOWN RCS","6137154","2018-03-15 07:00","2018","03","15","07:00","-0.8","","-4.6","","76","","0.0","","33","","10","","","","97.93","","","","-4","","NA"
"-81.88","42.45","RIDGETOWN RCS","6137154","2018-03-15 08:00","2018","03","15","08:00","-0.3","","-6.2","","64","","0.0","","34","","10","","","","98.00","","","","-4","","NA"
"-81.88","42.45","RIDGETOWN RCS","6137154","2018-03-15 09:00","2018","03","15","09:00","0.3","","-5.4","","66","","0.0","","32","","14","","","","98.07","","","","","","NA"
"-81.88","42.45","RIDGETOWN RCS","6137154","2018-03-15 10:00","2018","03","15","10:00","0.3","","-3.9","","74","","0.0","","33","","18","","","","98.16","","","","","","NA"
"-81.88","42.45","RIDGETOWN RCS","6137154","2018-03-15 11:00","2018","03","15","11:00","0.8","","-4.4","","68","","0.0","","33","","17","","","","98.19","","","","","","NA"
"-81.88","42.45","RIDGETOWN RCS","6137154","2018-03-15 12:00","2018","03","15","12:00","1.1","","-5.5","","62","","0.0","","33","","14","","","","98.21","","","","","","NA"
"-81.88","42.45","RIDGETOWN RCS","6137154","2018-03-15 13:00","2018","03","15","13:00","0.7","","-5.9","","61","","0.0","","32","","16","","","","98.27","","","","","","NA"
"-81.88","42.45","RIDGETOWN RCS","6137154","2018-03-15 14:00","2018","03","15","14:00","1.1","","-5.8","","60","","0.0","","31","","18","","","","98.27","","","","","","NA"
"-81.88","42.45","RIDGETOWN RCS","6137154","2018-03-15 15:00","2018","03","15","15:00","-0.2","","-3.3","","79","","0.0","","30","","18","","","","98.32","","","","-5","","NA"
"-81.88","42.45","RIDGETOWN RCS","6137154","2018-03-15 16:00","2018","03","15","16:00","-0.4","","-2.2","","88","","0.3","","32","","12","","","","98.34","","","","-4","","NA"
"-81.88","42.45","RIDGETOWN RCS","6137154","2018-03-15 17:00","2018","03","15","17:00","0.2","","-3.2","","78","","0.0","","30","","12","","","","98.34","","","","","","NA"
"-81.88","42.45","RIDGETOWN RCS","6137154","2018-03-15 18:00","2018","03","15","18:00","0.1","","-3.7","","76","","0.0","","28","","15","","","","98.39","","","","","","NA"
"-81.88","42.45","RIDGETOWN RCS","6137154","2018-03-15 19:00","2018","03","15","19:00","-1.6","","-3.0","","90","","0.0","","32","","11","","","","98.48","","","","-5","","NA"
"-81.88","42.45","RIDGETOWN RCS","6137154","2018-03-15 20:00","2018","03","15","20:00","-2.4","","-7.2","","69","","0.2","","33","","21","","","","98.56","","","","-8","","NA"
"-81.88","42.45","RIDGETOWN RCS","6137154","2018-03-15 21:00","2018","03","15","21:00","-2.8","","-10.1","","57","","0.0","","29","","16","","","","98.60","","","","-8","","NA"
"-81.88","42.45","RIDGETOWN RCS","6137154","2018-03-15 22:00","2018","03","15","22:00","-3.4","","-9.7","","62","","0.0","","32","","24","","","","98.65","","","","-10","","NA"
"-81.88","42.45","RIDGETOWN RCS","6137154","2018-03-15 23:00","2018","03","15","23:00","-3.9","","-9.1","","67","","0.0","","32","","17","","","","98.70","","","","-10","","NA"
"-81.88","42.45","RIDGETOWN RCS","6137154","2018-03-16 00:00","2018","03","16","00:00","-4.4","","-9.5","","67","","0.0","","32","","18","","","","98.76","","","","-10","","NA"
"-81.88","42.45","RIDGETOWN RCS","6137154","2018-03-16 01:00","2018","03","16","01:00","-4.7","","-10.3","","65","","0.0","","32","","18","","","","98.84","","","","-11","","NA"
"-81.88","42.45","RIDGETOWN RCS","6137154","2018-03-16 02:00","2018","03","16","02:00","-5.2","","-10.3","","68","","0.0","","33","","17","","","","98.92","","","","-11","","NA"
"-81.88","42.45","RIDGETOWN RCS","6137154","2018-03-16 03:00","2018","03","16","03:00","-5.8","","-10.2","","71","","0.0","","32","","20","","","","99.00","","","","-13","","NA"
"-81.88","42.45","RIDGETOWN RCS","6137154","2018-03-16 04:00","2018","03","16","04:00","-5.9","","-9.9","","73","","0.0","","31","","23","","","","99.10","","","","-13","","NA"
"-81.88","42.45","RIDGETOWN RCS","6137154","2018-03-16 05:00","2018","03","16","05:00","-6.0","","-9.8","","74","","0.0","","31","","20","","","","99.20","","","","-13","","NA"
"-81.88","42.45","RIDGETOWN RCS","6137154","2018-03-16 06:00","2018","03","16","06:00","-6.0","","-10.6","","70","","0.0","","32","","21","","","","99.27","","","","-13","","NA"
"-81.88","42.45","RIDGETOWN RCS","6137154","2018-03-16 07:00","2018","03","16","07:00","-6.1","","-10.7","","70","","0.0","","31","","22","","","","99.37","","","","-13","","NA"
"-81.88","42.45","RIDGETOWN RCS","6137154","2018-03-16 08:00","2018","03","16","08:00","-5.9","","-10.7","","69","","0.0","","31","","16","","","","99.43","","","","-12","","NA"
"-81.88","42.45","RIDGETOWN RCS","6137154","2018-03-16 09:00","2018","03","16","09:00","-5.7","","-10.6","","69","","0.0","","32","","21","","","","99.56","","","","-13","","NA"
"-81.88","42.45","RIDGETOWN RCS","6137154","2018-03-16 10:00","2018","03","16","10:00","-5.2","","-10.3","","67","","0.0","","30","","20","","","","99.63","","","","-12","","NA"
"-81.88","42.45","RIDGETOWN RCS","6137154","2018-03-16 11:00","2018","03","16","11:00","-4.8","","-9.5","","70","","0.0","","31","","14","","","","99.68","","","","-10","","NA"
"-81.88","42.45","RIDGETOWN RCS","6137154","2018-03-16 12:00","2018","03","16","12:00","-4.4","","-9.5","","68","","0.0","","31","","16","","","","99.71","","","","-10","","NA"
"-81.88","42.45","RIDGETOWN RCS","6137154","2018-03-16 13:00","2018","03","16","13:00","-3.9","","-9.9","","63","","0.0","","30","","15","","","","99.73","","","","-9","","NA"
"-81.88","42.45","RIDGETOWN RCS","6137154","2018-03-16 14:00","2018","03","16","14:00","-3.2","","-10.0","","59","","0.0","","30","","15","","","","99.71","","","","-8","","NA"
"-81.88","42.45","RIDGETOWN RCS","6137154","2018-03-16 15:00","2018","03","16","15:00","-2.2","","-9.5","","57","","0.0","","32","","13","","","","99.65","","","","-7","","NA"
"-81.88","42.45","RIDGETOWN RCS","6137154","2018-03-16 16:00","2018","03","16","16:00","-1.3","","-9.8","","52","","0.0","","28","","11","","","","99.63","","","","-5","","NA"
"-81.88","42.45","RIDGETOWN RCS","6137154","2018-03-16 17:00","2018","03","16","17:00","-0.8","","-10.1","","49","","0.0","","28","","8","","","","99.57","","","","-4","","NA"
"-81.88","42.45","RIDGETOWN RCS","6137154","2018-03-16 18:00","2018","03","16","18:00","-0.9","","-10.4","","49","","0.0","","32","","7","","","","99.52","","","","-3","","NA"
"-81.88","42.45","RIDGETOWN RCS","6137154","2018-03-16 19:00","2018","03","16","19:00","-3.0","","-9.7","","60","","0.0","","33","","3","","","","99.51","","","","-4","","NA"
"-81.88","42.45","RIDGETOWN RCS","6137154","2018-03-16 20:00","2018","03","16","20:00","-4.1","","-6.4","","84","","0.0","","32","","1","","","","99.51","","","","-5","","NA"
"-81.88","42.45","RIDGETOWN RCS","6137154","2018-03-16 21:00","2018","03","16","21:00","-5.0","","-6.8","","87","","0.0","","18","","2","","","","99.50","","","","-6","","NA"
"-81.88","42.45","RIDGETOWN RCS","6137154","2018-03-16 22:00","2018","03","16","22:00","-4.6","","-7.8","","78","","0.0","","29","","8","","","","99.48","","","","-8","","NA"
"-81.88","42.45","RIDGETOWN RCS","6137154","2018-03-16 23:00","2018","03","16","23:00","-5.3","","-8.8","","77","","0.0","","25","","2","","","","99.44","","","","-6","","NA"
"-81.88","42.45","RIDGETOWN RCS","6137154","2018-03-17 00:00","2018","03","17","00:00","-4.8","","-7.8","","80","","0.0","","28","","8","","","","99.40","","","","-8","","NA"
"-81.88","42.45","RIDGETOWN RCS","6137154","2018-03-17 01:00","2018","03","17","01:00","-4.6","","-7.6","","79","","0.0","","22","","8","","","","99.36","","","","-8","","NA"
"-81.88","42.45","RIDGETOWN RCS","6137154","2018-03-17 02:00","2018","03","17","02:00","-4.9","","-7.9","","79","","0.0","","22","","8","","","","99.30","","","","-8","","NA"
"-81.88","42.45","RIDGETOWN RCS","6137154","2018-03-17 03:00","2018","03","17","03:00","-5.0","","-7.0","","85","","0.0","","27","","5","","","","99.21","","","","-7","","NA"
"-81.88","42.45","RIDGETOWN RCS","6137154","2018-03-17 04:00","2018","03","17","04:00","-5.6","","-7.2","","88","","0.0","","31","","4","","","","99.18","","","","-7","","NA"
"-81.88","42.45","RIDGETOWN RCS","6137154","2018-03-17 05:00","2018","03","17","05:00","-6.9","","-8.1","","91","","0.0","","25","","2","","","","99.11","","","","-8","","NA"
"-81.88","42.45","RIDGETOWN RCS","6137154","2018-03-17 06:00","2018","03","17","06:00","-7.2","","-8.6","","90","","0.0","","24","","3","","","","99.07","","","","-9","","NA"
"-81.88","42.45","RIDGETOWN RCS","6137154","2018-03-17 07:00","2018","03","17","07:00","-6.7","","-7.9","","91","","0.0","","33","","1","","","","99.05","","","","-7","","NA"
"-81.88","42.45","RIDGETOWN RCS","6137154","2018-03-17 08:00","2018","03","17","08:00","-2.2","","-7.2","","69","","0.0","","28","","2","","","","99.05","","","","-3","","NA"
"-81.88","42.45","RIDGETOWN RCS","6137154","2018-03-17 09:00","2018","03","17","09:00","-0.9","","-8.0","","59","","0.0","","32","","4","","","","99.06","","","","-2","","NA"
"-81.88","42.45","RIDGETOWN RCS","6137154","2018-03-17 10:00","2018","03","17","10:00","0.6","","-7.3","","55","","0.0","","31","","7","","","","99.03","","","","","","NA"
"-81.88","42.45","RIDGETOWN RCS","6137154","2018-03-17 11:00","2018","03","17","11:00","2.2","","-9.6","","41","","0.0","","27","","8","","","","99.02","","","","","","NA"
"-81.88","42.45","RIDGETOWN RCS","6137154","2018-03-17 12:00","2018","03","17","12:00","4.1","","-9.6","","36","","0.0","","33","","9","","","","99.02","","","","","","NA"
"-81.88","42.45","RIDGETOWN RCS","6137154","2018-03-17 13:00","2018","03","17","13:00","4.4","","-10.1","","34","","0.0","","32","","10","","","","98.97","","","","","","NA"
"-81.88","42.45","RIDGETOWN RCS","6137154","2018-03-17 14:00","2018","03","17","14:00","5.0","","-9.5","","34","","0.0","","33","","13","","","","98.90","","","","","","NA"
"-81.88","42.45","RIDGETOWN RCS","6137154","2018-03-17 15:00","2018","03","17","15:00","5.0","","-8.3","","38","","0.0","","1","","12","","","","98.87","","","","","","NA"
"-81.88","42.45","RIDGETOWN RCS","6137154","2018-03-17 16:00","2018","03","17","16:00","4.6","","-8.0","","39","","0.0","","35","","14","","","","98.85","","","","","","NA"
"-81.88","42.45","RIDGETOWN RCS","6137154","2018-03-17 17:00","2018","03","17","17:00","3.8","","-7.3","","44","","0.0","","33","","14","","","","98.90","","","","","","NA"
"-81.88","42.45","RIDGETOWN RCS","6137154","2018-03-17 18:00","2018","03","17","18:00","2.3","","-8.7","","44","","0.0","","35","","12","","","","98.97","","","","","","NA"
"-81.88","42.45","RIDGETOWN RCS","6137154","2018-03-17 19:00","2018","03","17","19:00","0.0","","-7.6","","57","","0.0","","35","","7","","","","99.03","","","","-2","","NA"
"-81.88","42.45","RIDGETOWN RCS","6137154","2018-03-17 20:00","2018","03","17","20:00","-1.9","","-7.5","","66","","0.0","","2","","3","","","","99.02","","","","-3","","NA"
"-81.88","42.45","RIDGETOWN RCS","6137154","2018-03-17 21:00","2018","03","17","21:00","-3.5","","-5.7","","84","","0.0","","33","","2","","","","99.04","","","","-4","","NA"
"-81.88","42.45","RIDGETOWN RCS","6137154","2018-03-17 22:00","2018","03","17","22:00","-3.4","","-5.7","","85","","0.0","","5","","2","","","","99.06","","","","-4","","NA"
"-81.88","42.45","RIDGETOWN RCS","6137154","2018-03-17 23:00","2018","03","17","23:00","-3.9","","-5.5","","89","","0.0","","","","0","","","","99.07","","","","","","NA"
"-81.88","42.45","RIDGETOWN RCS","6137154","2018-03-18 00:00","2018","03","18","00:00","-4.4","","-6.1","","88","","0.0","","21","","4","","","","99.10","","","","-6","","NA"
"-81.88","42.45","RIDGETOWN RCS","6137154","2018-03-18 01:00","2018","03","18","01:00","-4.3","","-6.9","","82","","0.0","","22","","5","","","","99.17","","","","-6","","NA"
"-81.88","42.45","RIDGETOWN RCS","6137154","2018-03-18 02:00","2018","03","18","02:00","-4.6","","-6.5","","87","","0.0","","21","","3","","","","99.20","","","","-6","","NA"
"-81.88","42.45","RIDGETOWN RCS","6137154","2018-03-18 03:00","2018","03","18","03:00","-5.1","","-6.4","","91","","0.0","","21","","2","","","","99.22","","","","-6","","NA"
"-81.88","42.45","RIDGETOWN RCS","6137154","2018-03-18 04:00","2018","03","18","04:00","-5.1","","-6.5","","90","","0.0","","20","","4","","","","99.22","","","","-7","","NA"
"-81.88","42.45","RIDGETOWN RCS","6137154","2018-03-18 05:00","2018","03","18","05:00","-4.3","","-7.8","","77","","0.0","","25","","6","","","","99.19","","","","-7","","NA"
"-81.88","42.45","RIDGETOWN RCS","6137154","2018-03-18 06:00","2018","03","18","06:00","-4.2","","-8.7","","71","","0.0","","31","","7","","","","99.21","","","","-7","","NA"
"-81.88","42.45","RIDGETOWN RCS","6137154","2018-03-18 07:00","2018","03","18","07:00","-1.7","","-8.2","","61","","0.0","","31","","10","","","","99.20","","","","-5","","NA"
"-81.88","42.45","RIDGETOWN RCS","6137154","2018-03-18 08:00","2018","03","18","08:00","1.1","","-5.5","","61","","0.0","","27","","17","","","","99.20","","","","","","NA"
"-81.88","42.45","RIDGETOWN RCS","6137154","2018-03-18 09:00","2018","03","18","09:00","3.1","","-3.2","","63","","0.0","","26","","18","","","","99.18","","","","","","NA"
"-81.88","42.45","RIDGETOWN RCS","6137154","2018-03-18 10:00","2018","03","18","10:00","5.1","","-2.7","","57","","0.0","","28","","14","","","","99.17","","","","","","NA"
"-81.88","42.45","RIDGETOWN RCS","6137154","2018-03-18 11:00","2018","03","18","11:00","7.1","","-2.8","","49","","0.0","","23","","17","","","","99.10","","","","","","NA"
"-81.88","42.45","RIDGETOWN RCS","6137154","2018-03-18 12:00","2018","03","18","12:00","9.6","","-6.6","","31","","0.0","","28","","17","","","","99.06","","","","","","NA"
"-81.88","42.45","RIDGETOWN RCS","6137154","2018-03-18 13:00","2018","03","18","13:00","10.8","","-5.0","","32","","0.0","","32","","17","","","","98.98","","","","","","NA"
"-81.88","42.45","RIDGETOWN RCS","6137154","2018-03-18 14:00","2018","03","18","14:00","11.4","","-5.7","","30","","0.0","","32","","20","","","","98.93","","","","","","NA"
"-81.88","42.45","RIDGETOWN RCS","6137154","2018-03-18 15:00","2018","03","18","15:00","12.5","","-4.4","","31","","0.0","","26","","17","","","","98.87","","","","","","NA"
"-81.88","42.45","RIDGETOWN RCS","6137154","2018-03-18 16:00","2018","03","18","16:00","12.4","","-5.3","","29","","0.0","","32","","15","","","","98.83","","","","","","NA"
"-81.88","42.45","RIDGETOWN RCS","6137154","2018-03-18 17:00","2018","03","18","17:00","10.0","","-3.3","","39","","0.0","","1","","13","","","","98.87","","","","","","NA"
"-81.88","42.45","RIDGETOWN RCS","6137154","2018-03-18 18:00","2018","03","18","18:00","7.5","","-3.6","","45","","0.0","","6","","10","","","","98.88","","","","","","NA"
"-81.88","42.45","RIDGETOWN RCS","6137154","2018-03-18 19:00","2018","03","18","19:00","4.6","","-3.7","","54","","0.0","","7","","5","","","","98.92","","","","","","NA"
"-81.88","42.45","RIDGETOWN RCS","6137154","2018-03-18 20:00","2018","03","18","20:00","2.6","","-4.0","","62","","0.0","","2","","11","","","","98.97","","","","","","NA"
"-81.88","42.45","RIDGETOWN RCS","6137154","2018-03-18 21:00","2018","03","18","21:00","2.4","","-5.3","","57","","0.0","","3","","10","","","","99.01","","","","","","NA"
"-81.88","42.45","RIDGETOWN RCS","6137154","2018-03-18 22:00","2018","03","18","22:00","1.5","","-5.3","","60","","0.0","","2","","10","","","","99.02","","","","","","NA"
"-81.88","42.45","RIDGETOWN RCS","6137154","2018-03-18 23:00","2018","03","18","23:00","0.3","","-5.0","","67","","0.0","","2","","4","","","","99.03","","","","","","NA"
"-81.88","42.45","RIDGETOWN RCS","6137154","2018-03-19 00:00","2018","03","19","00:00","0.6","","-5.7","","63","","0.0","","2","","7","","","","99.04","","","","","","NA"
"-81.88","42.45","RIDGETOWN RCS","6137154","2018-03-19 01:00","2018","03","19","01:00","0.1","","-4.5","","71","","0.0","","2","","11","","","","99.05","","","","","","NA"
"-81.88","42.45","RIDGETOWN RCS","6137154","2018-03-19 02:00","2018","03","19","02:00","-0.8","","-4.3","","77","","0.0","","3","","8","","","","99.09","","","","-4","","NA"
"-81.88","42.45","RIDGETOWN RCS","6137154","2018-03-19 03:00","2018","03","19","03:00","-0.7","","-4.6","","75","","0.0","","4","","9","","","","99.05","","","","-4","","NA"
"-81.88","42.45","RIDGETOWN RCS","6137154","2018-03-19 04:00","2018","03","19","04:00","-0.6","","-4.4","","76","","0.0","","6","","7","","","","99.06","","","","-3","","NA"
"-81.88","42.45","RIDGETOWN RCS","6137154","2018-03-19 05:00","2018","03","19","05:00","-0.3","","-5.6","","68","","0.0","","6","","8","","","","99.14","","","","-3","","NA"
"-81.88","42.45","RIDGETOWN RCS","6137154","2018-03-19 06:00","2018","03","19","06:00","-0.7","","-6.7","","64","","0.0","","7","","12","","","","99.19","","","","-5","","NA"
"-81.88","42.45","RIDGETOWN RCS","6137154","2018-03-19 07:00","2018","03","19","07:00","-0.7","","-8.3","","57","","0.0","","6","","13","","","","99.25","","","","-5","","NA"
"-81.88","42.45","RIDGETOWN RCS","6137154","2018-03-19 08:00","2018","03","19","08:00","0.4","","-7.8","","54","","0.0","","15","","14","","","","99.27","","","","","","NA"
"-81.88","42.45","RIDGETOWN RCS","6137154","2018-03-19 09:00","2018","03","19","09:00","0.5","","-7.6","","54","","0.0","","8","","15","","","","99.28","","","","","","NA"
"-81.88","42.45","RIDGETOWN RCS","6137154","2018-03-19 10:00","2018","03","19","10:00","0.9","","-7.9","","52","","0.0","","25","","18","","","","99.27","","","","","","NA"
"-81.88","42.45","RIDGETOWN RCS","6137154","2018-03-19 11:00","2018","03","19","11:00","1.5","","-6.9","","54","","0.0","","18","","16","","","","99.29","","","","","","NA"
"-81.88","42.45","RIDGETOWN RCS","6137154","2018-03-19 12:00","2018","03","19","12:00","1.6","","-6.5","","55","","0.0","","10","","16","","","","99.28","","","","","","NA"
"-81.88","42.45","RIDGETOWN RCS","6137154","2018-03-19 13:00","2018","03","19","13:00","2.4","","-5.1","","58","","0.0","","24","","17","","","","99.22","","","","","","NA"
"-81.88","42.45","RIDGETOWN RCS","6137154","2018-03-19 14:00","2018","03","19","14:00","2.3","","-5.8","","55","","0.0","","12","","16","","","","99.17","","","","","","NA"
"-81.88","42.45","RIDGETOWN RCS","6137154","2018-03-19 15:00","2018","03","19","15:00","2.5","","-5.7","","55","","0.0","","10","","15","","","","99.16","","","","","","NA"
"-81.88","42.45","RIDGETOWN RCS","6137154","2018-03-19 16:00","2018","03","19","16:00","2.1","","-5.2","","59","","0.0","","14","","15","","","","99.11","","","","","","NA"
"-81.88","42.45","RIDGETOWN RCS","6137154","2018-03-19 17:00","2018","03","19","17:00","2.0","","-6.1","","55","","0.0","","10","","13","","","","99.08","","","","","","NA"
"-81.88","42.45","RIDGETOWN RCS","6137154","2018-03-19 18:00","2018","03","19","18:00","0.9","","-5.9","","60","","0.0","","25","","14","","","","99.10","","","","","","NA"
"-81.88","42.45","RIDGETOWN RCS","6137154","2018-03-19 19:00","2018","03","19","19:00","-0.9","","-5.9","","69","","0.0","","35","","5","","","","99.15","","","","-3","","NA"
"-81.88","42.45","RIDGETOWN RCS","6137154","2018-03-19 20:00","2018","03","19","20:00","-1.6","","-6.9","","67","","0.0","","2","","7","","","","99.08","","","","-4","","NA"
"-81.88","42.45","RIDGETOWN RCS","6137154","2018-03-19 21:00","2018","03","19","21:00","-2.3","","-6.5","","73","","0.0","","2","","10","","","","99.05","","","","-6","","NA"
"-81.88","42.45","RIDGETOWN RCS","6137154","2018-03-19 22:00","2018","03","19","22:00","-2.9","","-6.8","","75","","0.0","","3","","10","","","","99.01","","","","-7","","NA"
"-81.88","42.45","RIDGETOWN RCS","6137154","2018-03-19 23:00","2018","03","19","23:00","-2.5","","-11.3","","51","","0.0","","4","","12","","","","98.99","","","","-7","","NA"
"-81.88","42.45","RIDGETOWN RCS","6137154","2018-03-20 00:00","2018","03","20","00:00","-3.1","","-10.4","","57","","0.0","","5","","10","","","","99.00","","","","-7","","NA"
"-81.88","42.45","RIDGETOWN RCS","6137154","2018-03-20 01:00","2018","03","20","01:00","-3.2","","-11.1","","55","","0.0","","4","","12","","","","98.98","","","","-8","","NA"
"-81.88","42.45","RIDGETOWN RCS","6137154","2018-03-20 02:00","2018","03","20","02:00","-3.5","","-10.6","","58","","0.0","","5","","17","","","","98.97","","","","-9","","NA"
"-81.88","42.45","RIDGETOWN RCS","6137154","2018-03-20 03:00","2018","03","20","03:00","-3.8","","-9.3","","65","","0.0","","4","","15","","","","98.88","","","","-9","","NA"
"-81.88","42.45","RIDGETOWN RCS","6137154","2018-03-20 04:00","2018","03","20","04:00","-3.9","","-10.1","","62","","0.0","","4","","17","","","","98.82","","","","-10","","NA"
"-81.88","42.45","RIDGETOWN RCS","6137154","2018-03-20 05:00","2018","03","20","05:00","-4.2","","-10.0","","64","","0.0","","4","","17","","","","98.79","","","","-10","","NA"
"-81.88","42.45","RIDGETOWN RCS","6137154","2018-03-20 06:00","2018","03","20","06:00","-4.4","","-10.4","","63","","0.0","","4","","17","","","","98.77","","","","-10","","NA"
"-81.88","42.45","RIDGETOWN RCS","6137154","2018-03-20 07:00","2018","03","20","07:00","-4.0","","-10.8","","59","","0.0","","6","","21","","","","98.80","","","","-10","","NA"
"-81.88","42.45","RIDGETOWN RCS","6137154","2018-03-20 08:00","2018","03","20","08:00","-2.9","","-11.2","","53","","0.0","","8","","23","","","","98.79","","","","-9","","NA"
"-81.88","42.45","RIDGETOWN RCS","6137154","2018-03-20 09:00","2018","03","20","09:00","-1.3","","-11.5","","46","","0.0","","25","","29","","","","98.80","","","","-8","","NA"
"-81.88","42.45","RIDGETOWN RCS","6137154","2018-03-20 10:00","2018","03","20","10:00","0.1","","-9.9","","47","","0.0","","8","","28","","","","98.81","","","","","","NA"
"-81.88","42.45","RIDGETOWN RCS","6137154","2018-03-20 11:00","2018","03","20","11:00","2.0","","-10.1","","40","","0.0","","7","","32","","","","98.81","","","","","","NA"
"-81.88","42.45","RIDGETOWN RCS","6137154","2018-03-20 12:00","2018","03","20","12:00","3.0","","-10.7","","36","","0.0","","28","","26","","","","98.74","","","","","","NA"
"-81.88","42.45","RIDGETOWN RCS","6137154","2018-03-20 13:00","2018","03","20","13:00","4.3","","-8.7","","38","","0.0","","5","","23","","","","98.72","","","","","","NA"
"-81.88","42.45","RIDGETOWN RCS","6137154","2018-03-20 14:00","2018","03","20","14:00","4.3","","-7.2","","43","","0.0","","4","","24","","","","98.66","","","","","","NA"
"-81.88","42.45","RIDGETOWN RCS","6137154","2018-03-20 15:00","2018","03","20","15:00","4.3","","-6.7","","45","","0.0","","5","","25","","","","98.64","","","","","","NA"
"-81.88","42.45","RIDGETOWN RCS","6137154","2018-03-20 16:00","2018","03","20","16:00","4.1","","-7.3","","43","","0.0","","4","","22","","","","98.61","","","","","","NA"
"-81.88","42.45","RIDGETOWN RCS","6137154","2018-03-20 17:00","2018","03","20","17:00","3.4","","-7.7","","44","","0.0","","22","","26","","","","98.60","","","","","","NA"
"-81.88","42.45","RIDGETOWN RCS","6137154","2018-03-20 18:00","2018","03","20","18:00","1.9","","-8.9","","45","","0.0","","24","","19","","","","98.65","","","","","","NA"
"-81.88","42.45","RIDGETOWN RCS","6137154","2018-03-20 19:00","2018","03","20","19:00","0.6","","-10.6","","43","","0.0","","5","","20","","","","98.66","","","","","","NA"
"-81.88","42.45","RIDGETOWN RCS","6137154","2018-03-20 20:00","2018","03","20","20:00","-0.4","","-11.5","","43","","0.0","","13","","19","","","","98.66","","","","-6","","NA"
"-81.88","42.45","RIDGETOWN RCS","6137154","2018-03-20 21:00","2018","03","20","21:00","-0.9","","-11.8","","43","","0.0","","5","","21","","","","98.68","","","","-7","","NA"
"-81.88","42.45","RIDGETOWN RCS","6137154","2018-03-20 22:00","2018","03","20","22:00","-0.8","","-11.9","","43","","0.0","","5","","24","","","","98.67","","","","-7","","NA"
"-81.88","42.45","RIDGETOWN RCS","6137154","2018-03-20 23:00","2018","03","20","23:00","-0.9","","-10.6","","48","","0.0","","6","","21","","","","98.67","","","","-7","","NA"
"-81.88","42.45","RIDGETOWN RCS","6137154","2018-03-21 00:00","2018","03","21","00:00","-0.8","","-9.8","","51","","0.0","","5","","20","","","","98.67","","","","-6","","NA"
"-81.88","42.45","RIDGETOWN RCS","6137154","2018-03-21 01:00","2018","03","21","01:00","-1.0","","-8.7","","56","","0.0","","5","","23","","","","98.64","","","","-7","","NA"
"-81.88","42.45","RIDGETOWN RCS","6137154","2018-03-21 02:00","2018","03","21","02:00","-1.2","","-7.9","","60","","0.0","","5","","22","","","","98.62","","","","-7","","NA"
"-81.88","42.45","RIDGETOWN RCS","6137154","2018-03-21 03:00","2018","03","21","03:00","-1.3","","-6.7","","66","","0.0","","5","","24","","","","98.57","","","","-7","","NA"
"-81.88","42.45","RIDGETOWN RCS","6137154","2018-03-21 04:00","2018","03","21","04:00","-1.3","","-6.9","","66","","0.0","","5","","24","","","","98.57","","","","-7","","NA"
"-81.88","42.45","RIDGETOWN RCS","6137154","2018-03-21 05:00","2018","03","21","05:00","-1.3","","-6.9","","66","","0.0","","5","","19","","","","98.58","","","","-7","","NA"
"-81.88","42.45","RIDGETOWN RCS","6137154","2018-03-21 06:00","2018","03","21","06:00","-1.5","","-8.1","","61","","0.0","","4","","19","","","","98.62","","","","-7","","NA"
"-81.88","42.45","RIDGETOWN RCS","6137154","2018-03-21 07:00","2018","03","21","07:00","-1.8","","-8.6","","60","","0.0","","4","","20","","","","98.67","","","","-8","","NA"
"-81.88","42.45","RIDGETOWN RCS","6137154","2018-03-21 08:00","2018","03","21","08:00","-1.4","","-9.0","","56","","0.0","","3","","20","","","","98.73","","","","-7","","NA"
"-81.88","42.45","RIDGETOWN RCS","6137154","2018-03-21 09:00","2018","03","21","09:00","-0.7","","-10.0","","49","","0.0","","23","","18","","","","98.79","","","","-6","","NA"
"-81.88","42.45","RIDGETOWN RCS","6137154","2018-03-21 10:00","2018","03","21","10:00","0.5","","-10.2","","44","","0.0","","25","","20","","","","98.83","","","","","","NA"
"-81.88","42.45","RIDGETOWN RCS","6137154","2018-03-21 11:00","2018","03","21","11:00","1.5","","-9.6","","43","","0.0","","28","","16","","","","98.88","","","","","","NA"
"-81.88","42.45","RIDGETOWN RCS","6137154","2018-03-21 12:00","2018","03","21","12:00","2.8","","-8.9","","42","","0.0","","33","","16","","","","98.91","","","","","","NA"
"-81.88","42.45","RIDGETOWN RCS","6137154","2018-03-21 13:00","2018","03","21","13:00","2.8","","-8.4","","44","","0.0","","1","","15","","","","98.91","","","","","","NA"
"-81.88","42.45","RIDGETOWN RCS","6137154","2018-03-21 14:00","2018","03","21","14:00","3.0","","-8.7","","42","","0.0","","36","","17","","","","98.93","","","","","","NA"
"-81.88","42.45","RIDGETOWN RCS","6137154","2018-03-21 15:00","2018","03","21","15:00","3.1","","-7.4","","46","","0.0","","35","","18","","","","98.99","","","","","","NA"
"-81.88","42.45","RIDGETOWN RCS","6137154","2018-03-21 16:00","2018","03","21","16:00","2.4","","-7.3","","49","","0.0","","34","","19","","","","99.06","","","","","","NA"
"-81.88","42.45","RIDGETOWN RCS","6137154","2018-03-21 17:00","2018","03","21","17:00","1.4","","-6.2","","57","","0.0","","36","","19","","","","99.15","","","","","","NA"
"-81.88","42.45","RIDGETOWN RCS","6137154","2018-03-21 18:00","2018","03","21","18:00","0.0","","-6.1","","63","","0.0","","33","","18","","","","99.24","","","","-5","","NA"
"-81.88","42.45","RIDGETOWN RCS","6137154","2018-03-21 19:00","2018","03","21","19:00","-1.3","","-5.7","","72","","0.0","","33","","13","","","","99.33","","","","-6","","NA"
"-81.88","42.45","RIDGETOWN RCS","6137154","2018-03-21 20:00","2018","03","21","20:00","-2.0","","-6.0","","74","","0.0","","34","","17","","","","99.41","","","","-7","","NA"
"-81.88","42.45","RIDGETOWN RCS","6137154","2018-03-21 21:00","2018","03","21","21:00","-2.3","","-6.1","","75","","0.0","","34","","16","","","","99.46","","","","-7","","NA"
"-81.88","42.45","RIDGETOWN RCS","6137154","2018-03-21 22:00","2018","03","21","22:00","-2.3","","-6.2","","75","","0.0","","33","","14","","","","99.48","","","","-7","","NA"
"-81.88","42.45","RIDGETOWN RCS","6137154","2018-03-21 23:00","2018","03","21","23:00","-2.4","","-6.5","","74","","0.0","","33","","13","","","","99.51","","","","-7","","NA"
"-81.88","42.45","RIDGETOWN RCS","6137154","2018-03-22 00:00","2018","03","22","00:00","-2.7","","-6.7","","74","","0.0","","33","","12","","","","99.53","","","","-7","","NA"
"-81.88","42.45","RIDGETOWN RCS","6137154","2018-03-22 01:00","2018","03","22","01:00","-2.9","","-6.9","","74","","0.0","","33","","10","","","","99.56","","","","-7","","NA"
"-81.88","42.45","RIDGETOWN RCS","6137154","2018-03-22 02:00","2018","03","22","02:00","-3.1","","-7.2","","73","","0.0","","33","","9","","","","99.58","","","","-7","","NA"
"-81.88","42.45","RIDGETOWN RCS","6137154","2018-03-22 03:00","2018","03","22","03:00","-2.8","","-6.7","","75","","0.0","","33","","10","","","","99.57","","","","-7","","NA"
"-81.88","42.45","RIDGETOWN RCS","6137154","2018-03-22 04:00","2018","03","22","04:00","-2.9","","-5.7","","81","","0.0","","31","","6","","","","99.60","","","","-5","","NA"
"-81.88","42.45","RIDGETOWN RCS","6137154","2018-03-22 05:00","2018","03","22","05:00","-3.6","","-5.9","","84","","0.0","","29","","11","","","","99.63","","","","-8","","NA"
"-81.88","42.45","RIDGETOWN RCS","6137154","2018-03-22 06:00","2018","03","22","06:00","-3.7","","-6.6","","81","","0.0","","30","","9","","","","99.67","","","","-7","","NA"
"-81.88","42.45","RIDGETOWN RCS","6137154","2018-03-22 07:00","2018","03","22","07:00","-3.2","","-6.0","","81","","0.0","","31","","9","","","","99.74","","","","-7","","NA"
"-81.88","42.45","RIDGETOWN RCS","6137154","2018-03-22 08:00","2018","03","22","08:00","-2.3","","-5.5","","79","","0.0","","31","","12","","","","99.78","","","","-7","","NA"
"-81.88","42.45","RIDGETOWN RCS","6137154","2018-03-22 09:00","2018","03","22","09:00","-0.2","","-5.3","","69","","0.0","","31","","9","","","","99.82","","","","-3","","NA"
"-81.88","42.45","RIDGETOWN RCS","6137154","2018-03-22 10:00","2018","03","22","10:00","1.4","","-5.9","","59","","0.0","","32","","16","","","","99.84","","","","","","NA"
"-81.88","42.45","RIDGETOWN RCS","6137154","2018-03-22 11:00","2018","03","22","11:00","2.4","","-7.6","","48","","0.0","","35","","19","","","","99.87","","","","","","NA"
"-81.88","42.45","RIDGETOWN RCS","6137154","2018-03-22 12:00","2018","03","22","12:00","3.3","","-6.3","","49","","0.0","","34","","18","","","","99.86","","","","","","NA"
"-81.88","42.45","RIDGETOWN RCS","6137154","2018-03-22 13:00","2018","03","22","13:00","3.2","","-7.0","","47","","0.0","","34","","19","","","","99.87","","","","","","NA"
"-81.88","42.45","RIDGETOWN RCS","6137154","2018-03-22 14:00","2018","03","22","14:00","3.3","","-8.5","","41","","0.0","","35","","19","","","","99.83","","","","","","NA"
"-81.88","42.45","RIDGETOWN RCS","6137154","2018-03-22 15:00","2018","03","22","15:00","3.6","","-7.4","","44","","0.0","","34","","20","","","","99.84","","","","","","NA"
"-81.88","42.45","RIDGETOWN RCS","6137154","2018-03-22 16:00","2018","03","22","16:00","3.2","","-7.3","","46","","0.0","","34","","19","","","","99.84","","","","","","NA"
"-81.88","42.45","RIDGETOWN RCS","6137154","2018-03-22 17:00","2018","03","22","17:00","2.2","","-7.2","","50","","0.0","","34","","20","","","","99.87","","","","","","NA"
"-81.88","42.45","RIDGETOWN RCS","6137154","2018-03-22 18:00","2018","03","22","18:00","1.3","","-8.4","","49","","0.0","","33","","15","","","","99.92","","","","","","NA"
"-81.88","42.45","RIDGETOWN RCS","6137154","2018-03-22 19:00","2018","03","22","19:00","-0.9","","-8.3","","57","","0.0","","1","","6","","","","99.92","","","","-3","","NA"
"-81.88","42.45","RIDGETOWN RCS","6137154","2018-03-22 20:00","2018","03","22","20:00","-1.8","","-8.7","","59","","0.0","","2","","9","","","","99.94","","","","-5","","NA"
"-81.88","42.45","RIDGETOWN RCS","6137154","2018-03-22 21:00","2018","03","22","21:00","-3.4","","-8.2","","69","","0.0","","3","","3","","","","99.94","","","","-5","","NA"
"-81.88","42.45","RIDGETOWN RCS","6137154","2018-03-22 22:00","2018","03","22","22:00","-4.5","","-8.3","","75","","0.0","","4","","1","","","","99.95","","","","-5","","NA"
"-81.88","42.45","RIDGETOWN RCS","6137154","2018-03-22 23:00","2018","03","22","23:00","-6.4","","-8.9","","83","","0.0","","28","","5","","","","99.97","","","","-9","","NA"
"-81.88","42.45","RIDGETOWN RCS","6137154","2018-03-23 00:00","2018","03","23","00:00","-6.9","","-8.6","","88","","0.0","","26","","3","","","","99.96","","","","-8","","NA"
"-81.88","42.45","RIDGETOWN RCS","6137154","2018-03-23 01:00","2018","03","23","01:00","-6.5","","-7.9","","90","","0.0","","28","","4","","","","99.97","","","","-8","","NA"
"-81.88","42.45","RIDGETOWN RCS","6137154","2018-03-23 02:00","2018","03","23","02:00","-7.0","","-8.1","","91","","0.0","","28","","3","","","","99.98","","","","-9","","NA"
"-81.88","42.45","RIDGETOWN RCS","6137154","2018-03-23 03:00","2018","03","23","03:00","-6.9","","-8.5","","89","","0.0","","25","","3","","","","99.96","","","","-8","","NA"
"-81.88","42.45","RIDGETOWN RCS","6137154","2018-03-23 04:00","2018","03","23","04:00","-7.6","","-8.7","","92","","0.0","","27","","3","","","","99.95","","","","-9","","NA"
"-81.88","42.45","RIDGETOWN RCS","6137154","2018-03-23 05:00","2018","03","23","05:00","-7.8","","-8.6","","94","","0.0","","30","","3","","","","99.98","","","","-9","","NA"
"-81.88","42.45","RIDGETOWN RCS","6137154","2018-03-23 06:00","2018","03","23","06:00","-8.4","","-9.2","","93","","0.0","","28","","2","","","","99.98","","","","-9","","NA"
"-81.88","42.45","RIDGETOWN RCS","6137154","2018-03-23 07:00","2018","03","23","07:00","-6.9","","-7.9","","93","","0.0","","30","","4","","","","100.01","","","","-9","","NA"
"-81.88","42.45","RIDGETOWN RCS","6137154","2018-03-23 08:00","2018","03","23","08:00","-2.5","","-5.5","","80","","0.0","","31","","11","","","","100.00","","","","-7","","NA"
"-81.88","42.45","RIDGETOWN RCS","6137154","2018-03-23 09:00","2018","03","23","09:00","-0.5","","-4.7","","73","","0.0","","34","","11","","","","100.00","","","","-4","","NA"
"-81.88","42.45","RIDGETOWN RCS","6137154","2018-03-23 10:00","2018","03","23","10:00","0.6","","-4.8","","67","","0.0","","32","","13","","","","100.02","","","","","","NA"
"-81.88","42.45","RIDGETOWN RCS","6137154","2018-03-23 11:00","2018","03","23","11:00","1.9","","-6.4","","54","","0.0","","35","","14","","","","100.02","","","","","","NA"
"-81.88","42.45","RIDGETOWN RCS","6137154","2018-03-23 12:00","2018","03","23","12:00","1.9","","-5.7","","57","","0.0","","35","","17","","","","100.03","","","","","","NA"
"-81.88","42.45","RIDGETOWN RCS","6137154","2018-03-23 13:00","2018","03","23","13:00","2.0","","-6.8","","52","","0.0","","34","","18","","","","100.03","","","","","","NA"
"-81.88","42.45","RIDGETOWN RCS","6137154","2018-03-23 14:00","2018","03","23","14:00","2.6","","-8.2","","45","","0.0","","34","","16","","","","100.03","","","","","","NA"
"-81.88","42.45","RIDGETOWN RCS","6137154","2018-03-23 15:00","2018","03","23","15:00","2.3","","-8.2","","46","","0.0","","33","","19","","","","100.05","","","","","","NA"
"-81.88","42.45","RIDGETOWN RCS","6137154","2018-03-23 16:00","2018","03","23","16:00","2.1","","-7.1","","50","","0.0","","33","","18","","","","100.09","","","","","","NA"
"-81.88","42.45","RIDGETOWN RCS","6137154","2018-03-23 17:00","2018","03","23","17:00","0.6","","-7.8","","53","","0.0","","35","","19","","","","100.11","","","","","","NA"
"-81.88","42.45","RIDGETOWN RCS","6137154","2018-03-23 18:00","2018","03","23","18:00","-0.7","","-7.8","","59","","0.0","","35","","18","","","","100.15","","","","-6","","NA"
"-81.88","42.45","RIDGETOWN RCS","6137154","2018-03-23 19:00","2018","03","23","19:00","-2.4","","-7.0","","71","","0.0","","34","","13","","","","100.17","","","","-7","","NA"
"-81.88","42.45","RIDGETOWN RCS","6137154","2018-03-23 20:00","2018","03","23","20:00","-3.2","","-6.8","","76","","0.0","","34","","11","","","","100.19","","","","-7","","NA"
"-81.88","42.45","RIDGETOWN RCS","6137154","2018-03-23 21:00","2018","03","23","21:00","-3.7","","-6.8","","79","","0.0","","33","","8","","","","100.25","","","","-7","","NA"
"-81.88","42.45","RIDGETOWN RCS","6137154","2018-03-23 22:00","2018","03","23","22:00","-4.1","","-6.8","","81","","0.0","","33","","6","","","","100.25","","","","-7","","NA"
"-81.88","42.45","RIDGETOWN RCS","6137154","2018-03-23 23:00","2018","03","23","23:00","-4.8","","-6.9","","85","","0.0","","35","","7","","","","100.23","","","","-8","","NA"
"-81.88","42.45","RIDGETOWN RCS","6137154","2018-03-24 00:00","2018","03","24","00:00","-4.9","","-7.0","","85","","0.0","","33","","6","","","","100.25","","","","-8","","NA"
"-81.88","42.45","RIDGETOWN RCS","6137154","2018-03-24 01:00","2018","03","24","01:00","-5.0","","-7.2","","85","","0.0","","2","","6","","","","100.18","","","","-8","","NA"
"-81.88","42.45","RIDGETOWN RCS","6137154","2018-03-24 02:00","2018","03","24","02:00","-6.4","","-7.4","","93","","0.0","","32","","3","","","","100.18","","","","-8","","NA"
"-81.88","42.45","RIDGETOWN RCS","6137154","2018-03-24 03:00","2018","03","24","03:00","-7.3","","-8.2","","94","","0.0","","35","","3","","","","100.14","","","","-9","","NA"
"-81.88","42.45","RIDGETOWN RCS","6137154","2018-03-24 04:00","2018","03","24","04:00","-8.5","","-9.5","","93","","0.0","","","","0","","","","100.18","","","","","","NA"
"-81.88","42.45","RIDGETOWN RCS","6137154","2018-03-24 05:00","2018","03","24","05:00","-7.8","","-8.5","","94","","0.0","","33","","1","","","","100.19","","","","-8","","NA"
"-81.88","42.45","RIDGETOWN RCS","6137154","2018-03-24 06:00","2018","03","24","06:00","-7.8","","-8.5","","94","","0.0","","","","0","","","","100.23","","","","","","NA"
"-81.88","42.45","RIDGETOWN RCS","6137154","2018-03-24 07:00","2018","03","24","07:00","-6.3","","-7.3","","93","","0.0","","1","","1","","","","100.27","","","","-7","","NA"
"-81.88","42.45","RIDGETOWN RCS","6137154","2018-03-24 08:00","2018","03","24","08:00","-2.7","","-7.3","","71","","0.0","","18","","11","","","","100.26","","","","-7","","NA"
"-81.88","42.45","RIDGETOWN RCS","6137154","2018-03-24 09:00","2018","03","24","09:00","-1.1","","-8.3","","58","","0.0","","36","","13","","","","100.25","","","","-5","","NA"
"-81.88","42.45","RIDGETOWN RCS","6137154","2018-03-24 10:00","2018","03","24","10:00","0.4","","-8.9","","50","","0.0","","1","","11","","","","100.24","","","","","","NA"
"-81.88","42.45","RIDGETOWN RCS","6137154","2018-03-24 11:00","2018","03","24","11:00","1.8","","-9.8","","42","","0.0","","3","","11","","","","100.19","","","","","","NA"
"-81.88","42.45","RIDGETOWN RCS","6137154","2018-03-24 12:00","2018","03","24","12:00","2.5","","-11.0","","36","","0.0","","2","","11","","","","100.13","","","","","","NA"
"-81.88","42.45","RIDGETOWN RCS","6137154","2018-03-24 13:00","2018","03","24","13:00","3.9","","-8.9","","39","","0.0","","8","","13","","","","100.06","","","","","","NA"
"-81.88","42.45","RIDGETOWN RCS","6137154","2018-03-24 14:00","2018","03","24","14:00","4.3","","-8.6","","39","","0.0","","1","","15","","","","99.98","","","","","","NA"
"-81.88","42.45","RIDGETOWN RCS","6137154","2018-03-24 15:00","2018","03","24","15:00","4.3","","-8.7","","38","","0.0","","4","","17","","","","99.92","","","","","","NA"
"-81.88","42.45","RIDGETOWN RCS","6137154","2018-03-24 16:00","2018","03","24","16:00","3.3","","-7.6","","44","","0.0","","1","","15","","","","99.90","","","","","","NA"
"-81.88","42.45","RIDGETOWN RCS","6137154","2018-03-24 17:00","2018","03","24","17:00","2.1","","-7.5","","49","","0.0","","34","","19","","","","99.91","","","","","","NA"
"-81.88","42.45","RIDGETOWN RCS","6137154","2018-03-24 18:00","2018","03","24","18:00","-0.1","","-8.6","","53","","0.0","","35","","19","","","","99.97","","","","-5","","NA"
"-81.88","42.45","RIDGETOWN RCS","6137154","2018-03-24 19:00","2018","03","24","19:00","-1.8","","-8.5","","60","","0.0","","34","","14","","","","100.06","","","","-6","","NA"
"-81.88","42.45","RIDGETOWN RCS","6137154","2018-03-24 20:00","2018","03","24","20:00","-2.7","","-8.3","","65","","0.0","","34","","14","","","","100.13","","","","-8","","NA"
"-81.88","42.45","RIDGETOWN RCS","6137154","2018-03-24 21:00","2018","03","24","21:00","-3.0","","-9.5","","61","","0.0","","36","","9","","","","100.19","","","","-7","","NA"
"-81.88","42.45","RIDGETOWN RCS","6137154","2018-03-24 22:00","2018","03","24","22:00","-3.3","","-10.9","","56","","0.0","","3","","18","","","","100.23","","","","-9","","NA"
"-81.88","42.45","RIDGETOWN RCS","6137154","2018-03-24 23:00","2018","03","24","23:00","-4.5","","-12.8","","52","","0.0","","4","","14","","","","100.33","","","","-10","","NA"
"-81.88","42.45","RIDGETOWN RCS","6137154","2018-03-25 00:00","2018","03","25","00:00","-5.1","","-13.4","","52","","0.0","","4","","12","","","","100.37","","","","-10","","NA"
"-81.88","42.45","RIDGETOWN RCS","6137154","2018-03-25 01:00","2018","03","25","01:00","-6.4","","-12.9","","60","","0.0","","3","","10","","","","100.37","","","","-11","","NA"
"-81.88","42.45","RIDGETOWN RCS","6137154","2018-03-25 02:00","2018","03","25","02:00","-6.8","","-12.8","","62","","0.0","","2","","11","","","","100.41","","","","-12","","NA"
"-81.88","42.45","RIDGETOWN RCS","6137154","2018-03-25 03:00","2018","03","25","03:00","-6.5","","-13.2","","59","","0.0","","4","","13","","","","100.39","","","","-12","","NA"
"-81.88","42.45","RIDGETOWN RCS","6137154","2018-03-25 04:00","2018","03","25","04:00","-6.2","","-13.7","","55","","0.0","","4","","11","","","","100.45","","","","-11","","NA"
"-81.88","42.45","RIDGETOWN RCS","6137154","2018-03-25 05:00","2018","03","25","05:00","-6.5","","-14.1","","55","","0.0","","4","","12","","","","100.53","","","","-12","","NA"
"-81.88","42.45","RIDGETOWN RCS","6137154","2018-03-25 06:00","2018","03","25","06:00","-7.3","","-13.9","","59","","0.0","","3","","10","","","","100.60","","","","-12","","NA"
"-81.88","42.45","RIDGETOWN RCS","6137154","2018-03-25 07:00","2018","03","25","07:00","-6.4","","-14.1","","54","","0.0","","5","","12","","","","100.66","","","","-12","","NA"
"-81.88","42.45","RIDGETOWN RCS","6137154","2018-03-25 08:00","2018","03","25","08:00","-4.4","","-13.2","","51","","0.0","","26","","18","","","","100.72","","","","-10","","NA"
"-81.88","42.45","RIDGETOWN RCS","6137154","2018-03-25 09:00","2018","03","25","09:00","-2.4","","-11.4","","50","","0.0","","5","","25","","","","100.76","","","","-9","","NA"
"-81.88","42.45","RIDGETOWN RCS","6137154","2018-03-25 10:00","2018","03","25","10:00","-1.7","","-12.1","","45","","0.0","","8","","28","","","","100.79","","","","-8","","NA"
"-81.88","42.45","RIDGETOWN RCS","6137154","2018-03-25 11:00","2018","03","25","11:00","-1.1","","-10.6","","48","","0.0","","9","","26","","","","100.81","","","","-7","","NA"
"-81.88","42.45","RIDGETOWN RCS","6137154","2018-03-25 12:00","2018","03","25","12:00","-0.2","","-10.5","","46","","0.0","","8","","27","","","","100.77","","","","-6","","NA"
"-81.88","42.45","RIDGETOWN RCS","6137154","2018-03-25 13:00","2018","03","25","13:00","1.2","","-8.9","","47","","0.1","","11","","27","","","","100.72","","","","","","NA"
"-81.88","42.45","RIDGETOWN RCS","6137154","2018-03-25 14:00","2018","03","25","14:00","1.8","","-8.4","","47","","0.0","","8","","31","","","","100.67","","","","","","NA"
"-81.88","42.45","RIDGETOWN RCS","6137154","2018-03-25 15:00","2018","03","25","15:00","2.1","","-8.4","","45","","0.1","","10","","28","","","","100.69","","","","","","NA"
"-81.88","42.45","RIDGETOWN RCS","6137154","2018-03-25 16:00","2018","03","25","16:00","2.3","","-8.1","","46","","0.0","","9","","29","","","","100.71","","","","","","NA"
"-81.88","42.45","RIDGETOWN RCS","6137154","2018-03-25 17:00","2018","03","25","17:00","2.1","","-8.5","","45","","0.0","","9","","26","","","","100.72","","","","","","NA"
"-81.88","42.45","RIDGETOWN RCS","6137154","2018-03-25 18:00","2018","03","25","18:00","1.6","","-7.4","","51","","0.0","","9","","20","","","","100.73","","","","","","NA"
"-81.88","42.45","RIDGETOWN RCS","6137154","2018-03-25 19:00","2018","03","25","19:00","-0.2","","-6.1","","64","","0.0","","8","","9","","","","100.73","","","","-3","","NA"
"-81.88","42.45","RIDGETOWN RCS","6137154","2018-03-25 20:00","2018","03","25","20:00","-1.1","","-5.4","","73","","0.0","","27","","11","","","","100.74","","","","-5","","NA"
"-81.88","42.45","RIDGETOWN RCS","6137154","2018-03-25 21:00","2018","03","25","21:00","-0.6","","-5.5","","69","","0.0","","16","","9","","","","100.80","","","","-4","","NA"
"-81.88","42.45","RIDGETOWN RCS","6137154","2018-03-25 22:00","2018","03","25","22:00","-0.6","","-4.9","","73","","0.0","","13","","15","","","","100.77","","","","-5","","NA"
"-81.88","42.45","RIDGETOWN RCS","6137154","2018-03-25 23:00","2018","03","25","23:00","0.1","","-4.1","","73","","0.0","","8","","20","","","","100.78","","","","","","NA"
"-81.88","42.45","RIDGETOWN RCS","6137154","2018-03-26 00:00","2018","03","26","00:00","0.6","","-3.1","","76","","0.0","","9","","26","","","","100.72","","","","","","NA"
"-81.88","42.45","RIDGETOWN RCS","6137154","2018-03-26 01:00","2018","03","26","01:00","0.8","","-2.8","","77","","0.0","","12","","17","","","","100.73","","","","","","NA"
"-81.88","42.45","RIDGETOWN RCS","6137154","2018-03-26 02:00","2018","03","26","02:00","0.7","","-2.6","","79","","0.0","","10","","16","","","","100.73","","","","","","NA"
"-81.88","42.45","RIDGETOWN RCS","6137154","2018-03-26 03:00","2018","03","26","03:00","1.1","","-3.7","","70","","0.0","","17","","21","","","","100.68","","","","","","NA"
"-81.88","42.45","RIDGETOWN RCS","6137154","2018-03-26 04:00","2018","03","26","04:00","1.2","","-3.9","","69","","0.0","","12","","16","","","","100.71","","","","","","NA"
"-81.88","42.45","RIDGETOWN RCS","6137154","2018-03-26 05:00","2018","03","26","05:00","1.2","","-3.9","","69","","0.0","","12","","16","","","","100.74","","","","","","NA"
"-81.88","42.45","RIDGETOWN RCS","6137154","2018-03-26 06:00","2018","03","26","06:00","1.0","","-3.9","","70","","0.0","","12","","17","","","","100.80","","","","","","NA"
"-81.88","42.45","RIDGETOWN RCS","6137154","2018-03-26 07:00","2018","03","26","07:00","1.4","","-4.0","","67","","0.0","","19","","18","","","","100.86","","","","","","NA"
"-81.88","42.45","RIDGETOWN RCS","6137154","2018-03-26 08:00","2018","03","26","08:00","2.7","","-3.8","","62","","0.0","","11","","20","","","","100.93","","","","","","NA"
"-81.88","42.45","RIDGETOWN RCS","6137154","2018-03-26 09:00","2018","03","26","09:00","3.2","","-4.1","","59","","0.0","","22","","28","","","","100.93","","","","","","NA"
"-81.88","42.45","RIDGETOWN RCS","6137154","2018-03-26 10:00","2018","03","26","10:00","3.8","","-3.8","","57","","0.0","","14","","27","","","","100.91","","","","","","NA"
"-81.88","42.45","RIDGETOWN RCS","6137154","2018-03-26 11:00","2018","03","26","11:00","5.3","","-3.0","","55","","0.0","","14","","25","","","","100.85","","","","","","NA"
"-81.88","42.45","RIDGETOWN RCS","6137154","2018-03-26 12:00","2018","03","26","12:00","5.6","","-3.2","","53","","0.0","","9","","27","","","","100.73","","","","","","NA"
"-81.88","42.45","RIDGETOWN RCS","6137154","2018-03-26 13:00","2018","03","26","13:00","6.7","","-2.6","","51","","0.0","","16","","29","","","","100.78","","","","","","NA"
"-81.88","42.45","RIDGETOWN RCS","6137154","2018-03-26 14:00","2018","03","26","14:00","7.2","","-3.5","","46","","0.0","","28","","27","","","","100.65","","","","","","NA"
"-81.88","42.45","RIDGETOWN RCS","6137154","2018-03-26 15:00","2018","03","26","15:00","7.0","","-3.9","","46","","0.0","","7","","27","","","","100.61","","","","","","NA"
"-81.88","42.45","RIDGETOWN RCS","6137154","2018-03-26 16:00","2018","03","26","16:00","6.5","","-4.1","","47","","0.0","","26","","30","","","","100.42","","","","","","NA"
"-81.88","42.45","RIDGETOWN RCS","6137154","2018-03-26 17:00","2018","03","26","17:00","5.8","","-4.0","","49","","0.0","","28","","22","","","","100.49","","","","","","NA"
"-81.88","42.45","RIDGETOWN RCS","6137154","2018-03-26 18:00","2018","03","26","18:00","4.9","","-4.1","","52","","0.0","","10","","22","","","","100.44","","","","","","NA"
"-81.88","42.45","RIDGETOWN RCS","6137154","2018-03-26 19:00","2018","03","26","19:00","4.2","","-3.7","","56","","0.0","","17","","19","","","","100.39","","","","","","NA"
"-81.88","42.45","RIDGETOWN RCS","6137154","2018-03-26 20:00","2018","03","26","20:00","4.3","","-2.8","","60","","0.0","","15","","19","","","","100.35","","","","","","NA"
"-81.88","42.45","RIDGETOWN RCS","6137154","2018-03-26 21:00","2018","03","26","21:00","4.9","","-2.3","","59","","0.0","","13","","17","","","","100.32","","","","","","NA"
"-81.88","42.45","RIDGETOWN RCS","6137154","2018-03-26 22:00","2018","03","26","22:00","6.0","","-3.3","","51","","0.0","","17","","23","","","","100.25","","","","","","NA"
"-81.88","42.45","RIDGETOWN RCS","6137154","2018-03-26 23:00","2018","03","26","23:00","5.4","","-3.2","","54","","0.0","","13","","24","","","","100.18","","","","","","NA"
"-81.88","42.45","RIDGETOWN RCS","6137154","2018-03-27 00:00","2018","03","27","00:00","5.2","","-2.9","","56","","0.0","","12","","25","","","","100.10","","","","","","NA"
"-81.88","42.45","RIDGETOWN RCS","6137154","2018-03-27 01:00","2018","03","27","01:00","4.6","","-2.7","","59","","0.0","","13","","27","","","","99.94","","","","","","NA"
"-81.88","42.45","RIDGETOWN RCS","6137154","2018-03-27 02:00","2018","03","27","02:00","5.0","","-2.9","","56","","0.0","","13","","26","","","","99.85","","","","","","NA"
"-81.88","42.45","RIDGETOWN RCS","6137154","2018-03-27 03:00","2018","03","27","03:00","3.7","","-0.8","","72","","0.0","","13","","21","","","","99.84","","","","","","NA"
"-81.88","42.45","RIDGETOWN RCS","6137154","2018-03-27 04:00","2018","03","27","04:00","3.4","","0.2","","80","","0.9","","14","","17","","","","99.77","","","","","","NA"
"-81.88","42.45","RIDGETOWN RCS","6137154","2018-03-27 05:00","2018","03","27","05:00","3.6","","1.7","","87","","1.5","","16","","25","","","","99.75","","","","","","NA"
"-81.88","42.45","RIDGETOWN RCS","6137154","2018-03-27 06:00","2018","03","27","06:00","3.0","","2.3","","95","","1.7","","16","","27","","","","99.65","","","","","","NA"
"-81.88","42.45","RIDGETOWN RCS","6137154","2018-03-27 07:00","2018","03","27","07:00","3.4","","2.7","","96","","2.6","","16","","29","","","","99.59","","","","","","NA"
"-81.88","42.45","RIDGETOWN RCS","6137154","2018-03-27 08:00","2018","03","27","08:00","3.1","","2.4","","95","","0.8","","15","","31","","","","99.54","","","","","","NA"
"-81.88","42.45","RIDGETOWN RCS","6137154","2018-03-27 09:00","2018","03","27","09:00","3.3","","2.8","","96","","1.1","","15","","30","","","","99.50","","","","","","NA"
"-81.88","42.45","RIDGETOWN RCS","6137154","2018-03-27 10:00","2018","03","27","10:00","3.9","","3.4","","97","","0.8","","16","","26","","","","99.43","","","","","","NA"
"-81.88","42.45","RIDGETOWN RCS","6137154","2018-03-27 11:00","2018","03","27","11:00","4.7","","4.1","","96","","1.3","","16","","29","","","","99.25","","","","","","NA"
"-81.88","42.45","RIDGETOWN RCS","6137154","2018-03-27 12:00","2018","03","27","12:00","5.5","","4.7","","94","","0.7","","20","","30","","","","99.18","","","","","","NA"
"-81.88","42.45","RIDGETOWN RCS","6137154","2018-03-27 13:00","2018","03","27","13:00","5.7","","4.7","","94","","0.0","","30","","28","","","","99.15","","","","","","NA"
"-81.88","42.45","RIDGETOWN RCS","6137154","2018-03-27 14:00","2018","03","27","14:00","6.7","","6.1","","96","","0.7","","23","","25","","","","99.09","","","","","","NA"
"-81.88","42.45","RIDGETOWN RCS","6137154","2018-03-27 15:00","2018","03","27","15:00","7.2","","6.7","","97","","1.1","","20","","23","","","","98.97","","","","","","NA"
"-81.88","42.45","RIDGETOWN RCS","6137154","2018-03-27 16:00","2018","03","27","16:00","8.1","","7.7","","97","","0.2","","21","","21","","","","98.99","","","","","","NA"
"-81.88","42.45","RIDGETOWN RCS","6137154","2018-03-27 17:00","2018","03","27","17:00","8.2","","7.8","","97","","0.1","","19","","22","","","","98.97","","","","","","NA"
"-81.88","42.45","RIDGETOWN RCS","6137154","2018-03-27 18:00","2018","03","27","18:00","8.2","","7.9","","98","","0.0","","19","","17","","","","98.96","","","","","","NA"
"-81.88","42.45","RIDGETOWN RCS","6137154","2018-03-27 19:00","2018","03","27","19:00","8.5","","8.2","","98","","0.1","","19","","16","","","","99.02","","","","","","NA"
"-81.88","42.45","RIDGETOWN RCS","6137154","2018-03-27 20:00","2018","03","27","20:00","8.6","","8.4","","98","","0.1","","21","","13","","","","99.04","","","","","","NA"
"-81.88","42.45","RIDGETOWN RCS","6137154","2018-03-27 21:00","2018","03","27","21:00","9.0","","8.8","","98","","0.2","","23","","8","","","","99.07","","","","","","NA"
"-81.88","42.45","RIDGETOWN RCS","6137154","2018-03-27 22:00","2018","03","27","22:00","9.3","","9.1","","99","","0.2","","27","","10","","","","99.10","","","","","","NA"
"-81.88","42.45","RIDGETOWN RCS","6137154","2018-03-27 23:00","2018","03","27","23:00","8.4","","7.7","","96","","0.1","","32","","10","","","","99.15","","","","","","NA"
"-81.88","42.45","RIDGETOWN RCS","6137154","2018-03-28 00:00","2018","03","28","00:00","7.2","","5.8","","91","","0.0","","34","","11","","","","99.19","","","","","","NA"
"-81.88","42.45","RIDGETOWN RCS","6137154","2018-03-28 01:00","2018","03","28","01:00","6.7","","5.0","","89","","0.0","","34","","12","","","","99.19","","","","","","NA"
"-81.88","42.45","RIDGETOWN RCS","6137154","2018-03-28 02:00","2018","03","28","02:00","4.5","","3.0","","90","","0.0","","27","","12","","","","99.22","","","","","","NA"
"-81.88","42.45","RIDGETOWN RCS","6137154","2018-03-28 03:00","2018","03","28","03:00","3.8","","2.2","","90","","0.0","","23","","10","","","","99.22","","","","","","NA"
"-81.88","42.45","RIDGETOWN RCS","6137154","2018-03-28 04:00","2018","03","28","04:00","3.4","","2.0","","90","","0.0","","18","","7","","","","99.23","","","","","","NA"
"-81.88","42.45","RIDGETOWN RCS","6137154","2018-03-28 05:00","2018","03","28","05:00","3.2","","1.4","","88","","0.0","","28","","8","","","","99.25","","","","","","NA"
"-81.88","42.45","RIDGETOWN RCS","6137154","2018-03-28 06:00","2018","03","28","06:00","2.6","","1.2","","91","","0.0","","35","","6","","","","99.29","","","","","","NA"
"-81.88","42.45","RIDGETOWN RCS","6137154","2018-03-28 07:00","2018","03","28","07:00","2.0","","0.3","","88","","0.0","","1","","6","","","","99.32","","","","","","NA"
"-81.88","42.45","RIDGETOWN RCS","6137154","2018-03-28 08:00","2018","03","28","08:00","2.3","","-0.4","","82","","0.0","","36","","5","","","","99.36","","","","","","NA"
"-81.88","42.45","RIDGETOWN RCS","6137154","2018-03-28 09:00","2018","03","28","09:00","3.0","","-0.1","","80","","0.0","","1","","7","","","","99.33","","","","","","NA"
"-81.88","42.45","RIDGETOWN RCS","6137154","2018-03-28 10:00","2018","03","28","10:00","3.5","","0.3","","79","","0.0","","3","","6","","","","99.32","","","","","","NA"
"-81.88","42.45","RIDGETOWN RCS","6137154","2018-03-28 11:00","2018","03","28","11:00","4.2","","0.6","","77","","0.0","","4","","5","","","","99.24","","","","","","NA"
"-81.88","42.45","RIDGETOWN RCS","6137154","2018-03-28 12:00","2018","03","28","12:00","5.0","","0.7","","74","","0.0","","31","","6","","","","99.32","","","","","","NA"
"-81.88","42.45","RIDGETOWN RCS","6137154","2018-03-28 13:00","2018","03","28","13:00","6.0","","1.9","","75","","0.0","","5","","7","","","","99.25","","","","","","NA"
"-81.88","42.45","RIDGETOWN RCS","6137154","2018-03-28 14:00","2018","03","28","14:00","6.3","","2.1","","74","","0.0","","1","","5","","","","99.17","","","","","","NA"
"-81.88","42.45","RIDGETOWN RCS","6137154","2018-03-28 15:00","2018","03","28","15:00","5.0","","3.1","","88","","0.0","","18","","15","","","","99.08","","","","","","NA"
"-81.88","42.45","RIDGETOWN RCS","6137154","2018-03-28 16:00","2018","03","28","16:00","4.9","","2.5","","84","","0.0","","12","","11","","","","99.10","","","","","","NA"
"-81.88","42.45","RIDGETOWN RCS","6137154","2018-03-28 17:00","2018","03","28","17:00","4.8","","2.4","","85","","0.0","","18","","12","","","","99.11","","","","","","NA"
"-81.88","42.45","RIDGETOWN RCS","6137154","2018-03-28 18:00","2018","03","28","18:00","3.7","","1.8","","87","","0.0","","14","","11","","","","99.14","","","","","","NA"
"-81.88","42.45","RIDGETOWN RCS","6137154","2018-03-28 19:00","2018","03","28","19:00","3.0","","1.9","","93","","0.0","","14","","9","","","","99.11","","","","","","NA"
"-81.88","42.45","RIDGETOWN RCS","6137154","2018-03-28 20:00","2018","03","28","20:00","2.8","","1.9","","94","","0.0","","13","","8","","","","99.15","","","","","","NA"
"-81.88","42.45","RIDGETOWN RCS","6137154","2018-03-28 21:00","2018","03","28","21:00","2.4","","1.9","","96","","0.0","","13","","15","","","","99.14","","","","","","NA"
"-81.88","42.45","RIDGETOWN RCS","6137154","2018-03-28 22:00","2018","03","28","22:00","2.2","","1.9","","98","","0.0","","14","","11","","","","99.11","","","","","","NA"
"-81.88","42.45","RIDGETOWN RCS","6137154","2018-03-28 23:00","2018","03","28","23:00","2.6","","1.9","","95","","0.0","","12","","6","","","","99.04","","","","","","NA"
"-81.88","42.45","RIDGETOWN RCS","6137154","2018-03-29 00:00","2018","03","29","00:00","2.9","","2.1","","95","","0.0","","7","","4","","","","99.00","","","","","","NA"
"-81.88","42.45","RIDGETOWN RCS","6137154","2018-03-29 01:00","2018","03","29","01:00","3.2","","2.3","","94","","0.0","","9","","2","","","","98.99","","","","","","NA"
"-81.88","42.45","RIDGETOWN RCS","6137154","2018-03-29 02:00","2018","03","29","02:00","3.1","","2.6","","96","","0.0","","8","","8","","","","98.91","","","","","","NA"
"-81.88","42.45","RIDGETOWN RCS","6137154","2018-03-29 03:00","2018","03","29","03:00","3.0","","2.7","","98","","0.0","","3","","4","","","","98.91","","","","","","NA"
"-81.88","42.45","RIDGETOWN RCS","6137154","2018-03-29 04:00","2018","03","29","04:00","3.1","","2.9","","98","","0.1","","2","","7","","","","98.88","","","","","","NA"
"-81.88","42.45","RIDGETOWN RCS","6137154","2018-03-29 05:00","2018","03","29","05:00","3.5","","3.3","","98","","0.0","","5","","7","","","","98.84","","","","","","NA"
"-81.88","42.45","RIDGETOWN RCS","6137154","2018-03-29 06:00","2018","03","29","06:00","3.7","","3.4","","98","","0.0","","7","","10","","","","98.77","","","","","","NA"
"-81.88","42.45","RIDGETOWN RCS","6137154","2018-03-29 07:00","2018","03","29","07:00","4.0","","3.7","","98","","0.6","","7","","6","","","","98.74","","","","","","NA"
"-81.88","42.45","RIDGETOWN RCS","6137154","2018-03-29 08:00","2018","03","29","08:00","4.5","","4.1","","98","","0.6","","7","","7","","","","98.76","","","","","","NA"
"-81.88","42.45","RIDGETOWN RCS","6137154","2018-03-29 09:00","2018","03","29","09:00","5.0","","4.6","","97","","0.4","","21","","10","","","","98.72","","","","","","NA"
"-81.88","42.45","RIDGETOWN RCS","6137154","2018-03-29 10:00","2018","03","29","10:00","5.3","","4.8","","96","","0.1","","9","","10","","","","98.74","","","","","","NA"
"-81.88","42.45","RIDGETOWN RCS","6137154","2018-03-29 11:00","2018","03","29","11:00","5.8","","5.2","","96","","0.6","","9","","8","","","","98.70","","","","","","NA"
"-81.88","42.45","RIDGETOWN RCS","6137154","2018-03-29 12:00","2018","03","29","12:00","5.9","","5.3","","96","","1.6","","1","","7","","","","98.65","","","","","","NA"
"-81.88","42.45","RIDGETOWN RCS","6137154","2018-03-29 13:00","2018","03","29","13:00","6.0","","5.2","","94","","1.1","","36","","15","","","","98.59","","","","","","NA"
"-81.88","42.45","RIDGETOWN RCS","6137154","2018-03-29 14:00","2018","03","29","14:00","5.7","","4.6","","92","","0.4","","2","","14","","","","98.50","","","","","","NA"
"-81.88","42.45","RIDGETOWN RCS","6137154","2018-03-29 15:00","2018","03","29","15:00","5.0","","3.8","","92","","1.5","","2","","13","","","","98.49","","","","","","NA"
"-81.88","42.45","RIDGETOWN RCS","6137154","2018-03-29 16:00","2018","03","29","16:00","5.2","","4.5","","95","","2.0","","35","","16","","","","98.47","","","","","","NA"
"-81.88","42.45","RIDGETOWN RCS","6137154","2018-03-29 17:00","2018","03","29","17:00","4.5","","3.8","","95","","1.8","","35","","15","","","","98.47","","","","","","NA"
"-81.88","42.45","RIDGETOWN RCS","6137154","2018-03-29 18:00","2018","03","29","18:00","4.4","","3.7","","95","","2.0","","35","","12","","","","98.56","","","","","","NA"
"-81.88","42.45","RIDGETOWN RCS","6137154","2018-03-29 19:00","2018","03","29","19:00","4.1","","3.4","","96","","1.7","","34","","13","","","","98.62","","","","","","NA"
"-81.88","42.45","RIDGETOWN RCS","6137154","2018-03-29 20:00","2018","03","29","20:00","3.6","","2.7","","94","","1.1","","34","","16","","","","98.68","","","","","","NA"
"-81.88","42.45","RIDGETOWN RCS","6137154","2018-03-29 21:00","2018","03","29","21:00","3.3","","2.4","","94","","0.7","","34","","15","","","","98.73","","","","","","NA"
"-81.88","42.45","RIDGETOWN RCS","6137154","2018-03-29 22:00","2018","03","29","22:00","2.8","","1.9","","94","","0.3","","34","","16","","","","98.77","","","","","","NA"
"-81.88","42.45","RIDGETOWN RCS","6137154","2018-03-29 23:00","2018","03","29","23:00","2.3","","1.5","","95","","0.1","","35","","13","","","","98.79","","","","","","NA"
"-81.88","42.45","RIDGETOWN RCS","6137154","2018-03-30 00:00","2018","03","30","00:00","1.7","","0.4","","91","","0.0","","35","","20","","","","98.83","","","","","","NA"
"-81.88","42.45","RIDGETOWN RCS","6137154","2018-03-30 01:00","2018","03","30","01:00","1.5","","-1.3","","82","","0.0","","35","","23","","","","98.87","","","","","","NA"
"-81.88","42.45","RIDGETOWN RCS","6137154","2018-03-30 02:00","2018","03","30","02:00","1.0","","-2.1","","80","","0.0","","35","","21","","","","98.86","","","","","","NA"
"-81.88","42.45","RIDGETOWN RCS","6137154","2018-03-30 03:00","2018","03","30","03:00","0.6","","-3.3","","75","","0.0","","35","","22","","","","98.91","","","","","","NA"
"-81.88","42.45","RIDGETOWN RCS","6137154","2018-03-30 04:00","2018","03","30","04:00","0.1","","-2.9","","80","","0.0","","34","","24","","","","98.97","","","","","","NA"
"-81.88","42.45","RIDGETOWN RCS","6137154","2018-03-30 05:00","2018","03","30","05:00","-0.2","","-3.9","","76","","0.0","","34","","24","","","","99.00","","","","-6","","NA"
"-81.88","42.45","RIDGETOWN RCS","6137154","2018-03-30 06:00","2018","03","30","06:00","-0.5","","-4.3","","76","","0.0","","35","","19","","","","99.16","","","","-6","","NA"
"-81.88","42.45","RIDGETOWN RCS","6137154","2018-03-30 07:00","2018","03","30","07:00","-0.7","","-4.2","","77","","0.0","","35","","21","","","","99.25","","","","-6","","NA"
"-81.88","42.45","RIDGETOWN RCS","6137154","2018-03-30 08:00","2018","03","30","08:00","-0.6","","-3.5","","81","","0.0","","34","","20","","","","99.35","","","","-6","","NA"
"-81.88","42.45","RIDGETOWN RCS","6137154","2018-03-30 09:00","2018","03","30","09:00","-0.4","","-3.3","","81","","0.0","","34","","17","","","","99.45","","","","-5","","NA"
"-81.88","42.45","RIDGETOWN RCS","6137154","2018-03-30 10:00","2018","03","30","10:00","0.2","","-3.0","","79","","0.0","","34","","17","","","","99.53","","","","","","NA"
"-81.88","42.45","RIDGETOWN RCS","6137154","2018-03-30 11:00","2018","03","30","11:00","1.3","","-2.4","","76","","0.0","","34","","19","","","","99.55","","","","","","NA"
"-81.88","42.45","RIDGETOWN RCS","6137154","2018-03-30 12:00","2018","03","30","12:00","2.1","","-2.5","","71","","0.0","","34","","16","","","","99.62","","","","","","NA"
"-81.88","42.45","RIDGETOWN RCS","6137154","2018-03-30 13:00","2018","03","30","13:00","1.6","","-2.9","","72","","0.0","","32","","15","","","","99.67","","","","","","NA"
"-81.88","42.45","RIDGETOWN RCS","6137154","2018-03-30 14:00","2018","03","30","14:00","2.1","","-2.5","","72","","0.0","","32","","18","","","","99.70","","","","","","NA"
"-81.88","42.45","RIDGETOWN RCS","6137154","2018-03-30 15:00","2018","03","30","15:00","3.1","","-2.6","","66","","0.0","","34","","13","","","","99.73","","","","","","NA"
"-81.88","42.45","RIDGETOWN RCS","6137154","2018-03-30 16:00","2018","03","30","16:00","3.7","","-3.2","","61","","0.0","","34","","11","","","","99.72","","","","","","NA"
"-81.88","42.45","RIDGETOWN RCS","6137154","2018-03-30 17:00","2018","03","30","17:00","3.7","","-2.8","","62","","0.0","","32","","9","","","","99.75","","","","","","NA"
"-81.88","42.45","RIDGETOWN RCS","6137154","2018-03-30 18:00","2018","03","30","18:00","3.1","","-2.6","","66","","0.0","","34","","8","","","","99.80","","","","","","NA"
"-81.88","42.45","RIDGETOWN RCS","6137154","2018-03-30 19:00","2018","03","30","19:00","1.6","","-3.0","","72","","0.0","","5","","3","","","","99.82","","","","","","NA"
"-81.88","42.45","RIDGETOWN RCS","6137154","2018-03-30 20:00","2018","03","30","20:00","-0.2","","-2.5","","85","","0.0","","20","","5","","","","99.87","","","","-2","","NA"
"-81.88","42.45","RIDGETOWN RCS","6137154","2018-03-30 21:00","2018","03","30","21:00","0.8","","-2.0","","81","","0.0","","19","","10","","","","99.89","","","","","","NA"
"-81.88","42.45","RIDGETOWN RCS","6137154","2018-03-30 22:00","2018","03","30","22:00","0.2","","-2.6","","82","","0.0","","19","","12","","","","99.90","","","","","","NA"
"-81.88","42.45","RIDGETOWN RCS","6137154","2018-03-30 23:00","2018","03","30","23:00","-0.5","","-2.8","","84","","0.0","","26","","8","","","","99.92","","","","-3","","NA"
"-81.88","42.45","RIDGETOWN RCS","6137154","2018-03-31 00:00","2018","03","31","00:00","-0.1","","-3.6","","77","","0.0","","24","","12","","","","99.91","","","","-4","","NA"
"-81.88","42.45","RIDGETOWN RCS","6137154","2018-03-31 01:00","2018","03","31","01:00","0.4","","-4.6","","69","","0.0","","19","","11","","","","99.86","","","","","","NA"
"-81.88","42.45","RIDGETOWN RCS","6137154","2018-03-31 02:00","2018","03","31","02:00","0.4","","-4.2","","71","","0.0","","19","","13","","","","99.84","","","","","","NA"
"-81.88","42.45","RIDGETOWN RCS","6137154","2018-03-31 03:00","2018","03","31","03:00","0.4","","-3.2","","76","","0.0","","19","","15","","","","99.81","","","","","","NA"
"-81.88","42.45","RIDGETOWN RCS","6137154","2018-03-31 04:00","2018","03","31","04:00","0.4","","-3.0","","78","","0.0","","19","","14","","","","99.79","","","","","","NA"
"-81.88","42.45","RIDGETOWN RCS","6137154","2018-03-31 05:00","2018","03","31","05:00","0.7","","-2.1","","82","","0.0","","19","","17","","","","99.79","","","","","","NA"
"-81.88","42.45","RIDGETOWN RCS","6137154","2018-03-31 06:00","2018","03","31","06:00","0.5","","-1.7","","85","","0.0","","19","","14","","","","99.82","","","","","","NA"
"-81.88","42.45","RIDGETOWN RCS","6137154","2018-03-31 07:00","2018","03","31","07:00","1.6","","-1.2","","82","","0.0","","21","","16","","","","99.75","","","","","","NA"
"-81.88","42.45","RIDGETOWN RCS","6137154","2018-03-31 08:00","2018","03","31","08:00","2.7","","-0.8","","77","","0.0","","19","","19","","","","99.64","","","","","","NA"
"-81.88","42.45","RIDGETOWN RCS","6137154","2018-03-31 09:00","2018","03","31","09:00","3.9","","-0.2","","74","","0.0","","27","","24","","","","99.53","","","","","","NA"
"-81.88","42.45","RIDGETOWN RCS","6137154","2018-03-31 10:00","2018","03","31","10:00","5.1","","0.5","","72","","0.0","","21","","24","","","","99.59","","","","","","NA"
"-81.88","42.45","RIDGETOWN RCS","6137154","2018-03-31 11:00","2018","03","31","11:00","6.5","","0.9","","67","","0.0","","20","","25","","","","99.53","","","","","","NA"
"-81.88","42.45","RIDGETOWN RCS","6137154","2018-03-31 12:00","2018","03","31","12:00","7.4","","1.3","","65","","0.0","","20","","30","","","","99.32","","","","","","NA"
"-81.88","42.45","RIDGETOWN RCS","6137154","2018-03-31 13:00","2018","03","31","13:00","7.1","","1.0","","65","","0.0","","28","","32","","","","99.12","","","","","","NA"
"-81.88","42.45","RIDGETOWN RCS","6137154","2018-03-31 14:00","2018","03","31","14:00","7.2","","0.7","","63","","0.0","","21","","30","","","","98.91","","","","","","NA"
"-81.88","42.45","RIDGETOWN RCS","6137154","2018-03-31 15:00","2018","03","31","15:00","7.0","","1.6","","69","","0.3","","29","","33","","","","98.68","","","","","","NA"
"-81.88","42.45","RIDGETOWN RCS","6137154","2018-03-31 16:00","2018","03","31","16:00","7.3","","3.6","","77","","0.8","","30","","34","","","","98.61","","","","","","NA"
"-81.88","42.45","RIDGETOWN RCS","6137154","2018-03-31 17:00","2018","03","31","17:00","7.3","","4.5","","82","","0.7","","22","","37","","","","98.60","","","","","","NA"
"-81.88","42.45","RIDGETOWN RCS","6137154","2018-03-31 18:00","2018","03","31","18:00","7.3","","4.7","","83","","0.2","","22","","36","","","","98.58","","","","","","NA"
"-81.88","42.45","RIDGETOWN RCS","6137154","2018-03-31 19:00","2018","03","31","19:00","8.3","","4.8","","79","","0.2","","22","","35","","","","98.52","","","","","","NA"
"-81.88","42.45","RIDGETOWN RCS","6137154","2018-03-31 20:00","2018","03","31","20:00","8.1","","4.5","","78","","0.0","","25","","31","","","","98.55","","","","","","NA"
"-81.88","42.45","RIDGETOWN RCS","6137154","2018-03-31 21:00","2018","03","31","21:00","8.4","","5.4","","81","","0.0","","26","","30","","","","98.63","","","","","","NA"
"-81.88","42.45","RIDGETOWN RCS","6137154","2018-03-31 22:00","2018","03","31","22:00","7.8","","4.4","","79","","0.0","","29","","18","","","","98.73","","","","","","NA"
"-81.88","42.45","RIDGETOWN RCS","6137154","2018-03-31 23:00","2018","03","31","23:00","3.9","","-0.5","","73","","0.0","","34","","24","","","","98.95","","","","","","NA"
