"Longitude (x)","Latitude (y)","Station Name","Climate ID","Date/Time (LST)","Year","Month","Day","Time (LST)","Temp (°C)","Temp Flag","Dew Point Temp (°C)","Dew Point Temp Flag","Rel Hum (%)","Rel Hum Flag","Precip. Amount (mm)","Precip. Amount Flag","Wind Dir (10s deg)","Wind Dir Flag","Wind Spd (km/h)","Wind Spd Flag","Visibility (km)","Visibility Flag","Stn Press (kPa)","Stn Press Flag","Hmdx","Hmdx Flag","Wind Chill","Wind Chill Flag","Weather"
"-115.55","51.19","BANFF CS","3050519","2019-04-01 00:00","2019","04","01","00:00","-0.1","","-0.6","","96","","0.0","","3","","1","","","","86.32","","","","0","","NA"
"-115.55","51.19","BANFF CS","3050519","2019-04-01 01:00","2019","04","01","01:00","-0.1","","-0.5","","97","","0.0","","3","","2","","","","86.33","","","","-1","","NA"
"-115.55","51.19","BANFF CS","3050519","2019-04-01 02:00","2019","04","01","02:00","-0.2","","-0.6","","98","","0.0","","4","","2","","","","86.32","","","","-1","","NA"
"-115.55","51.19","BANFF CS","3050519","2019-04-01 03:00","2019","04","01","03:00","-0.2","","-0.6","","98","","0.0","","2","","1","","","","86.31","","","","-1","","NA"
"-115.55","51.19","BANFF CS","3050519","2019-04-01 04:00","2019","04","01","04:00","-0.3","","-0.6","","98","","0.0","","7","","2","","","","86.31","","","","-1","","NA"
"-115.55","51.19","BANFF CS","3050519","2019-04-01 05:00","2019","04","01","05:00","-0.4","","-0.8","","97","","0.0","","7","","1","","","","86.29","","","","-1","","NA"
"-115.55","51.19","BANFF CS","3050519","2019-04-01 06:00","2019","04","01","06:00","-0.7","","-1.3","","95","","0.0","","2","","3","","","","86.32","","","","-2","","NA"
"-115.55","51.19","BANFF CS","3050519","2019-04-01 07:00","2019","04","01","07:00","-0.9","","-2.1","","92","","0.0","","3","","3","","","","86.30","","","","-2","","NA"
"-115.55","51.19","BANFF CS","3050519","2019-04-01 08:00","2019","04","01","08:00","-0.5","","-2.1","","89","","0.2","","","","0","","","","86.31","","","","","","NA"
"-115.55","51.19","BANFF CS","3050519","2019-04-01 09:00","2019","04","01","09:00","-0.2","","-2.3","","86","","0.0","","30","","2","","","","86.29","","","","-1","","NA"
"-115.55","51.19","BANFF CS","3050519","2019-04-01 10:00","2019","04","01","10:00","0.8","","-2.0","","81","","0.0","","32","","3","","","","86.24","","","","","","NA"
"-115.55","51.19","BANFF CS","3050519","2019-04-01 11:00","2019","04","01","11:00","2.1","","-1.3","","78","","0.0","","4","","4","","","","86.21","","","","","","NA"
"-115.55","51.19","BANFF CS","3050519","2019-04-01 12:00","2019","04","01","12:00","2.7","","-1.0","","76","","0.0","","3","","8","","","","86.16","","","","","","NA"
"-115.55","51.19","BANFF CS","3050519","2019-04-01 13:00","2019","04","01","13:00","4.7","","-2.2","","61","","0.0","","36","","6","","","","86.10","","","","","","NA"
"-115.55","51.19","BANFF CS","3050519","2019-04-01 14:00","2019","04","01","14:00","6.3","","-4.4","","46","","0.0","","10","","8","","","","86.03","","","","","","NA"
"-115.55","51.19","BANFF CS","3050519","2019-04-01 15:00","2019","04","01","15:00","7.3","","-5.8","","39","","0.0","","6","","2","","","","85.94","","","","","","NA"
"-115.55","51.19","BANFF CS","3050519","2019-04-01 16:00","2019","04","01","16:00","7.3","","-8.2","","32","","0.0","","25","","4","","","","85.88","","","","","","NA"
"-115.55","51.19","BANFF CS","3050519","2019-04-01 17:00","2019","04","01","17:00","7.1","","-4.8","","43","","0.0","","1","","7","","","","85.86","","","","","","NA"
"-115.55","51.19","BANFF CS","3050519","2019-04-01 18:00","2019","04","01","18:00","5.7","","-6.5","","41","","0.0","","5","","10","","","","85.86","","","","","","NA"
"-115.55","51.19","BANFF CS","3050519","2019-04-01 19:00","2019","04","01","19:00","3.5","","-3.5","","60","","0.0","","4","","10","","","","85.88","","","","","","NA"
"-115.55","51.19","BANFF CS","3050519","2019-04-01 20:00","2019","04","01","20:00","2.0","","-2.7","","71","","0.0","","3","","9","","","","85.93","","","","","","NA"
"-115.55","51.19","BANFF CS","3050519","2019-04-01 21:00","2019","04","01","21:00","-0.4","","-4.0","","77","","0.0","","3","","4","","","","85.96","","","","-2","","NA"
"-115.55","51.19","BANFF CS","3050519","2019-04-01 22:00","2019","04","01","22:00","-0.4","","-3.3","","81","","0.0","","36","","3","","","","85.98","","","","-1","","NA"
"-115.55","51.19","BANFF CS","3050519","2019-04-01 23:00","2019","04","01","23:00","-1.3","","-4.6","","78","","0.0","","29","","2","","","","85.98","","","","-2","","NA"
"-115.55","51.19","BANFF CS","3050519","2019-04-02 00:00","2019","04","02","00:00","-2.6","","-5.3","","82","","0.0","","12","","1","","","","85.99","","","","-3","","NA"
"-115.55","51.19","BANFF CS","3050519","2019-04-02 01:00","2019","04","02","01:00","-2.8","","-5.0","","85","","0.0","","0","","1","","","","86.01","","","","-3","","NA"
"-115.55","51.19","BANFF CS","3050519","2019-04-02 02:00","2019","04","02","02:00","-3.3","","-4.9","","89","","0.0","","22","","2","","","","86.01","","","","-4","","NA"
"-115.55","51.19","BANFF CS","3050519","2019-04-02 03:00","2019","04","02","03:00","-3.6","","-4.9","","91","","0.0","","24","","3","","","","86.00","","","","-5","","NA"
"-115.55","51.19","BANFF CS","3050519","2019-04-02 04:00","2019","04","02","04:00","-4.2","","-5.5","","91","","0.0","","22","","3","","","","85.99","","","","-5","","NA"
"-115.55","51.19","BANFF CS","3050519","2019-04-02 05:00","2019","04","02","05:00","-4.4","","-6.2","","87","","0.0","","23","","8","","","","85.99","","","","-8","","NA"
"-115.55","51.19","BANFF CS","3050519","2019-04-02 06:00","2019","04","02","06:00","-5.3","","-7.5","","85","","0.0","","22","","6","","","","85.96","","","","-8","","NA"
"-115.55","51.19","BANFF CS","3050519","2019-04-02 07:00","2019","04","02","07:00","-5.5","","-7.5","","86","","0.0","","26","","1","","","","85.95","","","","-6","","NA"
"-115.55","51.19","BANFF CS","3050519","2019-04-02 08:00","2019","04","02","08:00","-2.8","","-6.7","","75","","0.0","","24","","7","","","","85.92","","","","-6","","NA"
"-115.55","51.19","BANFF CS","3050519","2019-04-02 09:00","2019","04","02","09:00","-0.3","","-6.4","","63","","0.0","","21","","9","","","","85.88","","","","-3","","NA"
"-115.55","51.19","BANFF CS","3050519","2019-04-02 10:00","2019","04","02","10:00","2.3","","-5.9","","54","","0.0","","25","","7","","","","85.80","","","","","","NA"
"-115.55","51.19","BANFF CS","3050519","2019-04-02 11:00","2019","04","02","11:00","5.4","","-7.9","","38","","0.0","","21","","5","","","","85.72","","","","","","NA"
"-115.55","51.19","BANFF CS","3050519","2019-04-02 12:00","2019","04","02","12:00","7.0","","-13.1","","22","","0.0","","27","","7","","","","85.63","","","","","","NA"
"-115.55","51.19","BANFF CS","3050519","2019-04-02 13:00","2019","04","02","13:00","9.1","","-11.2","","22","","0.0","","27","","5","","","","85.53","","","","","","NA"
"-115.55","51.19","BANFF CS","3050519","2019-04-02 14:00","2019","04","02","14:00","8.3","","-13.3","","20","","0.0","","30","","7","","","","85.49","","","","","","NA"
"-115.55","51.19","BANFF CS","3050519","2019-04-02 15:00","2019","04","02","15:00","9.4","","-12.9","","19","","0.0","","19","","12","","","","85.43","","","","","","NA"
"-115.55","51.19","BANFF CS","3050519","2019-04-02 16:00","2019","04","02","16:00","9.2","","-14.3","","17","","0.0","","22","","11","","","","85.35","","","","","","NA"
"-115.55","51.19","BANFF CS","3050519","2019-04-02 17:00","2019","04","02","17:00","9.0","","-14.9","","17","","0.0","","25","","6","","","","85.29","","","","","","NA"
"-115.55","51.19","BANFF CS","3050519","2019-04-02 18:00","2019","04","02","18:00","8.4","","-12.6","","21","","0.0","","21","","8","","","","85.23","","","","","","NA"
"-115.55","51.19","BANFF CS","3050519","2019-04-02 19:00","2019","04","02","19:00","3.5","","-10.7","","35","","0.0","","32","","4","","","","85.21","","","","","","NA"
"-115.55","51.19","BANFF CS","3050519","2019-04-02 20:00","2019","04","02","20:00","-0.7","","-10.0","","49","","0.0","","","","0","","","","85.23","","","","","","NA"
"-115.55","51.19","BANFF CS","3050519","2019-04-02 21:00","2019","04","02","21:00","-2.7","","-9.4","","60","","0.0","","0","","1","","","","85.24","","","","-3","","NA"
"-115.55","51.19","BANFF CS","3050519","2019-04-02 22:00","2019","04","02","22:00","-3.5","","-9.3","","64","","0.0","","4","","3","","","","85.23","","","","-5","","NA"
"-115.55","51.19","BANFF CS","3050519","2019-04-02 23:00","2019","04","02","23:00","-3.9","","-8.8","","69","","0.0","","","","0","","","","85.22","","","","","","NA"
"-115.55","51.19","BANFF CS","3050519","2019-04-03 00:00","2019","04","03","00:00","-4.6","","-8.7","","73","","0.0","","9","","1","","","","85.20","","","","-5","","NA"
"-115.55","51.19","BANFF CS","3050519","2019-04-03 01:00","2019","04","03","01:00","-5.9","","-9.6","","75","","0.0","","1","","4","","","","85.20","","","","-8","","NA"
"-115.55","51.19","BANFF CS","3050519","2019-04-03 02:00","2019","04","03","02:00","-5.9","","-8.9","","79","","0.0","","0","","1","","","","85.20","","","","-6","","NA"
"-115.55","51.19","BANFF CS","3050519","2019-04-03 03:00","2019","04","03","03:00","-6.0","","-8.7","","81","","0.0","","0","","1","","","","85.18","","","","-6","","NA"
"-115.55","51.19","BANFF CS","3050519","2019-04-03 04:00","2019","04","03","04:00","-6.5","","-9.5","","79","","0.0","","32","","1","","","","85.15","","","","-7","","NA"
"-115.55","51.19","BANFF CS","3050519","2019-04-03 05:00","2019","04","03","05:00","-6.5","","-8.7","","84","","0.0","","17","","1","","","","85.13","","","","-7","","NA"
"-115.55","51.19","BANFF CS","3050519","2019-04-03 06:00","2019","04","03","06:00","-4.4","","-9.2","","69","","0.0","","22","","9","","","","85.12","","","","-8","","NA"
"-115.55","51.19","BANFF CS","3050519","2019-04-03 07:00","2019","04","03","07:00","-4.3","","-9.1","","69","","0.0","","21","","8","","","","85.13","","","","-8","","NA"
"-115.55","51.19","BANFF CS","3050519","2019-04-03 08:00","2019","04","03","08:00","-3.0","","-9.0","","63","","0.0","","23","","8","","","","85.11","","","","-6","","NA"
"-115.55","51.19","BANFF CS","3050519","2019-04-03 09:00","2019","04","03","09:00","-1.3","","-8.7","","57","","0.0","","22","","11","","","","85.06","","","","-5","","NA"
"-115.55","51.19","BANFF CS","3050519","2019-04-03 10:00","2019","04","03","10:00","1.1","","-8.7","","48","","0.0","","24","","7","","","","85.02","","","","","","NA"
"-115.55","51.19","BANFF CS","3050519","2019-04-03 11:00","2019","04","03","11:00","4.2","","-9.4","","36","","0.0","","22","","9","","","","84.96","","","","","","NA"
"-115.55","51.19","BANFF CS","3050519","2019-04-03 12:00","2019","04","03","12:00","7.5","","-8.9","","30","","0.0","","23","","5","","","","84.88","","","","","","NA"
"-115.55","51.19","BANFF CS","3050519","2019-04-03 13:00","2019","04","03","13:00","9.8","","-9.7","","24","","0.0","","23","","15","","","","84.84","","","","","","NA"
"-115.55","51.19","BANFF CS","3050519","2019-04-03 14:00","2019","04","03","14:00","9.5","","-8.7","","27","","0.0","","22","","14","","","","84.84","","","","","","NA"
"-115.55","51.19","BANFF CS","3050519","2019-04-03 15:00","2019","04","03","15:00","9.0","","-8.4","","28","","0.0","","23","","15","","","","84.84","","","","","","NA"
"-115.55","51.19","BANFF CS","3050519","2019-04-03 16:00","2019","04","03","16:00","8.4","","-6.9","","33","","0.0","","24","","10","","","","84.88","","","","","","NA"
"-115.55","51.19","BANFF CS","3050519","2019-04-03 17:00","2019","04","03","17:00","7.6","","-5.7","","38","","0.0","","23","","14","","","","84.88","","","","","","NA"
"-115.55","51.19","BANFF CS","3050519","2019-04-03 18:00","2019","04","03","18:00","7.2","","-5.7","","39","","0.0","","25","","11","","","","84.88","","","","","","NA"
"-115.55","51.19","BANFF CS","3050519","2019-04-03 19:00","2019","04","03","19:00","6.6","","-5.4","","42","","0.0","","24","","7","","","","84.88","","","","","","NA"
"-115.55","51.19","BANFF CS","3050519","2019-04-03 20:00","2019","04","03","20:00","5.5","","-3.5","","52","","0.0","","26","","8","","","","84.92","","","","","","NA"
"-115.55","51.19","BANFF CS","3050519","2019-04-03 21:00","2019","04","03","21:00","4.8","","-2.8","","58","","0.0","","25","","11","","","","84.96","","","","","","NA"
"-115.55","51.19","BANFF CS","3050519","2019-04-03 22:00","2019","04","03","22:00","4.0","","-2.9","","61","","0.0","","24","","10","","","","84.97","","","","","","NA"
"-115.55","51.19","BANFF CS","3050519","2019-04-03 23:00","2019","04","03","23:00","2.9","","-2.1","","69","","0.0","","22","","9","","","","84.99","","","","","","NA"
"-115.55","51.19","BANFF CS","3050519","2019-04-04 00:00","2019","04","04","00:00","2.5","","-1.8","","73","","0.0","","22","","11","","","","85.01","","","","","","NA"
"-115.55","51.19","BANFF CS","3050519","2019-04-04 01:00","2019","04","04","01:00","2.5","","-1.5","","75","","0.0","","22","","10","","","","85.04","","","","","","NA"
"-115.55","51.19","BANFF CS","3050519","2019-04-04 02:00","2019","04","04","02:00","2.4","","-1.4","","76","","0.0","","21","","12","","","","85.05","","","","","","NA"
"-115.55","51.19","BANFF CS","3050519","2019-04-04 03:00","2019","04","04","03:00","2.1","","-1.2","","79","","0.0","","22","","11","","","","85.08","","","","","","NA"
"-115.55","51.19","BANFF CS","3050519","2019-04-04 04:00","2019","04","04","04:00","2.1","","-1.3","","78","","0.0","","21","","11","","","","85.11","","","","","","NA"
"-115.55","51.19","BANFF CS","3050519","2019-04-04 05:00","2019","04","04","05:00","2.1","","-1.4","","78","","0.0","","22","","10","","","","85.15","","","","","","NA"
"-115.55","51.19","BANFF CS","3050519","2019-04-04 06:00","2019","04","04","06:00","1.8","","-1.6","","78","","0.0","","23","","8","","","","85.17","","","","","","NA"
"-115.55","51.19","BANFF CS","3050519","2019-04-04 07:00","2019","04","04","07:00","2.4","","-1.2","","77","","0.0","","24","","7","","","","85.22","","","","","","NA"
"-115.55","51.19","BANFF CS","3050519","2019-04-04 08:00","2019","04","04","08:00","4.7","","-1.5","","64","","0.0","","23","","11","","","","85.27","","","","","","NA"
"-115.55","51.19","BANFF CS","3050519","2019-04-04 09:00","2019","04","04","09:00","6.3","","-1.3","","58","","0.0","","22","","12","","","","85.31","","","","","","NA"
"-115.55","51.19","BANFF CS","3050519","2019-04-04 10:00","2019","04","04","10:00","8.5","","-2.1","","47","","0.0","","23","","12","","","","85.30","","","","","","NA"
"-115.55","51.19","BANFF CS","3050519","2019-04-04 11:00","2019","04","04","11:00","7.7","","-3.5","","45","","0.0","","22","","12","","","","85.34","","","","","","NA"
"-115.55","51.19","BANFF CS","3050519","2019-04-04 12:00","2019","04","04","12:00","8.4","","-5.0","","38","","0.0","","26","","11","","","","85.35","","","","","","NA"
"-115.55","51.19","BANFF CS","3050519","2019-04-04 13:00","2019","04","04","13:00","8.8","","-5.5","","36","","0.0","","23","","11","","","","85.32","","","","","","NA"
"-115.55","51.19","BANFF CS","3050519","2019-04-04 14:00","2019","04","04","14:00","9.1","","-5.1","","36","","0.0","","24","","12","","","","85.35","","","","","","NA"
"-115.55","51.19","BANFF CS","3050519","2019-04-04 15:00","2019","04","04","15:00","9.6","","-5.9","","33","","0.0","","24","","12","","","","85.33","","","","","","NA"
"-115.55","51.19","BANFF CS","3050519","2019-04-04 16:00","2019","04","04","16:00","8.9","","-6.6","","33","","0.0","","23","","13","","","","85.35","","","","","","NA"
"-115.55","51.19","BANFF CS","3050519","2019-04-04 17:00","2019","04","04","17:00","9.0","","-6.1","","34","","0.0","","23","","6","","","","85.35","","","","","","NA"
"-115.55","51.19","BANFF CS","3050519","2019-04-04 18:00","2019","04","04","18:00","8.4","","-7.2","","32","","0.0","","26","","6","","","","85.36","","","","","","NA"
"-115.55","51.19","BANFF CS","3050519","2019-04-04 19:00","2019","04","04","19:00","6.2","","-6.1","","41","","0.0","","28","","5","","","","85.37","","","","","","NA"
"-115.55","51.19","BANFF CS","3050519","2019-04-04 20:00","2019","04","04","20:00","3.6","","-5.1","","53","","0.0","","0","","1","","","","85.39","","","","","","NA"
"-115.55","51.19","BANFF CS","3050519","2019-04-04 21:00","2019","04","04","21:00","3.2","","-0.9","","75","","0.0","","4","","9","","","","85.48","","","","","","NA"
"-115.55","51.19","BANFF CS","3050519","2019-04-04 22:00","2019","04","04","22:00","3.0","","-1.1","","74","","0.0","","5","","10","","","","85.49","","","","","","NA"
"-115.55","51.19","BANFF CS","3050519","2019-04-04 23:00","2019","04","04","23:00","1.9","","-2.0","","75","","0.0","","7","","7","","","","85.50","","","","","","NA"
"-115.55","51.19","BANFF CS","3050519","2019-04-05 00:00","2019","04","05","00:00","1.4","","-2.0","","78","","0.0","","8","","6","","","","85.49","","","","","","NA"
"-115.55","51.19","BANFF CS","3050519","2019-04-05 01:00","2019","04","05","01:00","0.0","","-2.3","","85","","0.0","","7","","4","","","","85.48","","","","-1","","NA"
"-115.55","51.19","BANFF CS","3050519","2019-04-05 02:00","2019","04","05","02:00","-2.1","","-3.8","","88","","0.0","","3","","1","","","","85.46","","","","-2","","NA"
"-115.55","51.19","BANFF CS","3050519","2019-04-05 03:00","2019","04","05","03:00","-1.4","","-2.8","","90","","0.0","","31","","2","","","","85.42","","","","-2","","NA"
"-115.55","51.19","BANFF CS","3050519","2019-04-05 04:00","2019","04","05","04:00","-1.0","","-3.2","","85","","0.0","","0","","1","","","","85.41","","","","-1","","NA"
"-115.55","51.19","BANFF CS","3050519","2019-04-05 05:00","2019","04","05","05:00","-1.0","","-3.1","","86","","0.0","","15","","2","","","","85.35","","","","-2","","NA"
"-115.55","51.19","BANFF CS","3050519","2019-04-05 06:00","2019","04","05","06:00","-1.1","","-3.3","","85","","0.0","","23","","3","","","","85.31","","","","-2","","NA"
"-115.55","51.19","BANFF CS","3050519","2019-04-05 07:00","2019","04","05","07:00","-1.0","","-3.1","","86","","0.0","","22","","4","","","","85.30","","","","-2","","NA"
"-115.55","51.19","BANFF CS","3050519","2019-04-05 08:00","2019","04","05","08:00","0.1","","-2.8","","81","","0.0","","22","","6","","","","85.25","","","","","","NA"
"-115.55","51.19","BANFF CS","3050519","2019-04-05 09:00","2019","04","05","09:00","0.6","","-2.8","","78","","0.0","","22","","6","","","","85.21","","","","","","NA"
"-115.55","51.19","BANFF CS","3050519","2019-04-05 10:00","2019","04","05","10:00","2.9","","-2.0","","70","","0.0","","23","","6","","","","85.17","","","","","","NA"
"-115.55","51.19","BANFF CS","3050519","2019-04-05 11:00","2019","04","05","11:00","4.3","","-2.8","","60","","0.0","","13","","2","","","","85.12","","","","","","NA"
"-115.55","51.19","BANFF CS","3050519","2019-04-05 12:00","2019","04","05","12:00","5.6","","-3.6","","51","","0.0","","33","","4","","","","85.06","","","","","","NA"
"-115.55","51.19","BANFF CS","3050519","2019-04-05 13:00","2019","04","05","13:00","8.1","","-2.1","","49","","0.0","","34","","4","","","","84.97","","","","","","NA"
"-115.55","51.19","BANFF CS","3050519","2019-04-05 14:00","2019","04","05","14:00","9.2","","-2.1","","45","","0.0","","15","","6","","","","84.91","","","","","","NA"
"-115.55","51.19","BANFF CS","3050519","2019-04-05 15:00","2019","04","05","15:00","8.9","","-3.0","","43","","0.0","","19","","12","","","","84.86","","","","","","NA"
"-115.55","51.19","BANFF CS","3050519","2019-04-05 16:00","2019","04","05","16:00","9.1","","-2.7","","43","","0.0","","23","","8","","","","84.82","","","","","","NA"
"-115.55","51.19","BANFF CS","3050519","2019-04-05 17:00","2019","04","05","17:00","8.7","","-2.6","","45","","0.0","","22","","9","","","","84.79","","","","","","NA"
"-115.55","51.19","BANFF CS","3050519","2019-04-05 18:00","2019","04","05","18:00","8.5","","-2.1","","47","","0.0","","21","","5","","","","84.76","","","","","","NA"
"-115.55","51.19","BANFF CS","3050519","2019-04-05 19:00","2019","04","05","19:00","7.6","","-0.9","","55","","0.0","","23","","9","","","","84.72","","","","","","NA"
"-115.55","51.19","BANFF CS","3050519","2019-04-05 20:00","2019","04","05","20:00","6.7","","-0.5","","60","","0.0","","24","","5","","","","84.72","","","","","","NA"
"-115.55","51.19","BANFF CS","3050519","2019-04-05 21:00","2019","04","05","21:00","5.7","","-0.2","","66","","0.0","","26","","4","","","","84.77","","","","","","NA"
"-115.55","51.19","BANFF CS","3050519","2019-04-05 22:00","2019","04","05","22:00","5.4","","0.5","","71","","0.0","","25","","7","","","","84.75","","","","","","NA"
"-115.55","51.19","BANFF CS","3050519","2019-04-05 23:00","2019","04","05","23:00","4.4","","0.6","","76","","0.0","","25","","7","","","","84.71","","","","","","NA"
"-115.55","51.19","BANFF CS","3050519","2019-04-06 00:00","2019","04","06","00:00","4.1","","0.7","","79","","0.0","","25","","6","","","","84.70","","","","","","NA"
"-115.55","51.19","BANFF CS","3050519","2019-04-06 01:00","2019","04","06","01:00","2.1","","-0.3","","84","","0.0","","21","","7","","","","84.66","","","","","","NA"
"-115.55","51.19","BANFF CS","3050519","2019-04-06 02:00","2019","04","06","02:00","1.5","","-0.1","","90","","0.0","","22","","8","","","","84.60","","","","","","NA"
"-115.55","51.19","BANFF CS","3050519","2019-04-06 03:00","2019","04","06","03:00","1.2","","-0.6","","88","","0.0","","22","","10","","","","84.54","","","","","","NA"
"-115.55","51.19","BANFF CS","3050519","2019-04-06 04:00","2019","04","06","04:00","1.1","","-0.9","","87","","0.0","","21","","9","","","","84.47","","","","","","NA"
"-115.55","51.19","BANFF CS","3050519","2019-04-06 05:00","2019","04","06","05:00","0.9","","-0.5","","90","","0.0","","20","","11","","","","84.47","","","","","","NA"
"-115.55","51.19","BANFF CS","3050519","2019-04-06 06:00","2019","04","06","06:00","1.6","","-0.7","","85","","0.0","","23","","10","","","","84.41","","","","","","NA"
"-115.55","51.19","BANFF CS","3050519","2019-04-06 07:00","2019","04","06","07:00","2.1","","0.7","","90","","0.0","","24","","9","","","","84.43","","","","","","NA"
"-115.55","51.19","BANFF CS","3050519","2019-04-06 08:00","2019","04","06","08:00","1.1","","0.4","","95","","0.5","","26","","10","","","","84.55","","","","","","NA"
"-115.55","51.19","BANFF CS","3050519","2019-04-06 09:00","2019","04","06","09:00","3.8","","0.2","","77","","0.0","","25","","11","","","","84.55","","","","","","NA"
"-115.55","51.19","BANFF CS","3050519","2019-04-06 10:00","2019","04","06","10:00","6.7","","-6.8","","38","","0.0","","23","","14","","","","84.56","","","","","","NA"
"-115.55","51.19","BANFF CS","3050519","2019-04-06 11:00","2019","04","06","11:00","7.0","","-8.4","","32","","0.0","","22","","19","","","","84.62","","","","","","NA"
"-115.55","51.19","BANFF CS","3050519","2019-04-06 12:00","2019","04","06","12:00","5.9","","-6.4","","41","","0.0","","23","","17","","","","84.65","","","","","","NA"
"-115.55","51.19","BANFF CS","3050519","2019-04-06 13:00","2019","04","06","13:00","5.7","","-6.4","","41","","0.0","","26","","11","","","","84.70","","","","","","NA"
"-115.55","51.19","BANFF CS","3050519","2019-04-06 14:00","2019","04","06","14:00","6.8","","-8.1","","34","","0.0","","25","","11","","","","84.66","","","","","","NA"
"-115.55","51.19","BANFF CS","3050519","2019-04-06 15:00","2019","04","06","15:00","7.0","","-8.7","","32","","0.0","","22","","22","","","","84.63","","","","","","NA"
"-115.55","51.19","BANFF CS","3050519","2019-04-06 16:00","2019","04","06","16:00","7.4","","-9.3","","29","","0.0","","24","","14","","","","84.64","","","","","","NA"
"-115.55","51.19","BANFF CS","3050519","2019-04-06 17:00","2019","04","06","17:00","6.5","","-7.6","","36","","0.0","","21","","16","","","","84.67","","","","","","NA"
"-115.55","51.19","BANFF CS","3050519","2019-04-06 18:00","2019","04","06","18:00","6.1","","-9.5","","32","","0.0","","24","","11","","","","84.71","","","","","","NA"
"-115.55","51.19","BANFF CS","3050519","2019-04-06 19:00","2019","04","06","19:00","5.2","","-8.9","","35","","0.0","","24","","11","","","","84.76","","","","","","NA"
"-115.55","51.19","BANFF CS","3050519","2019-04-06 20:00","2019","04","06","20:00","3.7","","-7.6","","43","","0.0","","24","","6","","","","84.79","","","","","","NA"
"-115.55","51.19","BANFF CS","3050519","2019-04-06 21:00","2019","04","06","21:00","3.7","","-8.1","","42","","0.0","","25","","6","","","","84.82","","","","","","NA"
"-115.55","51.19","BANFF CS","3050519","2019-04-06 22:00","2019","04","06","22:00","3.6","","-7.7","","43","","0.0","","24","","10","","","","84.84","","","","","","NA"
"-115.55","51.19","BANFF CS","3050519","2019-04-06 23:00","2019","04","06","23:00","3.5","","-7.2","","46","","0.0","","23","","10","","","","84.88","","","","","","NA"
"-115.55","51.19","BANFF CS","3050519","2019-04-07 00:00","2019","04","07","00:00","3.0","","-6.3","","50","","0.0","","26","","9","","","","84.96","","","","","","NA"
"-115.55","51.19","BANFF CS","3050519","2019-04-07 01:00","2019","04","07","01:00","3.0","","-6.2","","51","","0.0","","25","","10","","","","85.01","","","","","","NA"
"-115.55","51.19","BANFF CS","3050519","2019-04-07 02:00","2019","04","07","02:00","2.6","","-6.6","","51","","0.0","","25","","11","","","","85.00","","","","","","NA"
"-115.55","51.19","BANFF CS","3050519","2019-04-07 03:00","2019","04","07","03:00","1.9","","-6.2","","55","","0.0","","24","","6","","","","84.99","","","","","","NA"
"-115.55","51.19","BANFF CS","3050519","2019-04-07 04:00","2019","04","07","04:00","2.5","","-7.3","","49","","0.0","","26","","9","","","","85.02","","","","","","NA"
"-115.55","51.19","BANFF CS","3050519","2019-04-07 05:00","2019","04","07","05:00","2.6","","-7.6","","47","","0.0","","27","","9","","","","85.01","","","","","","NA"
"-115.55","51.19","BANFF CS","3050519","2019-04-07 06:00","2019","04","07","06:00","2.1","","-7.0","","51","","0.0","","25","","9","","","","85.02","","","","","","NA"
"-115.55","51.19","BANFF CS","3050519","2019-04-07 07:00","2019","04","07","07:00","1.6","","-6.4","","55","","0.0","","24","","6","","","","85.01","","","","","","NA"
"-115.55","51.19","BANFF CS","3050519","2019-04-07 08:00","2019","04","07","08:00","2.4","","-6.1","","53","","0.0","","23","","8","","","","85.02","","","","","","NA"
"-115.55","51.19","BANFF CS","3050519","2019-04-07 09:00","2019","04","07","09:00","4.6","","-7.7","","40","","0.0","","23","","14","","","","84.98","","","","","","NA"
"-115.55","51.19","BANFF CS","3050519","2019-04-07 10:00","2019","04","07","10:00","5.6","","-8.3","","36","","0.0","","22","","15","","","","84.97","","","","","","NA"
"-115.55","51.19","BANFF CS","3050519","2019-04-07 11:00","2019","04","07","11:00","5.5","","-8.0","","37","","0.0","","23","","12","","","","84.97","","","","","","NA"
"-115.55","51.19","BANFF CS","3050519","2019-04-07 12:00","2019","04","07","12:00","6.1","","-7.9","","36","","0.0","","25","","11","","","","84.97","","","","","","NA"
"-115.55","51.19","BANFF CS","3050519","2019-04-07 13:00","2019","04","07","13:00","6.2","","-6.5","","40","","0.0","","23","","13","","","","84.97","","","","","","NA"
"-115.55","51.19","BANFF CS","3050519","2019-04-07 14:00","2019","04","07","14:00","6.3","","-6.6","","39","","0.0","","24","","9","","","","84.97","","","","","","NA"
"-115.55","51.19","BANFF CS","3050519","2019-04-07 15:00","2019","04","07","15:00","5.8","","-3.9","","50","","0.0","","29","","11","","","","85.03","","","","","","NA"
"-115.55","51.19","BANFF CS","3050519","2019-04-07 16:00","2019","04","07","16:00","7.1","","-6.4","","37","","0.0","","24","","11","","","","85.03","","","","","","NA"
"-115.55","51.19","BANFF CS","3050519","2019-04-07 17:00","2019","04","07","17:00","5.1","","-3.9","","52","","0.0","","25","","12","","","","85.17","","","","","","NA"
"-115.55","51.19","BANFF CS","3050519","2019-04-07 18:00","2019","04","07","18:00","3.8","","-2.2","","65","","0.0","","23","","12","","","","85.26","","","","","","NA"
"-115.55","51.19","BANFF CS","3050519","2019-04-07 19:00","2019","04","07","19:00","2.4","","-1.8","","74","","0.0","","23","","7","","","","85.32","","","","","","NA"
"-115.55","51.19","BANFF CS","3050519","2019-04-07 20:00","2019","04","07","20:00","2.2","","-1.7","","75","","0.0","","22","","9","","","","85.40","","","","","","NA"
"-115.55","51.19","BANFF CS","3050519","2019-04-07 21:00","2019","04","07","21:00","1.4","","-2.4","","76","","0.0","","25","","5","","","","85.47","","","","","","NA"
"-115.55","51.19","BANFF CS","3050519","2019-04-07 22:00","2019","04","07","22:00","1.3","","-2.3","","77","","0.0","","22","","7","","","","85.54","","","","","","NA"
"-115.55","51.19","BANFF CS","3050519","2019-04-07 23:00","2019","04","07","23:00","2.1","","-3.4","","67","","0.0","","24","","7","","","","85.60","","","","","","NA"
"-115.55","51.19","BANFF CS","3050519","2019-04-08 00:00","2019","04","08","00:00","1.4","","-2.5","","76","","0.0","","25","","5","","","","85.65","","","","","","NA"
"-115.55","51.19","BANFF CS","3050519","2019-04-08 01:00","2019","04","08","01:00","0.6","","-2.4","","80","","0.0","","23","","8","","","","85.73","","","","","","NA"
"-115.55","51.19","BANFF CS","3050519","2019-04-08 02:00","2019","04","08","02:00","0.3","","-2.5","","81","","0.0","","23","","9","","","","85.77","","","","","","NA"
"-115.55","51.19","BANFF CS","3050519","2019-04-08 03:00","2019","04","08","03:00","-0.3","","-2.7","","84","","0.0","","22","","6","","","","85.82","","","","-2","","NA"
"-115.55","51.19","BANFF CS","3050519","2019-04-08 04:00","2019","04","08","04:00","-1.3","","-3.2","","87","","0.0","","22","","8","","","","85.84","","","","-4","","NA"
"-115.55","51.19","BANFF CS","3050519","2019-04-08 05:00","2019","04","08","05:00","-1.2","","-2.9","","88","","0.0","","22","","8","","","","85.88","","","","-4","","NA"
"-115.55","51.19","BANFF CS","3050519","2019-04-08 06:00","2019","04","08","06:00","-2.0","","-3.6","","89","","0.0","","21","","8","","","","85.89","","","","-5","","NA"
"-115.55","51.19","BANFF CS","3050519","2019-04-08 07:00","2019","04","08","07:00","-1.8","","-3.8","","86","","0.0","","22","","7","","","","85.93","","","","-4","","NA"
"-115.55","51.19","BANFF CS","3050519","2019-04-08 08:00","2019","04","08","08:00","0.7","","-3.8","","72","","0.0","","21","","10","","","","85.95","","","","","","NA"
"-115.55","51.19","BANFF CS","3050519","2019-04-08 09:00","2019","04","08","09:00","3.5","","-4.1","","58","","0.0","","22","","11","","","","85.93","","","","","","NA"
"-115.55","51.19","BANFF CS","3050519","2019-04-08 10:00","2019","04","08","10:00","5.6","","-8.6","","35","","0.0","","22","","10","","","","85.90","","","","","","NA"
"-115.55","51.19","BANFF CS","3050519","2019-04-08 11:00","2019","04","08","11:00","7.4","","-9.4","","29","","0.0","","22","","9","","","","85.89","","","","","","NA"
"-115.55","51.19","BANFF CS","3050519","2019-04-08 12:00","2019","04","08","12:00","7.9","","-10.5","","26","","0.0","","19","","8","","","","85.82","","","","","","NA"
"-115.55","51.19","BANFF CS","3050519","2019-04-08 13:00","2019","04","08","13:00","9.0","","-11.4","","22","","0.0","","23","","6","","","","85.75","","","","","","NA"
"-115.55","51.19","BANFF CS","3050519","2019-04-08 14:00","2019","04","08","14:00","9.7","","-12.9","","19","","0.0","","24","","11","","","","85.70","","","","","","NA"
"-115.55","51.19","BANFF CS","3050519","2019-04-08 15:00","2019","04","08","15:00","10.0","","-12.4","","19","","0.0","","27","","12","","","","85.68","","","","","","NA"
"-115.55","51.19","BANFF CS","3050519","2019-04-08 16:00","2019","04","08","16:00","9.8","","-12.4","","19","","0.0","","23","","9","","","","85.66","","","","","","NA"
"-115.55","51.19","BANFF CS","3050519","2019-04-08 17:00","2019","04","08","17:00","10.2","","-11.6","","20","","0.0","","27","","8","","","","85.66","","","","","","NA"
"-115.55","51.19","BANFF CS","3050519","2019-04-08 18:00","2019","04","08","18:00","8.6","","-11.1","","24","","0.0","","26","","5","","","","85.63","","","","","","NA"
"-115.55","51.19","BANFF CS","3050519","2019-04-08 19:00","2019","04","08","19:00","5.6","","-9.6","","33","","0.0","","19","","1","","","","85.59","","","","","","NA"
"-115.55","51.19","BANFF CS","3050519","2019-04-08 20:00","2019","04","08","20:00","2.4","","-8.1","","46","","0.0","","31","","2","","","","85.59","","","","","","NA"
"-115.55","51.19","BANFF CS","3050519","2019-04-08 21:00","2019","04","08","21:00","0.1","","-8.3","","53","","0.0","","21","","1","","","","85.61","","","","","","NA"
"-115.55","51.19","BANFF CS","3050519","2019-04-08 22:00","2019","04","08","22:00","-2.0","","-8.0","","63","","0.0","","30","","1","","","","85.63","","","","-2","","NA"
"-115.55","51.19","BANFF CS","3050519","2019-04-08 23:00","2019","04","08","23:00","-2.3","","-8.3","","63","","0.0","","29","","1","","","","85.59","","","","-3","","NA"
"-115.55","51.19","BANFF CS","3050519","2019-04-09 00:00","2019","04","09","00:00","-3.6","","-8.4","","69","","0.0","","32","","3","","","","85.58","","","","-5","","NA"
"-115.55","51.19","BANFF CS","3050519","2019-04-09 01:00","2019","04","09","01:00","-4.0","","-8.4","","72","","0.0","","36","","2","","","","85.60","","","","-5","","NA"
"-115.55","51.19","BANFF CS","3050519","2019-04-09 02:00","2019","04","09","02:00","-4.9","","-8.7","","75","","0.0","","23","","1","","","","85.58","","","","-5","","NA"
"-115.55","51.19","BANFF CS","3050519","2019-04-09 03:00","2019","04","09","03:00","-3.8","","-7.2","","78","","0.0","","32","","1","","","","85.56","","","","-4","","NA"
"-115.55","51.19","BANFF CS","3050519","2019-04-09 04:00","2019","04","09","04:00","-5.2","","-7.7","","83","","0.0","","19","","2","","","","85.55","","","","-6","","NA"
"-115.55","51.19","BANFF CS","3050519","2019-04-09 05:00","2019","04","09","05:00","-4.4","","-7.6","","78","","0.0","","25","","3","","","","85.56","","","","-6","","NA"
"-115.55","51.19","BANFF CS","3050519","2019-04-09 06:00","2019","04","09","06:00","-4.1","","-7.3","","79","","0.0","","","","0","","","","85.57","","","","","","NA"
"-115.55","51.19","BANFF CS","3050519","2019-04-09 07:00","2019","04","09","07:00","-4.1","","-6.7","","82","","0.0","","0","","1","","","","85.60","","","","-5","","NA"
"-115.55","51.19","BANFF CS","3050519","2019-04-09 08:00","2019","04","09","08:00","-2.2","","-6.9","","70","","0.0","","24","","4","","","","85.61","","","","-4","","NA"
"-115.55","51.19","BANFF CS","3050519","2019-04-09 09:00","2019","04","09","09:00","-0.8","","-6.9","","63","","0.0","","22","","4","","","","85.60","","","","-2","","NA"
"-115.55","51.19","BANFF CS","3050519","2019-04-09 10:00","2019","04","09","10:00","2.0","","-7.7","","48","","0.0","","23","","5","","","","85.55","","","","","","NA"
"-115.55","51.19","BANFF CS","3050519","2019-04-09 11:00","2019","04","09","11:00","5.2","","-8.1","","37","","0.0","","24","","2","","","","85.53","","","","","","NA"
"-115.55","51.19","BANFF CS","3050519","2019-04-09 12:00","2019","04","09","12:00","8.2","","-7.5","","32","","0.0","","4","","9","","","","85.50","","","","","","NA"
"-115.55","51.19","BANFF CS","3050519","2019-04-09 13:00","2019","04","09","13:00","8.3","","-4.7","","39","","0.0","","3","","19","","","","85.49","","","","","","NA"
"-115.55","51.19","BANFF CS","3050519","2019-04-09 14:00","2019","04","09","14:00","7.9","","-4.7","","40","","0.0","","5","","12","","","","85.54","","","","","","NA"
"-115.55","51.19","BANFF CS","3050519","2019-04-09 15:00","2019","04","09","15:00","8.6","","-4.7","","38","","0.0","","4","","11","","","","85.53","","","","","","NA"
"-115.55","51.19","BANFF CS","3050519","2019-04-09 16:00","2019","04","09","16:00","8.4","","-5.4","","37","","0.0","","7","","6","","","","85.54","","","","","","NA"
"-115.55","51.19","BANFF CS","3050519","2019-04-09 17:00","2019","04","09","17:00","8.7","","-6.0","","35","","0.0","","6","","4","","","","85.55","","","","","","NA"
"-115.55","51.19","BANFF CS","3050519","2019-04-09 18:00","2019","04","09","18:00","8.0","","-6.1","","36","","0.0","","1","","4","","","","85.59","","","","","","NA"
"-115.55","51.19","BANFF CS","3050519","2019-04-09 19:00","2019","04","09","19:00","5.3","","-1.3","","62","","0.0","","23","","7","","","","85.65","","","","","","NA"
"-115.55","51.19","BANFF CS","3050519","2019-04-09 20:00","2019","04","09","20:00","2.9","","0.1","","82","","0.0","","24","","11","","","","85.72","","","","","","NA"
"-115.55","51.19","BANFF CS","3050519","2019-04-09 21:00","2019","04","09","21:00","2.5","","0.3","","86","","0.0","","23","","10","","","","85.77","","","","","","NA"
"-115.55","51.19","BANFF CS","3050519","2019-04-09 22:00","2019","04","09","22:00","2.0","","0.1","","87","","0.0","","22","","4","","","","85.81","","","","","","NA"
"-115.55","51.19","BANFF CS","3050519","2019-04-09 23:00","2019","04","09","23:00","1.8","","0.5","","91","","0.0","","23","","5","","","","85.80","","","","","","NA"
"-115.55","51.19","BANFF CS","3050519","2019-04-10 00:00","2019","04","10","00:00","1.2","","0.5","","95","","0.0","","24","","5","","","","85.84","","","","","","NA"
"-115.55","51.19","BANFF CS","3050519","2019-04-10 01:00","2019","04","10","01:00","1.0","","0.4","","96","","0.0","","21","","6","","","","85.85","","","","","","NA"
"-115.55","51.19","BANFF CS","3050519","2019-04-10 02:00","2019","04","10","02:00","0.9","","0.4","","97","","0.2","","0","","1","","","","85.84","","","","","","NA"
"-115.55","51.19","BANFF CS","3050519","2019-04-10 03:00","2019","04","10","03:00","0.6","","0.2","","97","","0.0","","","","0","","","","85.82","","","","","","NA"
"-115.55","51.19","BANFF CS","3050519","2019-04-10 04:00","2019","04","10","04:00","0.8","","0.4","","97","","0.0","","21","","5","","","","85.83","","","","","","NA"
"-115.55","51.19","BANFF CS","3050519","2019-04-10 05:00","2019","04","10","05:00","0.4","","0.0","","97","","0.0","","22","","2","","","","85.85","","","","","","NA"
"-115.55","51.19","BANFF CS","3050519","2019-04-10 06:00","2019","04","10","06:00","0.5","","0.0","","97","","0.0","","24","","4","","","","85.87","","","","","","NA"
"-115.55","51.19","BANFF CS","3050519","2019-04-10 07:00","2019","04","10","07:00","0.0","","-0.4","","97","","0.0","","25","","2","","","","85.88","","","","-1","","NA"
"-115.55","51.19","BANFF CS","3050519","2019-04-10 08:00","2019","04","10","08:00","1.2","","-0.3","","90","","0.0","","23","","7","","","","85.88","","","","","","NA"
"-115.55","51.19","BANFF CS","3050519","2019-04-10 09:00","2019","04","10","09:00","2.2","","0.3","","87","","0.0","","22","","6","","","","85.85","","","","","","NA"
"-115.55","51.19","BANFF CS","3050519","2019-04-10 10:00","2019","04","10","10:00","5.1","","-1.3","","64","","0.0","","20","","7","","","","85.78","","","","","","NA"
"-115.55","51.19","BANFF CS","3050519","2019-04-10 11:00","2019","04","10","11:00","7.3","","-4.1","","44","","0.0","","22","","11","","","","85.71","","","","","","NA"
"-115.55","51.19","BANFF CS","3050519","2019-04-10 12:00","2019","04","10","12:00","7.1","","-8.0","","33","","0.0","","24","","16","","","","85.69","","","","","","NA"
"-115.55","51.19","BANFF CS","3050519","2019-04-10 13:00","2019","04","10","13:00","8.6","","-6.2","","34","","0.0","","24","","12","","","","85.62","","","","","","NA"
"-115.55","51.19","BANFF CS","3050519","2019-04-10 14:00","2019","04","10","14:00","6.5","","-4.8","","44","","0.0","","24","","11","","","","85.62","","","","","","NA"
"-115.55","51.19","BANFF CS","3050519","2019-04-10 15:00","2019","04","10","15:00","7.7","","-5.9","","37","","0.0","","23","","12","","","","85.55","","","","","","NA"
"-115.55","51.19","BANFF CS","3050519","2019-04-10 16:00","2019","04","10","16:00","8.5","","-8.2","","30","","0.0","","19","","10","","","","85.48","","","","","","NA"
"-115.55","51.19","BANFF CS","3050519","2019-04-10 17:00","2019","04","10","17:00","7.5","","-9.0","","30","","0.0","","23","","10","","","","85.44","","","","","","NA"
"-115.55","51.19","BANFF CS","3050519","2019-04-10 18:00","2019","04","10","18:00","5.6","","-3.7","","51","","0.0","","8","","8","","","","85.46","","","","","","NA"
"-115.55","51.19","BANFF CS","3050519","2019-04-10 19:00","2019","04","10","19:00","4.0","","-1.3","","68","","0.0","","3","","6","","","","85.46","","","","","","NA"
"-115.55","51.19","BANFF CS","3050519","2019-04-10 20:00","2019","04","10","20:00","3.5","","-1.6","","69","","0.0","","5","","7","","","","85.49","","","","","","NA"
"-115.55","51.19","BANFF CS","3050519","2019-04-10 21:00","2019","04","10","21:00","2.4","","-1.4","","76","","0.0","","3","","6","","","","85.51","","","","","","NA"
"-115.55","51.19","BANFF CS","3050519","2019-04-10 22:00","2019","04","10","22:00","1.6","","-2.1","","76","","0.0","","6","","3","","","","85.48","","","","","","NA"
"-115.55","51.19","BANFF CS","3050519","2019-04-10 23:00","2019","04","10","23:00","-0.3","","-3.2","","81","","0.0","","21","","2","","","","85.45","","","","-1","","NA"
"-115.55","51.19","BANFF CS","3050519","2019-04-11 00:00","2019","04","11","00:00","-0.5","","-2.5","","86","","0.0","","32","","1","","","","85.45","","","","-1","","NA"
"-115.55","51.19","BANFF CS","3050519","2019-04-11 01:00","2019","04","11","01:00","-0.2","","-2.6","","84","","0.0","","23","","3","","","","85.42","","","","-1","","NA"
"-115.55","51.19","BANFF CS","3050519","2019-04-11 02:00","2019","04","11","02:00","0.0","","-1.2","","92","","0.0","","22","","9","","","","85.38","","","","-3","","NA"
"-115.55","51.19","BANFF CS","3050519","2019-04-11 03:00","2019","04","11","03:00","-0.3","","-1.0","","95","","0.0","","23","","6","","","","85.37","","","","-2","","NA"
"-115.55","51.19","BANFF CS","3050519","2019-04-11 04:00","2019","04","11","04:00","-0.2","","-1.2","","93","","0.0","","23","","10","","","","85.38","","","","-4","","NA"
"-115.55","51.19","BANFF CS","3050519","2019-04-11 05:00","2019","04","11","05:00","-0.3","","-1.1","","94","","0.0","","23","","6","","","","85.38","","","","-2","","NA"
"-115.55","51.19","BANFF CS","3050519","2019-04-11 06:00","2019","04","11","06:00","-0.4","","-1.0","","95","","0.0","","22","","6","","","","85.38","","","","-2","","NA"
"-115.55","51.19","BANFF CS","3050519","2019-04-11 07:00","2019","04","11","07:00","-0.2","","-1.2","","94","","0.0","","22","","9","","","","85.39","","","","-3","","NA"
"-115.55","51.19","BANFF CS","3050519","2019-04-11 08:00","2019","04","11","08:00","0.2","","-1.0","","92","","0.0","","22","","7","","","","85.39","","","","","","NA"
"-115.55","51.19","BANFF CS","3050519","2019-04-11 09:00","2019","04","11","09:00","1.5","","-1.6","","80","","0.0","","22","","11","","","","85.38","","","","","","NA"
"-115.55","51.19","BANFF CS","3050519","2019-04-11 10:00","2019","04","11","10:00","3.6","","-3.1","","62","","0.0","","24","","10","","","","85.36","","","","","","NA"
"-115.55","51.19","BANFF CS","3050519","2019-04-11 11:00","2019","04","11","11:00","4.4","","-3.0","","58","","0.0","","23","","15","","","","85.36","","","","","","NA"
"-115.55","51.19","BANFF CS","3050519","2019-04-11 12:00","2019","04","11","12:00","4.5","","-3.4","","56","","0.0","","22","","10","","","","85.33","","","","","","NA"
"-115.55","51.19","BANFF CS","3050519","2019-04-11 13:00","2019","04","11","13:00","7.1","","-4.3","","44","","0.0","","21","","12","","","","85.32","","","","","","NA"
"-115.55","51.19","BANFF CS","3050519","2019-04-11 14:00","2019","04","11","14:00","3.7","","-1.6","","68","","0.0","","8","","14","","","","85.38","","","","","","NA"
"-115.55","51.19","BANFF CS","3050519","2019-04-11 15:00","2019","04","11","15:00","3.2","","-2.3","","67","","0.0","","6","","12","","","","85.38","","","","","","NA"
"-115.55","51.19","BANFF CS","3050519","2019-04-11 16:00","2019","04","11","16:00","1.8","","-0.4","","86","","0.3","","6","","9","","","","85.40","","","","","","NA"
"-115.55","51.19","BANFF CS","3050519","2019-04-11 17:00","2019","04","11","17:00","1.1","","-0.5","","89","","0.0","","5","","7","","","","85.44","","","","","","NA"
"-115.55","51.19","BANFF CS","3050519","2019-04-11 18:00","2019","04","11","18:00","0.1","","-0.5","","96","","2.8","","3","","7","","","","85.48","","","","","","NA"
"-115.55","51.19","BANFF CS","3050519","2019-04-11 19:00","2019","04","11","19:00","0.0","","-0.5","","97","","1.0","","4","","4","","","","85.49","","","","-1","","NA"
"-115.55","51.19","BANFF CS","3050519","2019-04-11 20:00","2019","04","11","20:00","-0.2","","-0.6","","97","","0.3","","5","","2","","","","85.52","","","","-1","","NA"
"-115.55","51.19","BANFF CS","3050519","2019-04-11 21:00","2019","04","11","21:00","-0.8","","-1.1","","98","","0.0","","0","","1","","","","85.55","","","","-1","","NA"
"-115.55","51.19","BANFF CS","3050519","2019-04-11 22:00","2019","04","11","22:00","-0.8","","-1.1","","98","","0.0","","","","0","","","","85.56","","","","","","NA"
"-115.55","51.19","BANFF CS","3050519","2019-04-11 23:00","2019","04","11","23:00","-0.5","","-0.8","","98","","0.0","","36","","1","","","","85.57","","","","-1","","NA"
"-115.55","51.19","BANFF CS","3050519","2019-04-12 00:00","2019","04","12","00:00","-0.6","","-0.9","","97","","0.0","","1","","4","","","","85.57","","","","-2","","NA"
"-115.55","51.19","BANFF CS","3050519","2019-04-12 01:00","2019","04","12","01:00","-1.4","","-1.8","","97","","0.0","","4","","1","","","","85.56","","","","-2","","NA"
"-115.55","51.19","BANFF CS","3050519","2019-04-12 02:00","2019","04","12","02:00","-2.6","","-2.9","","98","","0.0","","0","","1","","","","85.58","","","","-3","","NA"
"-115.55","51.19","BANFF CS","3050519","2019-04-12 03:00","2019","04","12","03:00","-3.1","","-3.3","","98","","0.0","","10","","2","","","","85.60","","","","-4","","NA"
"-115.55","51.19","BANFF CS","3050519","2019-04-12 04:00","2019","04","12","04:00","-2.9","","-3.1","","99","","0.2","","9","","2","","","","85.60","","","","-4","","NA"
"-115.55","51.19","BANFF CS","3050519","2019-04-12 05:00","2019","04","12","05:00","-3.8","","-4.0","","98","","0.0","","1","","2","","","","85.61","","","","-5","","NA"
"-115.55","51.19","BANFF CS","3050519","2019-04-12 06:00","2019","04","12","06:00","-3.4","","-3.7","","98","","0.0","","34","","3","","","","85.65","","","","-5","","NA"
"-115.55","51.19","BANFF CS","3050519","2019-04-12 07:00","2019","04","12","07:00","-4.6","","-5.4","","94","","0.0","","0","","1","","","","85.67","","","","-5","","NA"
"-115.55","51.19","BANFF CS","3050519","2019-04-12 08:00","2019","04","12","08:00","-3.0","","-4.2","","91","","0.0","","5","","2","","","","85.66","","","","-4","","NA"
"-115.55","51.19","BANFF CS","3050519","2019-04-12 09:00","2019","04","12","09:00","-0.6","","-5.8","","68","","0.2","","3","","3","","","","85.61","","","","-2","","NA"
"-115.55","51.19","BANFF CS","3050519","2019-04-12 10:00","2019","04","12","10:00","1.5","","-4.0","","67","","0.0","","4","","5","","","","85.56","","","","","","NA"
"-115.55","51.19","BANFF CS","3050519","2019-04-12 11:00","2019","04","12","11:00","2.9","","-4.7","","57","","0.0","","8","","6","","","","85.52","","","","","","NA"
"-115.55","51.19","BANFF CS","3050519","2019-04-12 12:00","2019","04","12","12:00","3.6","","-4.2","","57","","0.0","","12","","6","","","","85.45","","","","","","NA"
"-115.55","51.19","BANFF CS","3050519","2019-04-12 13:00","2019","04","12","13:00","4.7","","-4.4","","51","","0.0","","7","","7","","","","85.40","","","","","","NA"
"-115.55","51.19","BANFF CS","3050519","2019-04-12 14:00","2019","04","12","14:00","5.6","","-4.6","","48","","0.0","","11","","4","","","","85.34","","","","","","NA"
"-115.55","51.19","BANFF CS","3050519","2019-04-12 15:00","2019","04","12","15:00","5.1","","-5.1","","47","","0.0","","8","","4","","","","85.30","","","","","","NA"
"-115.55","51.19","BANFF CS","3050519","2019-04-12 16:00","2019","04","12","16:00","3.6","","-3.2","","61","","0.0","","36","","12","","","","85.29","","","","","","NA"
"-115.55","51.19","BANFF CS","3050519","2019-04-12 17:00","2019","04","12","17:00","4.4","","-3.0","","59","","0.0","","4","","7","","","","85.26","","","","","","NA"
"-115.55","51.19","BANFF CS","3050519","2019-04-12 18:00","2019","04","12","18:00","3.6","","-1.9","","67","","0.0","","1","","6","","","","85.24","","","","","","NA"
"-115.55","51.19","BANFF CS","3050519","2019-04-12 19:00","2019","04","12","19:00","2.5","","-2.8","","68","","0.0","","36","","11","","","","85.22","","","","","","NA"
"-115.55","51.19","BANFF CS","3050519","2019-04-12 20:00","2019","04","12","20:00","-0.8","","-2.7","","87","","0.0","","7","","2","","","","85.21","","","","-1","","NA"
"-115.55","51.19","BANFF CS","3050519","2019-04-12 21:00","2019","04","12","21:00","-1.9","","-2.9","","93","","0.2","","21","","2","","","","85.22","","","","-3","","NA"
"-115.55","51.19","BANFF CS","3050519","2019-04-12 22:00","2019","04","12","22:00","-1.6","","-3.5","","87","","0.0","","3","","2","","","","85.24","","","","-2","","NA"
"-115.55","51.19","BANFF CS","3050519","2019-04-12 23:00","2019","04","12","23:00","-0.1","","-3.5","","78","","0.0","","23","","7","","","","85.23","","","","-3","","NA"
"-115.55","51.19","BANFF CS","3050519","2019-04-13 00:00","2019","04","13","00:00","-0.7","","-3.6","","81","","0.0","","22","","5","","","","85.22","","","","-2","","NA"
"-115.55","51.19","BANFF CS","3050519","2019-04-13 01:00","2019","04","13","01:00","-2.2","","-3.9","","89","","0.0","","2","","3","","","","85.23","","","","-3","","NA"
"-115.55","51.19","BANFF CS","3050519","2019-04-13 02:00","2019","04","13","02:00","-2.6","","-4.0","","90","","0.0","","3","","3","","","","85.19","","","","-4","","NA"
"-115.55","51.19","BANFF CS","3050519","2019-04-13 03:00","2019","04","13","03:00","-2.8","","-4.2","","90","","0.0","","2","","1","","","","85.16","","","","-3","","NA"
"-115.55","51.19","BANFF CS","3050519","2019-04-13 04:00","2019","04","13","04:00","-2.5","","-4.4","","87","","0.0","","22","","7","","","","85.14","","","","-5","","NA"
"-115.55","51.19","BANFF CS","3050519","2019-04-13 05:00","2019","04","13","05:00","-3.3","","-5.0","","88","","0.0","","20","","1","","","","85.12","","","","-4","","NA"
"-115.55","51.19","BANFF CS","3050519","2019-04-13 06:00","2019","04","13","06:00","-2.6","","-4.5","","86","","0.0","","21","","9","","","","85.06","","","","-6","","NA"
"-115.55","51.19","BANFF CS","3050519","2019-04-13 07:00","2019","04","13","07:00","-1.6","","-4.1","","83","","0.0","","24","","7","","","","85.05","","","","-4","","NA"
"-115.55","51.19","BANFF CS","3050519","2019-04-13 08:00","2019","04","13","08:00","1.8","","-4.8","","62","","0.0","","24","","8","","","","84.98","","","","","","NA"
"-115.55","51.19","BANFF CS","3050519","2019-04-13 09:00","2019","04","13","09:00","3.1","","-7.1","","47","","0.0","","25","","9","","","","84.96","","","","","","NA"
"-115.55","51.19","BANFF CS","3050519","2019-04-13 10:00","2019","04","13","10:00","4.0","","-8.4","","40","","0.0","","25","","9","","","","84.86","","","","","","NA"
"-115.55","51.19","BANFF CS","3050519","2019-04-13 11:00","2019","04","13","11:00","4.1","","-6.6","","46","","0.0","","26","","11","","","","84.81","","","","","","NA"
"-115.55","51.19","BANFF CS","3050519","2019-04-13 12:00","2019","04","13","12:00","4.6","","-6.2","","45","","0.0","","26","","12","","","","84.76","","","","","","NA"
"-115.55","51.19","BANFF CS","3050519","2019-04-13 13:00","2019","04","13","13:00","5.0","","-6.0","","45","","0.0","","26","","14","","","","84.65","","","","","","NA"
"-115.55","51.19","BANFF CS","3050519","2019-04-13 14:00","2019","04","13","14:00","6.0","","-5.9","","42","","0.0","","25","","14","","","","84.57","","","","","","NA"
"-115.55","51.19","BANFF CS","3050519","2019-04-13 15:00","2019","04","13","15:00","6.7","","-5.5","","41","","0.0","","24","","16","","","","84.50","","","","","","NA"
"-115.55","51.19","BANFF CS","3050519","2019-04-13 16:00","2019","04","13","16:00","5.9","","-4.5","","47","","0.0","","23","","16","","","","84.47","","","","","","NA"
"-115.55","51.19","BANFF CS","3050519","2019-04-13 17:00","2019","04","13","17:00","5.8","","-4.7","","47","","0.0","","23","","14","","","","84.39","","","","","","NA"
"-115.55","51.19","BANFF CS","3050519","2019-04-13 18:00","2019","04","13","18:00","5.0","","-3.4","","54","","0.0","","23","","14","","","","84.33","","","","","","NA"
"-115.55","51.19","BANFF CS","3050519","2019-04-13 19:00","2019","04","13","19:00","4.3","","-2.8","","60","","0.0","","23","","9","","","","84.27","","","","","","NA"
"-115.55","51.19","BANFF CS","3050519","2019-04-13 20:00","2019","04","13","20:00","2.9","","-1.9","","71","","0.0","","23","","13","","","","84.27","","","","","","NA"
"-115.55","51.19","BANFF CS","3050519","2019-04-13 21:00","2019","04","13","21:00","1.0","","-0.1","","93","","0.0","","23","","14","","","","84.28","","","","","","NA"
"-115.55","51.19","BANFF CS","3050519","2019-04-13 22:00","2019","04","13","22:00","1.1","","-0.7","","88","","0.0","","25","","6","","","","84.21","","","","","","NA"
"-115.55","51.19","BANFF CS","3050519","2019-04-13 23:00","2019","04","13","23:00","1.7","","-1.6","","79","","0.3","","23","","11","","","","84.18","","","","","","NA"
"-115.55","51.19","BANFF CS","3050519","2019-04-14 00:00","2019","04","14","00:00","1.3","","-1.8","","80","","0.0","","24","","11","","","","84.19","","","","","","NA"
"-115.55","51.19","BANFF CS","3050519","2019-04-14 01:00","2019","04","14","01:00","1.0","","-1.8","","82","","0.0","","25","","8","","","","84.23","","","","","","NA"
"-115.55","51.19","BANFF CS","3050519","2019-04-14 02:00","2019","04","14","02:00","0.1","","-1.8","","87","","0.0","","25","","7","","","","84.18","","","","","","NA"
"-115.55","51.19","BANFF CS","3050519","2019-04-14 03:00","2019","04","14","03:00","0.5","","-2.1","","83","","0.0","","24","","6","","","","84.16","","","","","","NA"
"-115.55","51.19","BANFF CS","3050519","2019-04-14 04:00","2019","04","14","04:00","-0.2","","-1.8","","89","","0.0","","23","","9","","","","84.21","","","","-3","","NA"
"-115.55","51.19","BANFF CS","3050519","2019-04-14 05:00","2019","04","14","05:00","-1.3","","-2.8","","89","","0.0","","22","","10","","","","84.18","","","","-5","","NA"
"-115.55","51.19","BANFF CS","3050519","2019-04-14 06:00","2019","04","14","06:00","-1.7","","-4.0","","84","","0.0","","22","","4","","","","84.20","","","","-3","","NA"
"-115.55","51.19","BANFF CS","3050519","2019-04-14 07:00","2019","04","14","07:00","-0.9","","-3.2","","84","","0.0","","22","","5","","","","84.23","","","","-3","","NA"
"-115.55","51.19","BANFF CS","3050519","2019-04-14 08:00","2019","04","14","08:00","0.5","","-3.9","","72","","0.0","","25","","6","","","","84.28","","","","","","NA"
"-115.55","51.19","BANFF CS","3050519","2019-04-14 09:00","2019","04","14","09:00","1.7","","-3.2","","70","","0.0","","23","","13","","","","84.28","","","","","","NA"
"-115.55","51.19","BANFF CS","3050519","2019-04-14 10:00","2019","04","14","10:00","3.0","","-4.0","","60","","0.0","","22","","15","","","","84.29","","","","","","NA"
"-115.55","51.19","BANFF CS","3050519","2019-04-14 11:00","2019","04","14","11:00","4.8","","-5.7","","46","","0.0","","23","","14","","","","84.31","","","","","","NA"
"-115.55","51.19","BANFF CS","3050519","2019-04-14 12:00","2019","04","14","12:00","4.6","","-5.9","","47","","0.2","","22","","18","","","","84.35","","","","","","NA"
"-115.55","51.19","BANFF CS","3050519","2019-04-14 13:00","2019","04","14","13:00","4.8","","-10.3","","33","","0.0","","22","","17","","","","84.34","","","","","","NA"
"-115.55","51.19","BANFF CS","3050519","2019-04-14 14:00","2019","04","14","14:00","6.0","","-8.4","","35","","0.0","","23","","20","","","","84.38","","","","","","NA"
"-115.55","51.19","BANFF CS","3050519","2019-04-14 15:00","2019","04","14","15:00","5.5","","-9.1","","34","","0.0","","24","","16","","","","84.43","","","","","","NA"
"-115.55","51.19","BANFF CS","3050519","2019-04-14 16:00","2019","04","14","16:00","6.0","","-9.7","","32","","0.0","","26","","10","","","","84.46","","","","","","NA"
"-115.55","51.19","BANFF CS","3050519","2019-04-14 17:00","2019","04","14","17:00","4.2","","-8.0","","40","","0.0","","24","","9","","","","84.50","","","","","","NA"
"-115.55","51.19","BANFF CS","3050519","2019-04-14 18:00","2019","04","14","18:00","3.4","","-7.1","","46","","0.0","","24","","9","","","","84.52","","","","","","NA"
"-115.55","51.19","BANFF CS","3050519","2019-04-14 19:00","2019","04","14","19:00","2.2","","-7.0","","51","","0.0","","23","","8","","","","84.56","","","","","","NA"
"-115.55","51.19","BANFF CS","3050519","2019-04-14 20:00","2019","04","14","20:00","1.8","","-8.5","","46","","0.0","","25","","8","","","","84.61","","","","","","NA"
"-115.55","51.19","BANFF CS","3050519","2019-04-14 21:00","2019","04","14","21:00","-0.3","","-6.7","","62","","0.0","","21","","5","","","","84.66","","","","-2","","NA"
"-115.55","51.19","BANFF CS","3050519","2019-04-14 22:00","2019","04","14","22:00","-1.4","","-6.7","","67","","0.0","","30","","3","","","","84.68","","","","-2","","NA"
"-115.55","51.19","BANFF CS","3050519","2019-04-14 23:00","2019","04","14","23:00","-1.5","","-6.2","","71","","0.2","","23","","5","","","","84.68","","","","-3","","NA"
"-115.55","51.19","BANFF CS","3050519","2019-04-15 00:00","2019","04","15","00:00","-1.3","","-6.3","","69","","0.0","","22","","6","","","","84.71","","","","-4","","NA"
"-115.55","51.19","BANFF CS","3050519","2019-04-15 01:00","2019","04","15","01:00","-2.2","","-6.5","","72","","0.0","","25","","5","","","","84.75","","","","-4","","NA"
"-115.55","51.19","BANFF CS","3050519","2019-04-15 02:00","2019","04","15","02:00","-2.4","","-6.7","","72","","0.0","","21","","7","","","","84.75","","","","-5","","NA"
"-115.55","51.19","BANFF CS","3050519","2019-04-15 03:00","2019","04","15","03:00","-2.6","","-7.1","","71","","0.0","","23","","7","","","","84.76","","","","-5","","NA"
"-115.55","51.19","BANFF CS","3050519","2019-04-15 04:00","2019","04","15","04:00","-3.0","","-7.4","","72","","0.0","","24","","6","","","","84.79","","","","-5","","NA"
"-115.55","51.19","BANFF CS","3050519","2019-04-15 05:00","2019","04","15","05:00","-3.4","","-7.2","","75","","0.0","","23","","7","","","","84.82","","","","-6","","NA"
"-115.55","51.19","BANFF CS","3050519","2019-04-15 06:00","2019","04","15","06:00","-4.0","","-7.3","","78","","0.0","","24","","4","","","","84.84","","","","-6","","NA"
"-115.55","51.19","BANFF CS","3050519","2019-04-15 07:00","2019","04","15","07:00","-3.5","","-7.2","","75","","0.0","","23","","9","","","","84.87","","","","-7","","NA"
"-115.55","51.19","BANFF CS","3050519","2019-04-15 08:00","2019","04","15","08:00","-1.3","","-7.2","","64","","0.0","","23","","11","","","","84.87","","","","-5","","NA"
"-115.55","51.19","BANFF CS","3050519","2019-04-15 09:00","2019","04","15","09:00","1.7","","-7.9","","49","","0.0","","23","","13","","","","84.84","","","","","","NA"
"-115.55","51.19","BANFF CS","3050519","2019-04-15 10:00","2019","04","15","10:00","4.3","","-9.9","","35","","0.0","","23","","12","","","","84.83","","","","","","NA"
"-115.55","51.19","BANFF CS","3050519","2019-04-15 11:00","2019","04","15","11:00","5.5","","-9.5","","33","","0.0","","20","","17","","","","84.82","","","","","","NA"
"-115.55","51.19","BANFF CS","3050519","2019-04-15 12:00","2019","04","15","12:00","5.5","","-10.7","","30","","0.0","","21","","12","","","","84.78","","","","","","NA"
"-115.55","51.19","BANFF CS","3050519","2019-04-15 13:00","2019","04","15","13:00","5.5","","-10.7","","30","","0.0","","24","","12","","","","84.78","","","","","","NA"
"-115.55","51.19","BANFF CS","3050519","2019-04-15 14:00","2019","04","15","14:00","3.7","","-5.8","","50","","0.0","","33","","18","","","","84.83","","","","","","NA"
"-115.55","51.19","BANFF CS","3050519","2019-04-15 15:00","2019","04","15","15:00","4.8","","-7.8","","40","","0.0","","31","","10","","","","84.86","","","","","","NA"
"-115.55","51.19","BANFF CS","3050519","2019-04-15 16:00","2019","04","15","16:00","3.6","","-7.8","","43","","0.0","","30","","12","","","","84.90","","","","","","NA"
"-115.55","51.19","BANFF CS","3050519","2019-04-15 17:00","2019","04","15","17:00","2.7","","-5.0","","57","","0.0","","22","","13","","","","84.96","","","","","","NA"
"-115.55","51.19","BANFF CS","3050519","2019-04-15 18:00","2019","04","15","18:00","3.4","","-6.2","","49","","0.0","","23","","15","","","","84.95","","","","","","NA"
"-115.55","51.19","BANFF CS","3050519","2019-04-15 19:00","2019","04","15","19:00","1.8","","-5.7","","57","","0.0","","24","","7","","","","84.96","","","","","","NA"
"-115.55","51.19","BANFF CS","3050519","2019-04-15 20:00","2019","04","15","20:00","0.5","","-5.2","","65","","0.0","","23","","5","","","","84.98","","","","","","NA"
"-115.55","51.19","BANFF CS","3050519","2019-04-15 21:00","2019","04","15","21:00","-1.0","","-5.5","","71","","0.0","","23","","4","","","","85.06","","","","-2","","NA"
"-115.55","51.19","BANFF CS","3050519","2019-04-15 22:00","2019","04","15","22:00","-1.8","","-5.9","","73","","0.0","","21","","8","","","","85.09","","","","-5","","NA"
"-115.55","51.19","BANFF CS","3050519","2019-04-15 23:00","2019","04","15","23:00","-1.7","","-6.6","","69","","0.0","","23","","11","","","","85.13","","","","-6","","NA"
"-115.55","51.19","BANFF CS","3050519","2019-04-16 00:00","2019","04","16","00:00","-2.6","","-6.8","","73","","0.0","","23","","5","","","","85.18","","","","-5","","NA"
"-115.55","51.19","BANFF CS","3050519","2019-04-16 01:00","2019","04","16","01:00","-3.8","","-7.2","","77","","0.0","","29","","3","","","","85.22","","","","-5","","NA"
"-115.55","51.19","BANFF CS","3050519","2019-04-16 02:00","2019","04","16","02:00","-4.3","","-7.5","","78","","0.2","","30","","2","","","","85.23","","","","-5","","NA"
"-115.55","51.19","BANFF CS","3050519","2019-04-16 03:00","2019","04","16","03:00","-4.7","","-7.8","","79","","0.0","","22","","4","","","","85.23","","","","-6","","NA"
"-115.55","51.19","BANFF CS","3050519","2019-04-16 04:00","2019","04","16","04:00","-5.1","","-8.2","","79","","0.0","","24","","4","","","","85.27","","","","-7","","NA"
"-115.55","51.19","BANFF CS","3050519","2019-04-16 05:00","2019","04","16","05:00","-5.5","","-8.5","","80","","0.0","","25","","5","","","","85.32","","","","-8","","NA"
"-115.55","51.19","BANFF CS","3050519","2019-04-16 06:00","2019","04","16","06:00","-6.1","","-8.8","","81","","0.0","","26","","4","","","","85.35","","","","-8","","NA"
"-115.55","51.19","BANFF CS","3050519","2019-04-16 07:00","2019","04","16","07:00","-4.9","","-8.6","","76","","0.0","","24","","7","","","","85.39","","","","-8","","NA"
"-115.55","51.19","BANFF CS","3050519","2019-04-16 08:00","2019","04","16","08:00","-3.7","","-9.0","","67","","0.0","","23","","9","","","","85.40","","","","-7","","NA"
"-115.55","51.19","BANFF CS","3050519","2019-04-16 09:00","2019","04","16","09:00","-1.3","","-8.5","","58","","0.0","","24","","8","","","","85.39","","","","-4","","NA"
"-115.55","51.19","BANFF CS","3050519","2019-04-16 10:00","2019","04","16","10:00","2.9","","-8.3","","43","","0.0","","23","","9","","","","85.35","","","","","","NA"
"-115.55","51.19","BANFF CS","3050519","2019-04-16 11:00","2019","04","16","11:00","5.6","","-9.7","","32","","0.0","","21","","10","","","","85.30","","","","","","NA"
"-115.55","51.19","BANFF CS","3050519","2019-04-16 12:00","2019","04","16","12:00","7.0","","-12.0","","24","","0.0","","24","","10","","","","85.24","","","","","","NA"
"-115.55","51.19","BANFF CS","3050519","2019-04-16 13:00","2019","04","16","13:00","8.5","","-12.7","","21","","0.0","","21","","19","","","","85.22","","","","","","NA"
"-115.55","51.19","BANFF CS","3050519","2019-04-16 14:00","2019","04","16","14:00","8.1","","-15.2","","17","","0.0","","21","","18","","","","85.21","","","","","","NA"
"-115.55","51.19","BANFF CS","3050519","2019-04-16 15:00","2019","04","16","15:00","8.0","","-12.3","","22","","0.0","","22","","18","","","","85.23","","","","","","NA"
"-115.55","51.19","BANFF CS","3050519","2019-04-16 16:00","2019","04","16","16:00","8.1","","-12.1","","23","","0.0","","24","","13","","","","85.25","","","","","","NA"
"-115.55","51.19","BANFF CS","3050519","2019-04-16 17:00","2019","04","16","17:00","7.2","","-12.1","","24","","0.0","","23","","13","","","","85.27","","","","","","NA"
"-115.55","51.19","BANFF CS","3050519","2019-04-16 18:00","2019","04","16","18:00","7.1","","-11.5","","25","","0.0","","23","","12","","","","85.25","","","","","","NA"
"-115.55","51.19","BANFF CS","3050519","2019-04-16 19:00","2019","04","16","19:00","5.8","","-13.2","","24","","0.0","","25","","8","","","","85.29","","","","","","NA"
"-115.55","51.19","BANFF CS","3050519","2019-04-16 20:00","2019","04","16","20:00","4.0","","-11.6","","31","","0.0","","24","","6","","","","85.30","","","","","","NA"
"-115.55","51.19","BANFF CS","3050519","2019-04-16 21:00","2019","04","16","21:00","2.7","","-10.6","","37","","0.0","","23","","8","","","","85.31","","","","","","NA"
"-115.55","51.19","BANFF CS","3050519","2019-04-16 22:00","2019","04","16","22:00","2.4","","-9.8","","40","","0.0","","23","","8","","","","85.32","","","","","","NA"
"-115.55","51.19","BANFF CS","3050519","2019-04-16 23:00","2019","04","16","23:00","3.2","","-8.1","","43","","0.0","","24","","8","","","","85.34","","","","","","NA"
"-115.55","51.19","BANFF CS","3050519","2019-04-17 00:00","2019","04","17","00:00","3.4","","-7.7","","44","","0.0","","23","","4","","","","85.33","","","","","","NA"
"-115.55","51.19","BANFF CS","3050519","2019-04-17 01:00","2019","04","17","01:00","3.6","","-6.6","","47","","0.0","","27","","4","","","","85.32","","","","","","NA"
"-115.55","51.19","BANFF CS","3050519","2019-04-17 02:00","2019","04","17","02:00","3.9","","-6.4","","47","","0.0","","26","","8","","","","85.29","","","","","","NA"
"-115.55","51.19","BANFF CS","3050519","2019-04-17 03:00","2019","04","17","03:00","2.4","","-6.0","","54","","0.0","","24","","7","","","","85.31","","","","","","NA"
"-115.55","51.19","BANFF CS","3050519","2019-04-17 04:00","2019","04","17","04:00","1.9","","-4.5","","63","","0.0","","22","","10","","","","85.36","","","","","","NA"
"-115.55","51.19","BANFF CS","3050519","2019-04-17 05:00","2019","04","17","05:00","1.5","","-3.2","","71","","0.0","","23","","12","","","","85.37","","","","","","NA"
"-115.55","51.19","BANFF CS","3050519","2019-04-17 06:00","2019","04","17","06:00","1.0","","-2.4","","78","","0.0","","22","","15","","","","85.39","","","","","","NA"
"-115.55","51.19","BANFF CS","3050519","2019-04-17 07:00","2019","04","17","07:00","1.5","","-2.2","","77","","0.0","","23","","12","","","","85.46","","","","","","NA"
"-115.55","51.19","BANFF CS","3050519","2019-04-17 08:00","2019","04","17","08:00","3.9","","-2.1","","65","","0.0","","22","","12","","","","85.53","","","","","","NA"
"-115.55","51.19","BANFF CS","3050519","2019-04-17 09:00","2019","04","17","09:00","5.7","","-4.5","","48","","0.0","","23","","15","","","","85.59","","","","","","NA"
"-115.55","51.19","BANFF CS","3050519","2019-04-17 10:00","2019","04","17","10:00","5.0","","-3.4","","55","","0.0","","22","","17","","","","85.62","","","","","","NA"
"-115.55","51.19","BANFF CS","3050519","2019-04-17 11:00","2019","04","17","11:00","6.5","","-7.3","","37","","0.0","","22","","17","","","","85.62","","","","","","NA"
"-115.55","51.19","BANFF CS","3050519","2019-04-17 12:00","2019","04","17","12:00","9.2","","-6.7","","32","","0.0","","25","","15","","","","85.64","","","","","","NA"
"-115.55","51.19","BANFF CS","3050519","2019-04-17 13:00","2019","04","17","13:00","8.8","","-7.7","","30","","0.0","","23","","20","","","","85.62","","","","","","NA"
"-115.55","51.19","BANFF CS","3050519","2019-04-17 14:00","2019","04","17","14:00","8.7","","-9.3","","27","","0.0","","23","","20","","","","85.61","","","","","","NA"
"-115.55","51.19","BANFF CS","3050519","2019-04-17 15:00","2019","04","17","15:00","9.0","","-8.6","","28","","0.0","","25","","16","","","","85.63","","","","","","NA"
"-115.55","51.19","BANFF CS","3050519","2019-04-17 16:00","2019","04","17","16:00","8.5","","-9.0","","28","","0.0","","24","","19","","","","85.69","","","","","","NA"
"-115.55","51.19","BANFF CS","3050519","2019-04-17 17:00","2019","04","17","17:00","8.6","","-8.9","","28","","0.0","","24","","16","","","","85.75","","","","","","NA"
"-115.55","51.19","BANFF CS","3050519","2019-04-17 18:00","2019","04","17","18:00","8.1","","-8.2","","31","","0.0","","27","","9","","","","85.83","","","","","","NA"
"-115.55","51.19","BANFF CS","3050519","2019-04-17 19:00","2019","04","17","19:00","6.8","","-6.6","","38","","0.0","","26","","10","","","","85.89","","","","","","NA"
"-115.55","51.19","BANFF CS","3050519","2019-04-17 20:00","2019","04","17","20:00","6.4","","-6.3","","40","","0.0","","29","","5","","","","85.95","","","","","","NA"
"-115.55","51.19","BANFF CS","3050519","2019-04-17 21:00","2019","04","17","21:00","6.4","","-6.2","","40","","0.0","","28","","4","","","","86.02","","","","","","NA"
"-115.55","51.19","BANFF CS","3050519","2019-04-17 22:00","2019","04","17","22:00","6.3","","-6.0","","41","","0.0","","26","","5","","","","86.06","","","","","","NA"
"-115.55","51.19","BANFF CS","3050519","2019-04-17 23:00","2019","04","17","23:00","6.9","","-6.2","","39","","0.0","","27","","9","","","","86.09","","","","","","NA"
"-115.55","51.19","BANFF CS","3050519","2019-04-18 00:00","2019","04","18","00:00","6.3","","-5.8","","42","","0.0","","25","","6","","","","86.12","","","","","","NA"
"-115.55","51.19","BANFF CS","3050519","2019-04-18 01:00","2019","04","18","01:00","5.3","","-5.5","","45","","0.0","","23","","8","","","","86.13","","","","","","NA"
"-115.55","51.19","BANFF CS","3050519","2019-04-18 02:00","2019","04","18","02:00","6.2","","-5.2","","44","","0.0","","24","","8","","","","86.08","","","","","","NA"
"-115.55","51.19","BANFF CS","3050519","2019-04-18 03:00","2019","04","18","03:00","5.4","","-5.1","","47","","0.0","","23","","9","","","","86.07","","","","","","NA"
"-115.55","51.19","BANFF CS","3050519","2019-04-18 04:00","2019","04","18","04:00","4.9","","-5.0","","49","","0.0","","23","","7","","","","86.09","","","","","","NA"
"-115.55","51.19","BANFF CS","3050519","2019-04-18 05:00","2019","04","18","05:00","5.3","","-4.6","","49","","0.0","","23","","8","","","","86.07","","","","","","NA"
"-115.55","51.19","BANFF CS","3050519","2019-04-18 06:00","2019","04","18","06:00","3.0","","-4.5","","58","","0.0","","22","","6","","","","86.10","","","","","","NA"
"-115.55","51.19","BANFF CS","3050519","2019-04-18 07:00","2019","04","18","07:00","3.8","","-3.9","","57","","0.0","","23","","10","","","","86.11","","","","","","NA"
"-115.55","51.19","BANFF CS","3050519","2019-04-18 08:00","2019","04","18","08:00","6.5","","-4.0","","47","","0.0","","23","","16","","","","86.08","","","","","","NA"
"-115.55","51.19","BANFF CS","3050519","2019-04-18 09:00","2019","04","18","09:00","8.1","","-3.4","","44","","0.0","","23","","15","","","","86.09","","","","","","NA"
"-115.55","51.19","BANFF CS","3050519","2019-04-18 10:00","2019","04","18","10:00","10.4","","-2.4","","41","","0.0","","22","","19","","","","86.14","","","","","","NA"
"-115.55","51.19","BANFF CS","3050519","2019-04-18 11:00","2019","04","18","11:00","10.4","","-2.5","","40","","0.0","","24","","16","","","","86.10","","","","","","NA"
"-115.55","51.19","BANFF CS","3050519","2019-04-18 12:00","2019","04","18","12:00","11.7","","-2.5","","37","","0.0","","22","","18","","","","86.05","","","","","","NA"
"-115.55","51.19","BANFF CS","3050519","2019-04-18 13:00","2019","04","18","13:00","12.1","","-2.9","","35","","0.0","","23","","19","","","","86.03","","","","","","NA"
"-115.55","51.19","BANFF CS","3050519","2019-04-18 14:00","2019","04","18","14:00","11.9","","-2.0","","38","","0.0","","22","","17","","","","85.94","","","","","","NA"
"-115.55","51.19","BANFF CS","3050519","2019-04-18 15:00","2019","04","18","15:00","12.6","","-1.6","","38","","0.0","","22","","21","","","","85.87","","","","","","NA"
"-115.55","51.19","BANFF CS","3050519","2019-04-18 16:00","2019","04","18","16:00","11.3","","-1.1","","42","","0.0","","23","","18","","","","85.81","","","","","","NA"
"-115.55","51.19","BANFF CS","3050519","2019-04-18 17:00","2019","04","18","17:00","10.4","","0.3","","49","","0.0","","23","","16","","","","85.76","","","","","","NA"
"-115.55","51.19","BANFF CS","3050519","2019-04-18 18:00","2019","04","18","18:00","9.3","","1.0","","56","","0.0","","24","","14","","","","85.69","","","","","","NA"
"-115.55","51.19","BANFF CS","3050519","2019-04-18 19:00","2019","04","18","19:00","7.8","","2.6","","70","","0.0","","24","","12","","","","85.65","","","","","","NA"
"-115.55","51.19","BANFF CS","3050519","2019-04-18 20:00","2019","04","18","20:00","5.7","","3.9","","88","","0.0","","23","","14","","","","85.61","","","","","","NA"
"-115.55","51.19","BANFF CS","3050519","2019-04-18 21:00","2019","04","18","21:00","5.7","","3.6","","86","","0.0","","24","","11","","","","85.52","","","","","","NA"
"-115.55","51.19","BANFF CS","3050519","2019-04-18 22:00","2019","04","18","22:00","7.3","","3.6","","77","","0.0","","23","","10","","","","85.47","","","","","","NA"
"-115.55","51.19","BANFF CS","3050519","2019-04-18 23:00","2019","04","18","23:00","6.6","","3.5","","81","","0.0","","23","","9","","","","85.41","","","","","","NA"
"-115.55","51.19","BANFF CS","3050519","2019-04-19 00:00","2019","04","19","00:00","8.8","","2.1","","63","","0.0","","24","","11","","","","85.37","","","","","","NA"
"-115.55","51.19","BANFF CS","3050519","2019-04-19 01:00","2019","04","19","01:00","8.4","","2.6","","67","","0.0","","23","","10","","","","85.35","","","","","","NA"
"-115.55","51.19","BANFF CS","3050519","2019-04-19 02:00","2019","04","19","02:00","8.2","","2.2","","66","","0.0","","24","","11","","","","85.27","","","","","","NA"
"-115.55","51.19","BANFF CS","3050519","2019-04-19 03:00","2019","04","19","03:00","8.1","","1.9","","65","","0.0","","25","","10","","","","85.28","","","","","","NA"
"-115.55","51.19","BANFF CS","3050519","2019-04-19 04:00","2019","04","19","04:00","8.9","","0.4","","55","","0.0","","28","","10","","","","85.26","","","","","","NA"
"-115.55","51.19","BANFF CS","3050519","2019-04-19 05:00","2019","04","19","05:00","9.5","","-1.2","","47","","0.0","","28","","8","","","","85.20","","","","","","NA"
"-115.55","51.19","BANFF CS","3050519","2019-04-19 06:00","2019","04","19","06:00","8.9","","-0.7","","51","","0.0","","25","","8","","","","85.21","","","","","","NA"
"-115.55","51.19","BANFF CS","3050519","2019-04-19 07:00","2019","04","19","07:00","7.9","","0.8","","61","","0.0","","23","","12","","","","85.26","","","","","","NA"
"-115.55","51.19","BANFF CS","3050519","2019-04-19 08:00","2019","04","19","08:00","6.7","","2.3","","74","","0.0","","20","","12","","","","85.27","","","","","","NA"
"-115.55","51.19","BANFF CS","3050519","2019-04-19 09:00","2019","04","19","09:00","6.9","","3.3","","78","","0.0","","21","","5","","","","85.22","","","","","","NA"
"-115.55","51.19","BANFF CS","3050519","2019-04-19 10:00","2019","04","19","10:00","7.2","","3.1","","75","","0.0","","23","","5","","","","85.16","","","","","","NA"
"-115.55","51.19","BANFF CS","3050519","2019-04-19 11:00","2019","04","19","11:00","8.1","","3.1","","71","","0.0","","20","","1","","","","85.12","","","","","","NA"
"-115.55","51.19","BANFF CS","3050519","2019-04-19 12:00","2019","04","19","12:00","5.8","","3.9","","88","","0.2","","3","","8","","","","85.11","","","","","","NA"
"-115.55","51.19","BANFF CS","3050519","2019-04-19 13:00","2019","04","19","13:00","4.8","","3.6","","92","","0.6","","5","","9","","","","85.08","","","","","","NA"
"-115.55","51.19","BANFF CS","3050519","2019-04-19 14:00","2019","04","19","14:00","4.4","","3.0","","91","","0.5","","4","","9","","","","85.05","","","","","","NA"
"-115.55","51.19","BANFF CS","3050519","2019-04-19 15:00","2019","04","19","15:00","3.5","","2.4","","93","","0.6","","5","","8","","","","85.00","","","","","","NA"
"-115.55","51.19","BANFF CS","3050519","2019-04-19 16:00","2019","04","19","16:00","3.6","","2.0","","89","","0.4","","5","","11","","","","85.01","","","","","","NA"
"-115.55","51.19","BANFF CS","3050519","2019-04-19 17:00","2019","04","19","17:00","3.1","","2.2","","94","","1.9","","8","","5","","","","85.08","","","","","","NA"
"-115.55","51.19","BANFF CS","3050519","2019-04-19 18:00","2019","04","19","18:00","3.0","","1.9","","92","","0.4","","6","","9","","","","85.09","","","","","","NA"
"-115.55","51.19","BANFF CS","3050519","2019-04-19 19:00","2019","04","19","19:00","2.5","","1.3","","92","","0.2","","3","","12","","","","85.13","","","","","","NA"
"-115.55","51.19","BANFF CS","3050519","2019-04-19 20:00","2019","04","19","20:00","1.8","","0.9","","94","","0.0","","4","","9","","","","85.17","","","","","","NA"
"-115.55","51.19","BANFF CS","3050519","2019-04-19 21:00","2019","04","19","21:00","1.2","","0.7","","96","","0.4","","8","","3","","","","85.24","","","","","","NA"
"-115.55","51.19","BANFF CS","3050519","2019-04-19 22:00","2019","04","19","22:00","1.2","","0.5","","96","","0.0","","3","","7","","","","85.27","","","","","","NA"
"-115.55","51.19","BANFF CS","3050519","2019-04-19 23:00","2019","04","19","23:00","0.7","","0.2","","96","","0.3","","2","","2","","","","85.31","","","","","","NA"
"-115.55","51.19","BANFF CS","3050519","2019-04-20 00:00","2019","04","20","00:00","0.3","","0.0","","98","","0.4","","21","","3","","","","85.37","","","","","","NA"
"-115.55","51.19","BANFF CS","3050519","2019-04-20 01:00","2019","04","20","01:00","0.4","","0.1","","98","","0.0","","","","0","","","","85.39","","","","","","NA"
"-115.55","51.19","BANFF CS","3050519","2019-04-20 02:00","2019","04","20","02:00","0.4","","0.2","","99","","0.0","","25","","2","","","","85.38","","","","","","NA"
"-115.55","51.19","BANFF CS","3050519","2019-04-20 03:00","2019","04","20","03:00","0.4","","0.3","","99","","0.0","","31","","1","","","","85.37","","","","","","NA"
"-115.55","51.19","BANFF CS","3050519","2019-04-20 04:00","2019","04","20","04:00","0.5","","0.3","","99","","0.0","","34","","2","","","","85.41","","","","","","NA"
"-115.55","51.19","BANFF CS","3050519","2019-04-20 05:00","2019","04","20","05:00","0.3","","0.2","","99","","0.0","","21","","5","","","","85.43","","","","","","NA"
"-115.55","51.19","BANFF CS","3050519","2019-04-20 06:00","2019","04","20","06:00","0.0","","-0.1","","99","","0.0","","","","0","","","","85.47","","","","","","NA"
"-115.55","51.19","BANFF CS","3050519","2019-04-20 07:00","2019","04","20","07:00","0.5","","0.4","","99","","0.0","","27","","2","","","","85.51","","","","","","NA"
"-115.55","51.19","BANFF CS","3050519","2019-04-20 08:00","2019","04","20","08:00","1.5","","1.1","","98","","0.0","","21","","3","","","","85.54","","","","","","NA"
"-115.55","51.19","BANFF CS","3050519","2019-04-20 09:00","2019","04","20","09:00","2.3","","0.6","","88","","0.0","","0","","1","","","","85.53","","","","","","NA"
"-115.55","51.19","BANFF CS","3050519","2019-04-20 10:00","2019","04","20","10:00","4.2","","0.3","","75","","0.0","","6","","4","","","","85.53","","","","","","NA"
"-115.55","51.19","BANFF CS","3050519","2019-04-20 11:00","2019","04","20","11:00","6.9","","-0.1","","61","","0.0","","5","","7","","","","85.53","","","","","","NA"
"-115.55","51.19","BANFF CS","3050519","2019-04-20 12:00","2019","04","20","12:00","5.2","","-0.5","","67","","0.0","","5","","10","","","","85.51","","","","","","NA"
"-115.55","51.19","BANFF CS","3050519","2019-04-20 13:00","2019","04","20","13:00","6.7","","-1.7","","55","","0.0","","4","","8","","","","85.47","","","","","","NA"
"-115.55","51.19","BANFF CS","3050519","2019-04-20 14:00","2019","04","20","14:00","8.3","","-3.5","","43","","0.0","","36","","10","","","","85.45","","","","","","NA"
"-115.55","51.19","BANFF CS","3050519","2019-04-20 15:00","2019","04","20","15:00","8.1","","-5.0","","39","","0.0","","5","","10","","","","85.44","","","","","","NA"
"-115.55","51.19","BANFF CS","3050519","2019-04-20 16:00","2019","04","20","16:00","8.4","","-5.5","","37","","0.0","","5","","9","","","","85.45","","","","","","NA"
"-115.55","51.19","BANFF CS","3050519","2019-04-20 17:00","2019","04","20","17:00","9.7","","-4.6","","36","","0.0","","10","","10","","","","85.48","","","","","","NA"
"-115.55","51.19","BANFF CS","3050519","2019-04-20 18:00","2019","04","20","18:00","9.1","","-4.0","","39","","0.0","","11","","8","","","","85.56","","","","","","NA"
"-115.55","51.19","BANFF CS","3050519","2019-04-20 19:00","2019","04","20","19:00","6.0","","-2.5","","54","","0.0","","3","","11","","","","85.63","","","","","","NA"
"-115.55","51.19","BANFF CS","3050519","2019-04-20 20:00","2019","04","20","20:00","4.9","","-2.0","","61","","0.0","","3","","13","","","","85.71","","","","","","NA"
"-115.55","51.19","BANFF CS","3050519","2019-04-20 21:00","2019","04","20","21:00","3.1","","-1.8","","70","","0.0","","4","","7","","","","85.81","","","","","","NA"
"-115.55","51.19","BANFF CS","3050519","2019-04-20 22:00","2019","04","20","22:00","0.7","","-4.2","","70","","0.0","","4","","5","","","","85.89","","","","","","NA"
"-115.55","51.19","BANFF CS","3050519","2019-04-20 23:00","2019","04","20","23:00","-1.4","","-4.4","","80","","0.0","","","","0","","","","85.95","","","","","","NA"
"-115.55","51.19","BANFF CS","3050519","2019-04-21 00:00","2019","04","21","00:00","-2.4","","-4.3","","87","","0.0","","25","","1","","","","86.03","","","","-3","","NA"
"-115.55","51.19","BANFF CS","3050519","2019-04-21 01:00","2019","04","21","01:00","-2.7","","-4.2","","89","","0.0","","23","","2","","","","86.10","","","","-3","","NA"
"-115.55","51.19","BANFF CS","3050519","2019-04-21 02:00","2019","04","21","02:00","-2.6","","-4.9","","85","","0.0","","21","","1","","","","86.12","","","","-3","","NA"
"-115.55","51.19","BANFF CS","3050519","2019-04-21 03:00","2019","04","21","03:00","-3.1","","-5.8","","81","","0.0","","30","","2","","","","86.16","","","","-4","","NA"
"-115.55","51.19","BANFF CS","3050519","2019-04-21 04:00","2019","04","21","04:00","-4.1","","-6.3","","85","","0.2","","","","0","","","","86.20","","","","","","NA"
"-115.55","51.19","BANFF CS","3050519","2019-04-21 05:00","2019","04","21","05:00","-4.9","","-7.0","","85","","0.0","","27","","1","","","","86.23","","","","-5","","NA"
"-115.55","51.19","BANFF CS","3050519","2019-04-21 06:00","2019","04","21","06:00","-4.0","","-6.6","","82","","0.0","","22","","3","","","","86.28","","","","-5","","NA"
"-115.55","51.19","BANFF CS","3050519","2019-04-21 07:00","2019","04","21","07:00","-2.2","","-6.8","","71","","0.0","","22","","10","","","","86.32","","","","-6","","NA"
"-115.55","51.19","BANFF CS","3050519","2019-04-21 08:00","2019","04","21","08:00","0.1","","-7.4","","57","","0.0","","23","","10","","","","86.31","","","","","","NA"
"-115.55","51.19","BANFF CS","3050519","2019-04-21 09:00","2019","04","21","09:00","3.2","","-8.8","","41","","0.0","","23","","12","","","","86.27","","","","","","NA"
"-115.55","51.19","BANFF CS","3050519","2019-04-21 10:00","2019","04","21","10:00","6.5","","-9.6","","31","","0.0","","22","","9","","","","86.25","","","","","","NA"
"-115.55","51.19","BANFF CS","3050519","2019-04-21 11:00","2019","04","21","11:00","8.9","","-10.2","","25","","0.0","","21","","11","","","","86.21","","","","","","NA"
"-115.55","51.19","BANFF CS","3050519","2019-04-21 12:00","2019","04","21","12:00","10.8","","-11.6","","19","","0.0","","22","","12","","","","86.16","","","","","","NA"
"-115.55","51.19","BANFF CS","3050519","2019-04-21 13:00","2019","04","21","13:00","12.1","","-12.5","","17","","0.0","","23","","14","","","","86.13","","","","","","NA"
"-115.55","51.19","BANFF CS","3050519","2019-04-21 14:00","2019","04","21","14:00","12.9","","-13.9","","14","","0.0","","22","","18","","","","86.12","","","","","","NA"
"-115.55","51.19","BANFF CS","3050519","2019-04-21 15:00","2019","04","21","15:00","13.2","","-13.6","","14","","0.0","","21","","17","","","","86.08","","","","","","NA"
"-115.55","51.19","BANFF CS","3050519","2019-04-21 16:00","2019","04","21","16:00","12.6","","-15.1","","13","","0.0","","23","","17","","","","86.06","","","","","","NA"
"-115.55","51.19","BANFF CS","3050519","2019-04-21 17:00","2019","04","21","17:00","12.8","","-16.0","","12","","0.0","","24","","12","","","","86.07","","","","","","NA"
"-115.55","51.19","BANFF CS","3050519","2019-04-21 18:00","2019","04","21","18:00","11.9","","-17.2","","11","","0.0","","25","","11","","","","86.08","","","","","","NA"
"-115.55","51.19","BANFF CS","3050519","2019-04-21 19:00","2019","04","21","19:00","9.6","","-15.5","","15","","0.0","","23","","5","","","","86.10","","","","","","NA"
"-115.55","51.19","BANFF CS","3050519","2019-04-21 20:00","2019","04","21","20:00","6.6","","-13.3","","23","","0.0","","23","","4","","","","86.13","","","","","","NA"
"-115.55","51.19","BANFF CS","3050519","2019-04-21 21:00","2019","04","21","21:00","3.3","","-12.7","","30","","0.0","","25","","3","","","","86.19","","","","","","NA"
"-115.55","51.19","BANFF CS","3050519","2019-04-21 22:00","2019","04","21","22:00","3.5","","-11.5","","32","","0.0","","21","","4","","","","86.19","","","","","","NA"
"-115.55","51.19","BANFF CS","3050519","2019-04-21 23:00","2019","04","21","23:00","2.9","","-10.8","","36","","0.0","","20","","8","","","","86.22","","","","","","NA"
"-115.55","51.19","BANFF CS","3050519","2019-04-22 00:00","2019","04","22","00:00","1.2","","-10.2","","42","","0.0","","22","","5","","","","86.24","","","","","","NA"
"-115.55","51.19","BANFF CS","3050519","2019-04-22 01:00","2019","04","22","01:00","0.6","","-9.8","","46","","0.0","","23","","7","","","","86.27","","","","","","NA"
"-115.55","51.19","BANFF CS","3050519","2019-04-22 02:00","2019","04","22","02:00","-0.5","","-9.3","","52","","0.0","","22","","8","","","","86.24","","","","-3","","NA"
"-115.55","51.19","BANFF CS","3050519","2019-04-22 03:00","2019","04","22","03:00","-1.2","","-9.0","","55","","0.0","","20","","9","","","","86.22","","","","-4","","NA"
"-115.55","51.19","BANFF CS","3050519","2019-04-22 04:00","2019","04","22","04:00","-1.3","","-8.8","","57","","0.0","","21","","11","","","","86.22","","","","-5","","NA"
"-115.55","51.19","BANFF CS","3050519","2019-04-22 05:00","2019","04","22","05:00","-1.6","","-8.8","","58","","0.0","","22","","10","","","","86.15","","","","-5","","NA"
"-115.55","51.19","BANFF CS","3050519","2019-04-22 06:00","2019","04","22","06:00","-1.2","","-8.6","","57","","0.0","","22","","13","","","","86.11","","","","-5","","NA"
"-115.55","51.19","BANFF CS","3050519","2019-04-22 07:00","2019","04","22","07:00","0.6","","-8.2","","52","","0.0","","19","","10","","","","86.10","","","","","","NA"
"-115.55","51.19","BANFF CS","3050519","2019-04-22 08:00","2019","04","22","08:00","3.6","","-8.5","","41","","0.0","","23","","15","","","","86.05","","","","","","NA"
"-115.55","51.19","BANFF CS","3050519","2019-04-22 09:00","2019","04","22","09:00","8.5","","-8.1","","30","","0.0","","23","","16","","","","85.97","","","","","","NA"
"-115.55","51.19","BANFF CS","3050519","2019-04-22 10:00","2019","04","22","10:00","12.2","","-7.7","","24","","0.0","","24","","16","","","","85.90","","","","","","NA"
"-115.55","51.19","BANFF CS","3050519","2019-04-22 11:00","2019","04","22","11:00","11.8","","-7.3","","26","","0.0","","23","","20","","","","85.82","","","","","","NA"
"-115.55","51.19","BANFF CS","3050519","2019-04-22 12:00","2019","04","22","12:00","12.6","","-6.7","","25","","0.0","","24","","20","","","","85.71","","","","","","NA"
"-115.55","51.19","BANFF CS","3050519","2019-04-22 13:00","2019","04","22","13:00","12.8","","-6.4","","26","","0.0","","24","","20","","","","85.62","","","","","","NA"
"-115.55","51.19","BANFF CS","3050519","2019-04-22 14:00","2019","04","22","14:00","13.7","","-5.5","","26","","0.0","","23","","27","","","","85.53","","","","","","NA"
"-115.55","51.19","BANFF CS","3050519","2019-04-22 15:00","2019","04","22","15:00","13.9","","-4.6","","28","","0.0","","24","","20","","","","85.50","","","","","","NA"
"-115.55","51.19","BANFF CS","3050519","2019-04-22 16:00","2019","04","22","16:00","13.1","","-4.1","","30","","0.0","","23","","26","","","","85.50","","","","","","NA"
"-115.55","51.19","BANFF CS","3050519","2019-04-22 17:00","2019","04","22","17:00","11.5","","-3.0","","36","","0.0","","24","","22","","","","85.54","","","","","","NA"
"-115.55","51.19","BANFF CS","3050519","2019-04-22 18:00","2019","04","22","18:00","9.7","","-0.7","","48","","0.0","","23","","25","","","","85.56","","","","","","NA"
"-115.55","51.19","BANFF CS","3050519","2019-04-22 19:00","2019","04","22","19:00","9.7","","-1.2","","47","","0.0","","24","","14","","","","85.48","","","","","","NA"
"-115.55","51.19","BANFF CS","3050519","2019-04-22 20:00","2019","04","22","20:00","9.7","","-1.6","","45","","0.0","","24","","16","","","","85.46","","","","","","NA"
"-115.55","51.19","BANFF CS","3050519","2019-04-22 21:00","2019","04","22","21:00","9.8","","-2.7","","41","","0.0","","24","","15","","","","85.48","","","","","","NA"
"-115.55","51.19","BANFF CS","3050519","2019-04-22 22:00","2019","04","22","22:00","9.4","","-2.7","","43","","0.0","","26","","10","","","","85.53","","","","","","NA"
"-115.55","51.19","BANFF CS","3050519","2019-04-22 23:00","2019","04","22","23:00","9.4","","-3.0","","42","","0.0","","25","","13","","","","85.52","","","","","","NA"
"-115.55","51.19","BANFF CS","3050519","2019-04-23 00:00","2019","04","23","00:00","8.9","","-3.2","","42","","0.0","","25","","8","","","","85.51","","","","","","NA"
"-115.55","51.19","BANFF CS","3050519","2019-04-23 01:00","2019","04","23","01:00","8.5","","-3.2","","44","","0.0","","26","","7","","","","85.50","","","","","","NA"
"-115.55","51.19","BANFF CS","3050519","2019-04-23 02:00","2019","04","23","02:00","8.6","","-3.5","","42","","0.0","","26","","7","","","","85.48","","","","","","NA"
"-115.55","51.19","BANFF CS","3050519","2019-04-23 03:00","2019","04","23","03:00","8.3","","-2.8","","45","","0.0","","26","","11","","","","85.49","","","","","","NA"
"-115.55","51.19","BANFF CS","3050519","2019-04-23 04:00","2019","04","23","04:00","7.6","","-4.1","","43","","0.0","","26","","7","","","","85.47","","","","","","NA"
"-115.55","51.19","BANFF CS","3050519","2019-04-23 05:00","2019","04","23","05:00","7.0","","-4.2","","45","","0.0","","25","","8","","","","85.47","","","","","","NA"
"-115.55","51.19","BANFF CS","3050519","2019-04-23 06:00","2019","04","23","06:00","7.1","","-4.2","","44","","0.0","","27","","7","","","","85.50","","","","","","NA"
"-115.55","51.19","BANFF CS","3050519","2019-04-23 07:00","2019","04","23","07:00","7.8","","-5.4","","39","","0.0","","25","","8","","","","85.55","","","","","","NA"
"-115.55","51.19","BANFF CS","3050519","2019-04-23 08:00","2019","04","23","08:00","9.2","","-4.8","","37","","0.0","","21","","15","","","","85.52","","","","","","NA"
"-115.55","51.19","BANFF CS","3050519","2019-04-23 09:00","2019","04","23","09:00","9.2","","-6.3","","33","","0.0","","22","","16","","","","85.54","","","","","","NA"
"-115.55","51.19","BANFF CS","3050519","2019-04-23 10:00","2019","04","23","10:00","10.9","","-6.1","","30","","0.0","","22","","18","","","","85.50","","","","","","NA"
"-115.55","51.19","BANFF CS","3050519","2019-04-23 11:00","2019","04","23","11:00","11.0","","-6.2","","29","","0.0","","22","","21","","","","85.49","","","","","","NA"
"-115.55","51.19","BANFF CS","3050519","2019-04-23 12:00","2019","04","23","12:00","12.3","","-7.1","","25","","0.0","","22","","20","","","","85.46","","","","","","NA"
"-115.55","51.19","BANFF CS","3050519","2019-04-23 13:00","2019","04","23","13:00","12.0","","-5.9","","28","","0.0","","21","","22","","","","85.45","","","","","","NA"
"-115.55","51.19","BANFF CS","3050519","2019-04-23 14:00","2019","04","23","14:00","12.0","","-6.0","","28","","0.0","","22","","18","","","","85.43","","","","","","NA"
"-115.55","51.19","BANFF CS","3050519","2019-04-23 15:00","2019","04","23","15:00","11.7","","-6.6","","27","","0.0","","24","","15","","","","85.44","","","","","","NA"
"-115.55","51.19","BANFF CS","3050519","2019-04-23 16:00","2019","04","23","16:00","9.0","","-2.8","","43","","0.0","","23","","18","","","","85.53","","","","","","NA"
"-115.55","51.19","BANFF CS","3050519","2019-04-23 17:00","2019","04","23","17:00","6.3","","1.4","","71","","0.0","","32","","17","","","","85.62","","","","","","NA"
"-115.55","51.19","BANFF CS","3050519","2019-04-23 18:00","2019","04","23","18:00","8.5","","-3.9","","41","","0.0","","28","","5","","","","85.57","","","","","","NA"
"-115.55","51.19","BANFF CS","3050519","2019-04-23 19:00","2019","04","23","19:00","8.3","","-4.9","","39","","0.0","","31","","8","","","","85.59","","","","","","NA"
"-115.55","51.19","BANFF CS","3050519","2019-04-23 20:00","2019","04","23","20:00","5.6","","-1.9","","59","","0.0","","25","","7","","","","85.63","","","","","","NA"
"-115.55","51.19","BANFF CS","3050519","2019-04-23 21:00","2019","04","23","21:00","4.4","","-1.6","","65","","0.0","","24","","6","","","","85.68","","","","","","NA"
"-115.55","51.19","BANFF CS","3050519","2019-04-23 22:00","2019","04","23","22:00","3.5","","-1.9","","68","","0.0","","23","","8","","","","85.70","","","","","","NA"
"-115.55","51.19","BANFF CS","3050519","2019-04-23 23:00","2019","04","23","23:00","2.7","","-2.2","","70","","0.0","","22","","8","","","","85.73","","","","","","NA"
"-115.55","51.19","BANFF CS","3050519","2019-04-24 00:00","2019","04","24","00:00","2.5","","-1.6","","74","","0.0","","22","","6","","","","85.74","","","","","","NA"
"-115.55","51.19","BANFF CS","3050519","2019-04-24 01:00","2019","04","24","01:00","1.3","","-1.6","","81","","0.0","","21","","9","","","","85.75","","","","","","NA"
"-115.55","51.19","BANFF CS","3050519","2019-04-24 02:00","2019","04","24","02:00","-0.4","","-3.1","","82","","0.0","","22","","6","","","","85.76","","","","-2","","NA"
"-115.55","51.19","BANFF CS","3050519","2019-04-24 03:00","2019","04","24","03:00","-1.8","","-4.2","","83","","0.0","","27","","1","","","","85.77","","","","-2","","NA"
"-115.55","51.19","BANFF CS","3050519","2019-04-24 04:00","2019","04","24","04:00","-1.8","","-3.4","","89","","0.0","","23","","3","","","","85.79","","","","-3","","NA"
"-115.55","51.19","BANFF CS","3050519","2019-04-24 05:00","2019","04","24","05:00","-1.9","","-3.7","","88","","0.0","","31","","2","","","","85.77","","","","-3","","NA"
"-115.55","51.19","BANFF CS","3050519","2019-04-24 06:00","2019","04","24","06:00","-1.4","","-3.4","","87","","0.0","","25","","3","","","","85.77","","","","-2","","NA"
"-115.55","51.19","BANFF CS","3050519","2019-04-24 07:00","2019","04","24","07:00","-0.1","","-3.0","","81","","0.0","","21","","11","","","","85.78","","","","-4","","NA"
"-115.55","51.19","BANFF CS","3050519","2019-04-24 08:00","2019","04","24","08:00","2.7","","-1.8","","72","","0.0","","23","","12","","","","85.78","","","","","","NA"
"-115.55","51.19","BANFF CS","3050519","2019-04-24 09:00","2019","04","24","09:00","6.7","","-3.2","","49","","0.0","","22","","13","","","","85.71","","","","","","NA"
"-115.55","51.19","BANFF CS","3050519","2019-04-24 10:00","2019","04","24","10:00","7.1","","-6.3","","38","","0.0","","25","","11","","","","85.69","","","","","","NA"
"-115.55","51.19","BANFF CS","3050519","2019-04-24 11:00","2019","04","24","11:00","8.8","","-7.7","","30","","0.0","","23","","19","","","","85.71","","","","","","NA"
"-115.55","51.19","BANFF CS","3050519","2019-04-24 12:00","2019","04","24","12:00","8.1","","-7.1","","33","","0.0","","23","","19","","","","85.77","","","","","","NA"
"-115.55","51.19","BANFF CS","3050519","2019-04-24 13:00","2019","04","24","13:00","11.0","","-10.3","","21","","0.0","","22","","18","","","","85.74","","","","","","NA"
"-115.55","51.19","BANFF CS","3050519","2019-04-24 14:00","2019","04","24","14:00","10.3","","-7.7","","27","","0.0","","26","","13","","","","85.80","","","","","","NA"
"-115.55","51.19","BANFF CS","3050519","2019-04-24 15:00","2019","04","24","15:00","10.2","","-13.1","","18","","0.0","","25","","15","","","","85.84","","","","","","NA"
"-115.55","51.19","BANFF CS","3050519","2019-04-24 16:00","2019","04","24","16:00","9.4","","-13.5","","18","","0.0","","25","","13","","","","85.88","","","","","","NA"
"-115.55","51.19","BANFF CS","3050519","2019-04-24 17:00","2019","04","24","17:00","9.0","","-13.8","","18","","0.0","","26","","11","","","","85.97","","","","","","NA"
"-115.55","51.19","BANFF CS","3050519","2019-04-24 18:00","2019","04","24","18:00","7.2","","-13.0","","22","","0.0","","27","","8","","","","86.03","","","","","","NA"
"-115.55","51.19","BANFF CS","3050519","2019-04-24 19:00","2019","04","24","19:00","5.9","","-13.4","","23","","0.0","","28","","8","","","","86.09","","","","","","NA"
"-115.55","51.19","BANFF CS","3050519","2019-04-24 20:00","2019","04","24","20:00","4.5","","-13.2","","26","","0.0","","28","","6","","","","86.16","","","","","","NA"
"-115.55","51.19","BANFF CS","3050519","2019-04-24 21:00","2019","04","24","21:00","3.3","","-12.3","","31","","0.0","","25","","6","","","","86.26","","","","","","NA"
"-115.55","51.19","BANFF CS","3050519","2019-04-24 22:00","2019","04","24","22:00","2.0","","-11.2","","37","","0.0","","23","","7","","","","86.34","","","","","","NA"
"-115.55","51.19","BANFF CS","3050519","2019-04-24 23:00","2019","04","24","23:00","0.0","","-10.4","","45","","0.0","","23","","3","","","","86.36","","","","-1","","NA"
"-115.55","51.19","BANFF CS","3050519","2019-04-25 00:00","2019","04","25","00:00","-0.8","","-10.2","","49","","0.0","","21","","4","","","","86.40","","","","-2","","NA"
"-115.55","51.19","BANFF CS","3050519","2019-04-25 01:00","2019","04","25","01:00","-1.5","","-10.2","","51","","0.0","","19","","8","","","","86.44","","","","-5","","NA"
"-115.55","51.19","BANFF CS","3050519","2019-04-25 02:00","2019","04","25","02:00","-3.8","","-10.2","","61","","0.0","","0","","1","","","","86.47","","","","-4","","NA"
"-115.55","51.19","BANFF CS","3050519","2019-04-25 03:00","2019","04","25","03:00","-4.8","","-10.2","","66","","0.0","","0","","1","","","","86.48","","","","-5","","NA"
"-115.55","51.19","BANFF CS","3050519","2019-04-25 04:00","2019","04","25","04:00","-5.9","","-10.2","","72","","0.0","","","","0","","","","86.52","","","","","","NA"
"-115.55","51.19","BANFF CS","3050519","2019-04-25 05:00","2019","04","25","05:00","-6.8","","-10.1","","77","","0.0","","","","0","","","","86.52","","","","","","NA"
"-115.55","51.19","BANFF CS","3050519","2019-04-25 06:00","2019","04","25","06:00","-7.3","","-10.2","","80","","0.0","","19","","1","","","","86.52","","","","-8","","NA"
"-115.55","51.19","BANFF CS","3050519","2019-04-25 07:00","2019","04","25","07:00","-3.2","","-9.3","","63","","0.0","","24","","3","","","","86.52","","","","-4","","NA"
"-115.55","51.19","BANFF CS","3050519","2019-04-25 08:00","2019","04","25","08:00","-0.9","","-10.1","","50","","0.0","","23","","5","","","","86.49","","","","-3","","NA"
"-115.55","51.19","BANFF CS","3050519","2019-04-25 09:00","2019","04","25","09:00","2.3","","-10.8","","37","","0.0","","22","","10","","","","86.41","","","","","","NA"
"-115.55","51.19","BANFF CS","3050519","2019-04-25 10:00","2019","04","25","10:00","5.8","","-13.8","","23","","0.0","","23","","13","","","","86.32","","","","","","NA"
"-115.55","51.19","BANFF CS","3050519","2019-04-25 11:00","2019","04","25","11:00","6.7","","-15.5","","19","","0.0","","24","","12","","","","86.27","","","","","","NA"
"-115.55","51.19","BANFF CS","3050519","2019-04-25 12:00","2019","04","25","12:00","7.9","","-16.4","","16","","0.0","","22","","15","","","","86.22","","","","","","NA"
"-115.55","51.19","BANFF CS","3050519","2019-04-25 13:00","2019","04","25","13:00","8.9","","-16.2","","15","","0.0","","22","","17","","","","86.17","","","","","","NA"
"-115.55","51.19","BANFF CS","3050519","2019-04-25 14:00","2019","04","25","14:00","10.4","","-15.8","","14","","0.0","","21","","16","","","","86.11","","","","","","NA"
"-115.55","51.19","BANFF CS","3050519","2019-04-25 15:00","2019","04","25","15:00","9.9","","-16.6","","14","","0.0","","21","","18","","","","86.06","","","","","","NA"
"-115.55","51.19","BANFF CS","3050519","2019-04-25 16:00","2019","04","25","16:00","10.3","","-14.5","","16","","0.0","","20","","15","","","","86.03","","","","","","NA"
"-115.55","51.19","BANFF CS","3050519","2019-04-25 17:00","2019","04","25","17:00","10.0","","-14.4","","16","","0.0","","23","","10","","","","86.01","","","","","","NA"
"-115.55","51.19","BANFF CS","3050519","2019-04-25 18:00","2019","04","25","18:00","8.8","","-14.6","","17","","0.0","","23","","11","","","","85.98","","","","","","NA"
"-115.55","51.19","BANFF CS","3050519","2019-04-25 19:00","2019","04","25","19:00","7.8","","-13.9","","20","","0.0","","25","","6","","","","85.95","","","","","","NA"
"-115.55","51.19","BANFF CS","3050519","2019-04-25 20:00","2019","04","25","20:00","6.4","","-12.3","","25","","0.0","","24","","3","","","","85.93","","","","","","NA"
"-115.55","51.19","BANFF CS","3050519","2019-04-25 21:00","2019","04","25","21:00","6.0","","-13.4","","23","","0.0","","24","","3","","","","85.94","","","","","","NA"
"-115.55","51.19","BANFF CS","3050519","2019-04-25 22:00","2019","04","25","22:00","3.1","","-9.5","","39","","0.0","","0","","1","","","","85.91","","","","","","NA"
"-115.55","51.19","BANFF CS","3050519","2019-04-25 23:00","2019","04","25","23:00","3.3","","-10.4","","36","","0.0","","21","","6","","","","85.86","","","","","","NA"
"-115.55","51.19","BANFF CS","3050519","2019-04-26 00:00","2019","04","26","00:00","3.1","","-10.4","","36","","0.0","","22","","8","","","","85.83","","","","","","NA"
"-115.55","51.19","BANFF CS","3050519","2019-04-26 01:00","2019","04","26","01:00","2.1","","-10.3","","39","","0.0","","21","","4","","","","85.81","","","","","","NA"
"-115.55","51.19","BANFF CS","3050519","2019-04-26 02:00","2019","04","26","02:00","1.8","","-10.2","","41","","0.0","","22","","6","","","","85.76","","","","","","NA"
"-115.55","51.19","BANFF CS","3050519","2019-04-26 03:00","2019","04","26","03:00","0.7","","-9.4","","47","","0.0","","22","","3","","","","85.72","","","","","","NA"
"-115.55","51.19","BANFF CS","3050519","2019-04-26 04:00","2019","04","26","04:00","-0.8","","-9.5","","52","","0.0","","30","","2","","","","85.72","","","","-1","","NA"
"-115.55","51.19","BANFF CS","3050519","2019-04-26 05:00","2019","04","26","05:00","-1.9","","-7.9","","64","","0.0","","6","","1","","","","85.73","","","","-2","","NA"
"-115.55","51.19","BANFF CS","3050519","2019-04-26 06:00","2019","04","26","06:00","-1.7","","-7.7","","64","","0.0","","0","","1","","","","85.74","","","","-2","","NA"
"-115.55","51.19","BANFF CS","3050519","2019-04-26 07:00","2019","04","26","07:00","-0.2","","-6.2","","64","","0.0","","5","","2","","","","85.76","","","","-1","","NA"
"-115.55","51.19","BANFF CS","3050519","2019-04-26 08:00","2019","04","26","08:00","2.2","","-9.0","","43","","0.0","","4","","7","","","","85.75","","","","","","NA"
"-115.55","51.19","BANFF CS","3050519","2019-04-26 09:00","2019","04","26","09:00","4.7","","-10.4","","32","","0.0","","8","","8","","","","85.71","","","","","","NA"
"-115.55","51.19","BANFF CS","3050519","2019-04-26 10:00","2019","04","26","10:00","6.0","","-11.4","","27","","0.0","","10","","6","","","","85.67","","","","","","NA"
"-115.55","51.19","BANFF CS","3050519","2019-04-26 11:00","2019","04","26","11:00","8.1","","-11.3","","24","","0.0","","16","","11","","","","85.64","","","","","","NA"
"-115.55","51.19","BANFF CS","3050519","2019-04-26 12:00","2019","04","26","12:00","8.4","","-11.7","","23","","0.0","","3","","5","","","","85.61","","","","","","NA"
"-115.55","51.19","BANFF CS","3050519","2019-04-26 13:00","2019","04","26","13:00","7.9","","-10.7","","26","","0.0","","5","","11","","","","85.57","","","","","","NA"
"-115.55","51.19","BANFF CS","3050519","2019-04-26 14:00","2019","04","26","14:00","7.1","","-9.4","","30","","0.0","","4","","7","","","","85.58","","","","","","NA"
"-115.55","51.19","BANFF CS","3050519","2019-04-26 15:00","2019","04","26","15:00","7.0","","-8.4","","32","","0.0","","16","","9","","","","85.56","","","","","","NA"
"-115.55","51.19","BANFF CS","3050519","2019-04-26 16:00","2019","04","26","16:00","6.7","","-7.5","","36","","0.0","","1","","4","","","","85.54","","","","","","NA"
"-115.55","51.19","BANFF CS","3050519","2019-04-26 17:00","2019","04","26","17:00","8.0","","-6.2","","36","","0.0","","6","","10","","","","85.51","","","","","","NA"
"-115.55","51.19","BANFF CS","3050519","2019-04-26 18:00","2019","04","26","18:00","6.2","","-6.0","","41","","0.0","","5","","8","","","","85.49","","","","","","NA"
"-115.55","51.19","BANFF CS","3050519","2019-04-26 19:00","2019","04","26","19:00","4.7","","-4.2","","52","","0.0","","6","","12","","","","85.44","","","","","","NA"
"-115.55","51.19","BANFF CS","3050519","2019-04-26 20:00","2019","04","26","20:00","3.5","","-2.4","","66","","0.0","","3","","9","","","","85.42","","","","","","NA"
"-115.55","51.19","BANFF CS","3050519","2019-04-26 21:00","2019","04","26","21:00","3.0","","-1.6","","72","","0.0","","4","","11","","","","85.42","","","","","","NA"
"-115.55","51.19","BANFF CS","3050519","2019-04-26 22:00","2019","04","26","22:00","1.5","","-0.2","","89","","0.0","","4","","5","","","","85.39","","","","","","NA"
"-115.55","51.19","BANFF CS","3050519","2019-04-26 23:00","2019","04","26","23:00","0.8","","-0.1","","94","","0.0","","5","","3","","","","85.31","","","","","","NA"
"-115.55","51.19","BANFF CS","3050519","2019-04-27 00:00","2019","04","27","00:00","0.8","","0.0","","95","","0.0","","8","","3","","","","85.24","","","","","","NA"
"-115.55","51.19","BANFF CS","3050519","2019-04-27 01:00","2019","04","27","01:00","0.6","","-0.1","","95","","0.0","","7","","2","","","","85.17","","","","","","NA"
"-115.55","51.19","BANFF CS","3050519","2019-04-27 02:00","2019","04","27","02:00","0.6","","-0.3","","94","","0.0","","23","","7","","","","85.10","","","","","","NA"
"-115.55","51.19","BANFF CS","3050519","2019-04-27 03:00","2019","04","27","03:00","-0.1","","-1.0","","94","","0.0","","19","","9","","","","84.99","","","","-3","","NA"
"-115.55","51.19","BANFF CS","3050519","2019-04-27 04:00","2019","04","27","04:00","0.0","","-0.9","","94","","0.0","","23","","8","","","","84.96","","","","-3","","NA"
"-115.55","51.19","BANFF CS","3050519","2019-04-27 05:00","2019","04","27","05:00","0.2","","-0.8","","93","","0.0","","23","","7","","","","84.96","","","","","","NA"
"-115.55","51.19","BANFF CS","3050519","2019-04-27 06:00","2019","04","27","06:00","-1.0","","-1.7","","95","","0.9","","27","","4","","","","85.02","","","","-2","","NA"
"-115.55","51.19","BANFF CS","3050519","2019-04-27 07:00","2019","04","27","07:00","-1.1","","-1.5","","97","","1.4","","22","","4","","","","84.99","","","","-2","","NA"
"-115.55","51.19","BANFF CS","3050519","2019-04-27 08:00","2019","04","27","08:00","-0.6","","-1.5","","94","","0.2","","27","","2","","","","84.94","","","","-1","","NA"
"-115.55","51.19","BANFF CS","3050519","2019-04-27 09:00","2019","04","27","09:00","0.0","","-2.1","","86","","0.0","","16","","4","","","","84.90","","","","-1","","NA"
"-115.55","51.19","BANFF CS","3050519","2019-04-27 10:00","2019","04","27","10:00","1.7","","-3.0","","71","","0.0","","15","","2","","","","84.87","","","","","","NA"
"-115.55","51.19","BANFF CS","3050519","2019-04-27 11:00","2019","04","27","11:00","2.4","","-1.7","","74","","0.0","","16","","4","","","","84.85","","","","","","NA"
"-115.55","51.19","BANFF CS","3050519","2019-04-27 12:00","2019","04","27","12:00","2.4","","-1.6","","75","","0.0","","24","","8","","","","84.82","","","","","","NA"
"-115.55","51.19","BANFF CS","3050519","2019-04-27 13:00","2019","04","27","13:00","-0.6","","-1.6","","93","","0.2","","3","","8","","","","84.91","","","","-3","","NA"
"-115.55","51.19","BANFF CS","3050519","2019-04-27 14:00","2019","04","27","14:00","-0.6","","-1.6","","93","","0.7","","21","","5","","","","84.98","","","","-2","","NA"
"-115.55","51.19","BANFF CS","3050519","2019-04-27 15:00","2019","04","27","15:00","1.2","","-0.3","","90","","0.0","","22","","5","","","","85.03","","","","","","NA"
"-115.55","51.19","BANFF CS","3050519","2019-04-27 16:00","2019","04","27","16:00","-0.7","","-1.8","","92","","0.4","","6","","12","","","","85.21","","","","-5","","NA"
"-115.55","51.19","BANFF CS","3050519","2019-04-27 17:00","2019","04","27","17:00","-1.9","","-2.2","","98","","1.7","","7","","11","","","","85.37","","","","-6","","NA"
"-115.55","51.19","BANFF CS","3050519","2019-04-27 18:00","2019","04","27","18:00","-2.3","","-3.6","","91","","0.7","","5","","10","","","","85.54","","","","-6","","NA"
"-115.55","51.19","BANFF CS","3050519","2019-04-27 19:00","2019","04","27","19:00","-2.4","","-3.5","","92","","0.0","","10","","9","","","","85.70","","","","-6","","NA"
"-115.55","51.19","BANFF CS","3050519","2019-04-27 20:00","2019","04","27","20:00","-3.0","","-4.6","","88","","0.0","","11","","7","","","","85.84","","","","-6","","NA"
"-115.55","51.19","BANFF CS","3050519","2019-04-27 21:00","2019","04","27","21:00","-3.3","","-5.3","","86","","0.2","","9","","8","","","","85.97","","","","-7","","NA"
"-115.55","51.19","BANFF CS","3050519","2019-04-27 22:00","2019","04","27","22:00","-3.7","","-5.9","","85","","0.0","","10","","7","","","","86.08","","","","-7","","NA"
"-115.55","51.19","BANFF CS","3050519","2019-04-27 23:00","2019","04","27","23:00","-4.1","","-5.8","","88","","0.0","","3","","2","","","","86.16","","","","-5","","NA"
"-115.55","51.19","BANFF CS","3050519","2019-04-28 00:00","2019","04","28","00:00","-4.1","","-5.7","","89","","0.0","","17","","3","","","","86.22","","","","-5","","NA"
"-115.55","51.19","BANFF CS","3050519","2019-04-28 01:00","2019","04","28","01:00","-4.4","","-5.8","","90","","0.2","","15","","3","","","","86.27","","","","-6","","NA"
"-115.55","51.19","BANFF CS","3050519","2019-04-28 02:00","2019","04","28","02:00","-4.6","","-6.0","","90","","0.0","","8","","3","","","","86.28","","","","-6","","NA"
"-115.55","51.19","BANFF CS","3050519","2019-04-28 03:00","2019","04","28","03:00","-4.7","","-6.1","","90","","0.2","","10","","2","","","","86.33","","","","-6","","NA"
"-115.55","51.19","BANFF CS","3050519","2019-04-28 04:00","2019","04","28","04:00","-5.7","","-6.7","","93","","0.0","","0","","1","","","","86.40","","","","-6","","NA"
"-115.55","51.19","BANFF CS","3050519","2019-04-28 05:00","2019","04","28","05:00","-6.9","","-7.4","","96","","0.0","","1","","2","","","","86.45","","","","-8","","NA"
"-115.55","51.19","BANFF CS","3050519","2019-04-28 06:00","2019","04","28","06:00","-7.3","","-7.9","","95","","0.0","","5","","1","","","","86.50","","","","-8","","NA"
"-115.55","51.19","BANFF CS","3050519","2019-04-28 07:00","2019","04","28","07:00","-5.6","","-6.6","","93","","0.0","","36","","2","","","","86.54","","","","-7","","NA"
"-115.55","51.19","BANFF CS","3050519","2019-04-28 08:00","2019","04","28","08:00","-3.2","","-7.9","","70","","0.0","","10","","4","","","","86.55","","","","-5","","NA"
"-115.55","51.19","BANFF CS","3050519","2019-04-28 09:00","2019","04","28","09:00","-0.3","","-8.2","","55","","0.0","","3","","3","","","","86.55","","","","-1","","NA"
"-115.55","51.19","BANFF CS","3050519","2019-04-28 10:00","2019","04","28","10:00","-0.8","","-11.4","","45","","0.0","","6","","7","","","","86.56","","","","-3","","NA"
"-115.55","51.19","BANFF CS","3050519","2019-04-28 11:00","2019","04","28","11:00","0.1","","-10.7","","44","","0.0","","31","","7","","","","86.58","","","","","","NA"
"-115.55","51.19","BANFF CS","3050519","2019-04-28 12:00","2019","04","28","12:00","-0.5","","-11.6","","43","","0.0","","32","","4","","","","86.57","","","","-2","","NA"
"-115.55","51.19","BANFF CS","3050519","2019-04-28 13:00","2019","04","28","13:00","0.9","","-10.3","","43","","0.0","","17","","7","","","","86.54","","","","","","NA"
"-115.55","51.19","BANFF CS","3050519","2019-04-28 14:00","2019","04","28","14:00","1.1","","-12.5","","35","","0.0","","12","","4","","","","86.53","","","","","","NA"
"-115.55","51.19","BANFF CS","3050519","2019-04-28 15:00","2019","04","28","15:00","0.9","","-8.5","","49","","0.0","","33","","9","","","","86.54","","","","","","NA"
"-115.55","51.19","BANFF CS","3050519","2019-04-28 16:00","2019","04","28","16:00","1.0","","-10.6","","41","","0.0","","21","","3","","","","86.50","","","","","","NA"
"-115.55","51.19","BANFF CS","3050519","2019-04-28 17:00","2019","04","28","17:00","2.0","","-10.8","","38","","0.0","","23","","9","","","","86.49","","","","","","NA"
"-115.55","51.19","BANFF CS","3050519","2019-04-28 18:00","2019","04","28","18:00","2.4","","-10.1","","39","","0.0","","25","","6","","","","86.47","","","","","","NA"
"-115.55","51.19","BANFF CS","3050519","2019-04-28 19:00","2019","04","28","19:00","1.1","","-9.0","","47","","0.0","","35","","7","","","","86.45","","","","","","NA"
"-115.55","51.19","BANFF CS","3050519","2019-04-28 20:00","2019","04","28","20:00","-1.2","","-6.4","","68","","0.0","","6","","11","","","","86.50","","","","-5","","NA"
"-115.55","51.19","BANFF CS","3050519","2019-04-28 21:00","2019","04","28","21:00","-1.6","","-5.8","","73","","0.0","","4","","10","","","","86.57","","","","-5","","NA"
"-115.55","51.19","BANFF CS","3050519","2019-04-28 22:00","2019","04","28","22:00","-2.7","","-5.4","","81","","0.0","","4","","9","","","","86.60","","","","-6","","NA"
"-115.55","51.19","BANFF CS","3050519","2019-04-28 23:00","2019","04","28","23:00","-2.8","","-5.8","","80","","0.0","","5","","5","","","","86.59","","","","-5","","NA"
"-115.55","51.19","BANFF CS","3050519","2019-04-29 00:00","2019","04","29","00:00","-3.1","","-5.7","","82","","0.0","","9","","5","","","","86.60","","","","-5","","NA"
"-115.55","51.19","BANFF CS","3050519","2019-04-29 01:00","2019","04","29","01:00","-3.3","","-5.4","","86","","0.0","","4","","4","","","","86.58","","","","-5","","NA"
"-115.55","51.19","BANFF CS","3050519","2019-04-29 02:00","2019","04","29","02:00","-4.5","","-6.2","","88","","0.0","","4","","2","","","","86.55","","","","-5","","NA"
"-115.55","51.19","BANFF CS","3050519","2019-04-29 03:00","2019","04","29","03:00","-6.0","","-8.4","","83","","0.0","","24","","4","","","","86.54","","","","-8","","NA"
"-115.55","51.19","BANFF CS","3050519","2019-04-29 04:00","2019","04","29","04:00","-6.0","","-8.1","","85","","0.0","","22","","7","","","","86.54","","","","-9","","NA"
"-115.55","51.19","BANFF CS","3050519","2019-04-29 05:00","2019","04","29","05:00","-6.1","","-8.8","","82","","0.0","","22","","10","","","","86.53","","","","-11","","NA"
"-115.55","51.19","BANFF CS","3050519","2019-04-29 06:00","2019","04","29","06:00","-6.1","","-8.7","","82","","0.0","","23","","8","","","","86.53","","","","-10","","NA"
"-115.55","51.19","BANFF CS","3050519","2019-04-29 07:00","2019","04","29","07:00","-5.6","","-9.0","","77","","0.0","","23","","11","","","","86.50","","","","-10","","NA"
"-115.55","51.19","BANFF CS","3050519","2019-04-29 08:00","2019","04","29","08:00","-3.4","","-7.9","","71","","0.2","","21","","6","","","","86.47","","","","-6","","NA"
"-115.55","51.19","BANFF CS","3050519","2019-04-29 09:00","2019","04","29","09:00","-0.5","","-7.9","","57","","0.0","","16","","4","","","","86.39","","","","-2","","NA"
"-115.55","51.19","BANFF CS","3050519","2019-04-29 10:00","2019","04","29","10:00","-1.0","","-8.2","","58","","0.0","","33","","9","","","","86.34","","","","-4","","NA"
"-115.55","51.19","BANFF CS","3050519","2019-04-29 11:00","2019","04","29","11:00","1.1","","-9.5","","45","","0.0","","3","","4","","","","86.30","","","","","","NA"
"-115.55","51.19","BANFF CS","3050519","2019-04-29 12:00","2019","04","29","12:00","0.7","","-8.3","","51","","0.0","","30","","9","","","","86.27","","","","","","NA"
"-115.55","51.19","BANFF CS","3050519","2019-04-29 13:00","2019","04","29","13:00","1.8","","-9.5","","43","","0.0","","2","","14","","","","86.21","","","","","","NA"
"-115.55","51.19","BANFF CS","3050519","2019-04-29 14:00","2019","04","29","14:00","1.6","","-9.7","","43","","0.0","","1","","7","","","","86.20","","","","","","NA"
"-115.55","51.19","BANFF CS","3050519","2019-04-29 15:00","2019","04","29","15:00","2.5","","-8.2","","45","","0.0","","24","","4","","","","86.16","","","","","","NA"
"-115.55","51.19","BANFF CS","3050519","2019-04-29 16:00","2019","04","29","16:00","3.4","","-10.7","","35","","0.0","","24","","8","","","","86.11","","","","","","NA"
"-115.55","51.19","BANFF CS","3050519","2019-04-29 17:00","2019","04","29","17:00","0.7","","-6.3","","60","","0.0","","7","","6","","","","86.18","","","","","","NA"
"-115.55","51.19","BANFF CS","3050519","2019-04-29 18:00","2019","04","29","18:00","-0.7","","-4.2","","77","","0.0","","5","","10","","","","86.21","","","","-4","","NA"
"-115.55","51.19","BANFF CS","3050519","2019-04-29 19:00","2019","04","29","19:00","-1.4","","-4.9","","77","","0.0","","4","","8","","","","86.21","","","","-4","","NA"
"-115.55","51.19","BANFF CS","3050519","2019-04-29 20:00","2019","04","29","20:00","-2.0","","-5.5","","77","","0.0","","8","","5","","","","86.22","","","","-4","","NA"
"-115.55","51.19","BANFF CS","3050519","2019-04-29 21:00","2019","04","29","21:00","-3.3","","-5.8","","82","","0.2","","11","","2","","","","86.22","","","","-4","","NA"
"-115.55","51.19","BANFF CS","3050519","2019-04-29 22:00","2019","04","29","22:00","-3.7","","-6.1","","83","","0.0","","4","","4","","","","86.23","","","","-5","","NA"
"-115.55","51.19","BANFF CS","3050519","2019-04-29 23:00","2019","04","29","23:00","-4.7","","-7.6","","80","","0.0","","2","","3","","","","86.21","","","","-6","","NA"
"-115.55","51.19","BANFF CS","3050519","2019-04-30 00:00","2019","04","30","00:00","-5.1","","-7.3","","85","","0.0","","28","","2","","","","86.19","","","","-6","","NA"
"-115.55","51.19","BANFF CS","3050519","2019-04-30 01:00","2019","04","30","01:00","-6.3","","-8.1","","87","","0.0","","28","","3","","","","86.19","","","","-8","","NA"
"-115.55","51.19","BANFF CS","3050519","2019-04-30 02:00","2019","04","30","02:00","-7.1","","-8.8","","88","","0.0","","30","","2","","","","86.16","","","","-8","","NA"
"-115.55","51.19","BANFF CS","3050519","2019-04-30 03:00","2019","04","30","03:00","-7.6","","-9.2","","89","","0.0","","30","","3","","","","86.12","","","","-9","","NA"
"-115.55","51.19","BANFF CS","3050519","2019-04-30 04:00","2019","04","30","04:00","-8.3","","-9.9","","88","","0.0","","27","","2","","","","86.11","","","","-9","","NA"
"-115.55","51.19","BANFF CS","3050519","2019-04-30 05:00","2019","04","30","05:00","-8.3","","-10.0","","88","","0.0","","32","","6","","","","86.11","","","","-12","","NA"
"-115.55","51.19","BANFF CS","3050519","2019-04-30 06:00","2019","04","30","06:00","-7.6","","-9.9","","84","","0.0","","23","","5","","","","86.09","","","","-10","","NA"
"-115.55","51.19","BANFF CS","3050519","2019-04-30 07:00","2019","04","30","07:00","-6.6","","-9.2","","82","","0.0","","23","","7","","","","86.09","","","","-10","","NA"
"-115.55","51.19","BANFF CS","3050519","2019-04-30 08:00","2019","04","30","08:00","-5.3","","-9.5","","72","","0.0","","21","","6","","","","86.07","","","","-8","","NA"
"-115.55","51.19","BANFF CS","3050519","2019-04-30 09:00","2019","04","30","09:00","-2.1","","-7.9","","64","","0.0","","23","","5","","","","86.02","","","","-4","","NA"
"-115.55","51.19","BANFF CS","3050519","2019-04-30 10:00","2019","04","30","10:00","0.6","","-8.3","","51","","0.0","","15","","5","","","","85.98","","","","","","NA"
"-115.55","51.19","BANFF CS","3050519","2019-04-30 11:00","2019","04","30","11:00","-0.6","","-6.0","","67","","0.0","","33","","12","","","","85.99","","","","-5","","NA"
"-115.55","51.19","BANFF CS","3050519","2019-04-30 12:00","2019","04","30","12:00","1.2","","-9.1","","46","","0.0","","9","","2","","","","85.92","","","","","","NA"
"-115.55","51.19","BANFF CS","3050519","2019-04-30 13:00","2019","04","30","13:00","1.2","","-7.0","","55","","0.0","","32","","5","","","","85.94","","","","","","NA"
"-115.55","51.19","BANFF CS","3050519","2019-04-30 14:00","2019","04","30","14:00","-1.1","","-4.7","","76","","0.0","","4","","9","","","","85.97","","","","-4","","NA"
"-115.55","51.19","BANFF CS","3050519","2019-04-30 15:00","2019","04","30","15:00","-1.3","","-3.8","","83","","1.1","","6","","7","","","","85.96","","","","-4","","NA"
"-115.55","51.19","BANFF CS","3050519","2019-04-30 16:00","2019","04","30","16:00","-0.4","","-3.7","","78","","0.0","","36","","6","","","","85.90","","","","-2","","NA"
"-115.55","51.19","BANFF CS","3050519","2019-04-30 17:00","2019","04","30","17:00","-1.0","","-4.8","","75","","0.2","","28","","1","","","","85.93","","","","-1","","NA"
"-115.55","51.19","BANFF CS","3050519","2019-04-30 18:00","2019","04","30","18:00","-0.6","","-4.2","","76","","0.0","","32","","2","","","","85.90","","","","-1","","NA"
"-115.55","51.19","BANFF CS","3050519","2019-04-30 19:00","2019","04","30","19:00","-1.4","","-4.4","","80","","0.0","","7","","7","","","","85.88","","","","-4","","NA"
"-115.55","51.19","BANFF CS","3050519","2019-04-30 20:00","2019","04","30","20:00","-2.1","","-4.5","","84","","0.0","","4","","9","","","","85.89","","","","-6","","NA"
"-115.55","51.19","BANFF CS","3050519","2019-04-30 21:00","2019","04","30","21:00","-2.5","","-4.7","","85","","0.0","","4","","8","","","","85.87","","","","-6","","NA"
"-115.55","51.19","BANFF CS","3050519","2019-04-30 22:00","2019","04","30","22:00","-2.7","","-4.5","","88","","0.2","","4","","8","","","","85.84","","","","-6","","NA"
"-115.55","51.19","BANFF CS","3050519","2019-04-30 23:00","2019","04","30","23:00","-3.1","","-4.0","","93","","0.2","","5","","5","","","","85.80","","","","-5","","NA"
