"Longitude (x)","Latitude (y)","Station Name","Climate ID","Date/Time (LST)","Year","Month","Day","Time (LST)","Temp (°C)","Temp Flag","Dew Point Temp (°C)","Dew Point Temp Flag","Rel Hum (%)","Rel Hum Flag","Precip. Amount (mm)","Precip. Amount Flag","Wind Dir (10s deg)","Wind Dir Flag","Wind Spd (km/h)","Wind Spd Flag","Visibility (km)","Visibility Flag","Stn Press (kPa)","Stn Press Flag","Hmdx","Hmdx Flag","Wind Chill","Wind Chill Flag","Weather"
"-72.79","47.41","LA TUQUE","707DBD4","2018-01-01 00:00","2018","01","01","00:00","-25.8","","-29.8","","70","","0.0","","34","","7","","","","100.30","","","","-32","","NA"
"-72.79","47.41","LA TUQUE","707DBD4","2018-01-01 01:00","2018","01","01","01:00","-25.1","","-29.7","","66","","0.0","","33","","11","","","","100.31","","","","-34","","NA"
"-72.79","47.41","LA TUQUE","707DBD4","2018-01-01 02:00","2018","01","01","02:00","-25.3","","-29.9","","65","","0.0","","32","","10","","","","100.32","","","","-34","","NA"
"-72.79","47.41","LA TUQUE","707DBD4","2018-01-01 03:00","2018","01","01","03:00","-25.2","","-29.9","","65","","0.0","","32","","10","","","","100.34","","","","-33","","NA"
"-72.79","47.41","LA TUQUE","707DBD4","2018-01-01 04:00","2018","01","01","04:00","-25.1","","-29.7","","65","","0.0","","31","","10","","","","100.29","","","","-33","","NA"
"-72.79","47.41","LA TUQUE","707DBD4","2018-01-01 05:00","2018","01","01","05:00","-24.9","","-29.7","","64","","0.0","","32","","11","","","","100.28","","","","-34","","NA"
"-72.79","47.41","LA TUQUE","707DBD4","2018-01-01 06:00","2018","01","01","06:00","-24.8","","-29.5","","65","","0.0","","31","","8","","","","100.30","","","","-32","","NA"
"-72.79","47.41","LA TUQUE","707DBD4","2018-01-01 07:00","2018","01","01","07:00","-25.3","","-29.9","","65","","0.0","","31","","8","","","","100.33","","","","-32","","NA"
"-72.79","47.41","LA TUQUE","707DBD4","2018-01-01 08:00","2018","01","01","08:00","-25.3","","-29.7","","67","","0.0","","33","","7","","","","100.34","","","","-32","","NA"
"-72.79","47.41","LA TUQUE","707DBD4","2018-01-01 09:00","2018","01","01","09:00","-24.7","","-29.3","","66","","0.0","","33","","5","","","","100.35","","","","-30","","NA"
"-72.79","47.41","LA TUQUE","707DBD4","2018-01-01 10:00","2018","01","01","10:00","-23.9","","-29.1","","62","","0.0","","31","","9","","","","100.34","","","","-31","","NA"
"-72.79","47.41","LA TUQUE","707DBD4","2018-01-01 11:00","2018","01","01","11:00","-22.9","","-28.6","","60","","0.0","","30","","12","","","","100.30","","","","-32","","NA"
"-72.79","47.41","LA TUQUE","707DBD4","2018-01-01 12:00","2018","01","01","12:00","-22.2","","-28.1","","59","","0.0","","31","","11","","","","100.24","","","","-30","","NA"
"-72.79","47.41","LA TUQUE","707DBD4","2018-01-01 13:00","2018","01","01","13:00","-21.4","","-27.5","","58","","0.0","","31","","10","","","","100.20","","","","-29","","NA"
"-72.79","47.41","LA TUQUE","707DBD4","2018-01-01 14:00","2018","01","01","14:00","-20.9","","-26.9","","58","","0.0","","31","","11","","","","100.19","","","","-29","","NA"
"-72.79","47.41","LA TUQUE","707DBD4","2018-01-01 15:00","2018","01","01","15:00","-20.6","","-27.0","","56","","0.0","","33","","12","","","","100.20","","","","-29","","NA"
"-72.79","47.41","LA TUQUE","707DBD4","2018-01-01 16:00","2018","01","01","16:00","-20.9","","-26.9","","58","","0.0","","31","","9","","","","100.22","","","","-28","","NA"
"-72.79","47.41","LA TUQUE","707DBD4","2018-01-01 17:00","2018","01","01","17:00","-23.5","","-28.3","","65","","0.0","","34","","4","","","","100.25","","","","-27","","NA"
"-72.79","47.41","LA TUQUE","707DBD4","2018-01-01 18:00","2018","01","01","18:00","-23.8","","-27.9","","69","","0.0","","33","","4","","","","100.29","","","","-28","","NA"
"-72.79","47.41","LA TUQUE","707DBD4","2018-01-01 19:00","2018","01","01","19:00","-22.8","","-27.9","","63","","0.0","","33","","12","","","","100.33","","","","-31","","NA"
"-72.79","47.41","LA TUQUE","707DBD4","2018-01-01 20:00","2018","01","01","20:00","-24.0","","-28.5","","66","","0.0","","34","","8","","","","100.32","","","","-31","","NA"
"-72.79","47.41","LA TUQUE","707DBD4","2018-01-01 21:00","2018","01","01","21:00","-24.8","","-28.8","","69","","0.0","","35","","7","","","","100.34","","","","-31","","NA"
"-72.79","47.41","LA TUQUE","707DBD4","2018-01-01 22:00","2018","01","01","22:00","-26.3","","-29.4","","75","","0.0","","36","","4","","","","100.36","","","","-30","","NA"
"-72.79","47.41","LA TUQUE","707DBD4","2018-01-01 23:00","2018","01","01","23:00","-28.8","","-32.0","","73","","0.0","","35","","3","","","","100.36","","","","-32","","NA"
"-72.79","47.41","LA TUQUE","707DBD4","2018-01-02 00:00","2018","01","02","00:00","-30.4","","-32.6","","81","","0.0","","30","","6","","","","100.31","","","","-37","","NA"
"-72.79","47.41","LA TUQUE","707DBD4","2018-01-02 01:00","2018","01","02","01:00","-32.3","","-35.4","","74","","0.0","","34","","1","","","","100.29","","","","-33","","NA"
"-72.79","47.41","LA TUQUE","707DBD4","2018-01-02 02:00","2018","01","02","02:00","-32.4","","-35.6","","73","","0.0","","11","","2","","","","100.33","","","","-35","","NA"
"-72.79","47.41","LA TUQUE","707DBD4","2018-01-02 03:00","2018","01","02","03:00","-34.3","","-37.8","","71","","0.0","","8","","2","","","","100.32","","","","-37","","NA"
"-72.79","47.41","LA TUQUE","707DBD4","2018-01-02 04:00","2018","01","02","04:00","-35.2","","-38.8","","70","","0.0","","11","","1","","","","100.31","","","","-36","","NA"
"-72.79","47.41","LA TUQUE","707DBD4","2018-01-02 05:00","2018","01","02","05:00","-35.8","","-39.2","","71","","0.0","","10","","1","","","","100.28","","","","-37","","NA"
"-72.79","47.41","LA TUQUE","707DBD4","2018-01-02 06:00","2018","01","02","06:00","-36.4","","-40.1","","68","","0.0","","11","","2","","","","100.29","","","","-39","","NA"
"-72.79","47.41","LA TUQUE","707DBD4","2018-01-02 07:00","2018","01","02","07:00","-37.6","","-41.7","","66","","0.0","","0","","1","","","","100.28","","","","-39","","NA"
"-72.79","47.41","LA TUQUE","707DBD4","2018-01-02 08:00","2018","01","02","08:00","-36.8","","-40.5","","69","","0.0","","0","","1","","","","100.25","","","","-38","","NA"
"-72.79","47.41","LA TUQUE","707DBD4","2018-01-02 09:00","2018","01","02","09:00","-32.1","","-35.4","","73","","0.0","","19","","3","","","","100.18","","","","-36","","NA"
"-72.79","47.41","LA TUQUE","707DBD4","2018-01-02 10:00","2018","01","02","10:00","-30.1","","-33.3","","74","","0.0","","22","","2","","","","100.07","","","","-32","","NA"
"-72.79","47.41","LA TUQUE","707DBD4","2018-01-02 11:00","2018","01","02","11:00","-26.7","","-29.7","","76","","0.0","","19","","5","","","","99.96","","","","-32","","NA"
"-72.79","47.41","LA TUQUE","707DBD4","2018-01-02 12:00","2018","01","02","12:00","-23.1","","-27.1","","69","","0.0","","20","","5","","","","99.76","","","","-28","","NA"
"-72.79","47.41","LA TUQUE","707DBD4","2018-01-02 13:00","2018","01","02","13:00","-20.8","","-24.8","","70","","0.0","","18","","11","","","","99.66","","","","-29","","NA"
"-72.79","47.41","LA TUQUE","707DBD4","2018-01-02 14:00","2018","01","02","14:00","-19.8","","-24.2","","68","","0.0","","16","","10","","","","99.56","","","","-27","","NA"
"-72.79","47.41","LA TUQUE","707DBD4","2018-01-02 15:00","2018","01","02","15:00","-19.7","","-24.2","","67","","0.0","","17","","8","","","","99.50","","","","-26","","NA"
"-72.79","47.41","LA TUQUE","707DBD4","2018-01-02 16:00","2018","01","02","16:00","-20.6","","-24.5","","71","","0.0","","15","","8","","","","99.51","","","","-27","","NA"
"-72.79","47.41","LA TUQUE","707DBD4","2018-01-02 17:00","2018","01","02","17:00","-21.6","","-25.3","","72","","0.0","","15","","9","","","","99.55","","","","-29","","NA"
"-72.79","47.41","LA TUQUE","707DBD4","2018-01-02 18:00","2018","01","02","18:00","-22.3","","-25.6","","75","","0.0","","15","","4","","","","99.56","","","","-26","","NA"
"-72.79","47.41","LA TUQUE","707DBD4","2018-01-02 19:00","2018","01","02","19:00","-24.7","","-27.4","","78","","0.0","","16","","3","","","","99.59","","","","-28","","NA"
"-72.79","47.41","LA TUQUE","707DBD4","2018-01-02 20:00","2018","01","02","20:00","-24.8","","-27.1","","81","","0.0","","13","","2","","","","99.60","","","","-27","","NA"
"-72.79","47.41","LA TUQUE","707DBD4","2018-01-02 21:00","2018","01","02","21:00","-23.9","","-26.3","","81","","0.0","","18","","3","","","","99.63","","","","-27","","NA"
"-72.79","47.41","LA TUQUE","707DBD4","2018-01-02 22:00","2018","01","02","22:00","-27.4","","-30.2","","78","","0.0","","","","0","","","","99.61","","","","","","NA"
"-72.79","47.41","LA TUQUE","707DBD4","2018-01-02 23:00","2018","01","02","23:00","-28.7","","-31.5","","76","","0.0","","","","0","","","","99.68","","","","","","NA"
"-72.79","47.41","LA TUQUE","707DBD4","2018-01-03 00:00","2018","01","03","00:00","-29.8","","-32.7","","76","","0.0","","0","","1","","","","99.74","","","","-31","","NA"
"-72.79","47.41","LA TUQUE","707DBD4","2018-01-03 01:00","2018","01","03","01:00","-31.4","","-34.6","","73","","0.0","","0","","1","","","","99.77","","","","-33","","NA"
"-72.79","47.41","LA TUQUE","707DBD4","2018-01-03 02:00","2018","01","03","02:00","-32.2","","-35.3","","74","","0.0","","0","","1","","","","99.85","","","","-33","","NA"
"-72.79","47.41","LA TUQUE","707DBD4","2018-01-03 03:00","2018","01","03","03:00","-32.6","","-35.7","","73","","0.0","","0","","1","","","","99.93","","","","-34","","NA"
"-72.79","47.41","LA TUQUE","707DBD4","2018-01-03 04:00","2018","01","03","04:00","-33.4","","-36.7","","72","","0.0","","0","","1","","","","99.97","","","","-35","","NA"
"-72.79","47.41","LA TUQUE","707DBD4","2018-01-03 05:00","2018","01","03","05:00","-32.7","","-36.1","","72","","0.0","","12","","1","","","","100.01","","","","-34","","NA"
"-72.79","47.41","LA TUQUE","707DBD4","2018-01-03 06:00","2018","01","03","06:00","-32.3","","-35.6","","73","","0.0","","0","","1","","","","100.02","","","","-33","","NA"
"-72.79","47.41","LA TUQUE","707DBD4","2018-01-03 07:00","2018","01","03","07:00","-29.3","","-32.3","","76","","0.0","","33","","10","","","","100.02","","","","-38","","NA"
"-72.79","47.41","LA TUQUE","707DBD4","2018-01-03 08:00","2018","01","03","08:00","-28.6","","-31.4","","76","","0.0","","0","","1","","","","100.06","","","","-30","","NA"
"-72.79","47.41","LA TUQUE","707DBD4","2018-01-03 09:00","2018","01","03","09:00","-27.6","","-30.5","","76","","0.0","","30","","2","","","","100.08","","","","-30","","NA"
"-72.79","47.41","LA TUQUE","707DBD4","2018-01-03 10:00","2018","01","03","10:00","-26.3","","-29.1","","77","","0.0","","34","","1","","","","100.06","","","","-27","","NA"
"-72.79","47.41","LA TUQUE","707DBD4","2018-01-03 11:00","2018","01","03","11:00","-24.8","","-27.6","","77","","0.0","","36","","2","","","","99.98","","","","-27","","NA"
"-72.79","47.41","LA TUQUE","707DBD4","2018-01-03 12:00","2018","01","03","12:00","-22.9","","-25.9","","77","","0.0","","32","","2","","","","99.89","","","","-25","","NA"
"-72.79","47.41","LA TUQUE","707DBD4","2018-01-03 13:00","2018","01","03","13:00","-21.8","","-24.6","","78","","0.0","","32","","4","","","","99.78","","","","-25","","NA"
"-72.79","47.41","LA TUQUE","707DBD4","2018-01-03 14:00","2018","01","03","14:00","-20.9","","-23.6","","78","","0.0","","0","","1","","","","99.70","","","","-22","","NA"
"-72.79","47.41","LA TUQUE","707DBD4","2018-01-03 15:00","2018","01","03","15:00","-19.8","","-22.2","","81","","0.0","","34","","1","","","","99.66","","","","-21","","NA"
"-72.79","47.41","LA TUQUE","707DBD4","2018-01-03 16:00","2018","01","03","16:00","-19.1","","-21.3","","83","","0.0","","20","","2","","","","99.66","","","","-21","","NA"
"-72.79","47.41","LA TUQUE","707DBD4","2018-01-03 17:00","2018","01","03","17:00","-19.0","","-21.0","","84","","0.0","","","","0","","","","99.65","","","","","","NA"
"-72.79","47.41","LA TUQUE","707DBD4","2018-01-03 18:00","2018","01","03","18:00","-18.5","","-20.4","","85","","0.0","","34","","3","","","","99.63","","","","-21","","NA"
"-72.79","47.41","LA TUQUE","707DBD4","2018-01-03 19:00","2018","01","03","19:00","-16.4","","-17.9","","88","","0.0","","17","","3","","","","99.66","","","","-19","","NA"
"-72.79","47.41","LA TUQUE","707DBD4","2018-01-03 20:00","2018","01","03","20:00","-15.0","","-16.5","","89","","0.0","","19","","6","","","","99.65","","","","-19","","NA"
"-72.79","47.41","LA TUQUE","707DBD4","2018-01-03 21:00","2018","01","03","21:00","-14.4","","-15.8","","89","","2.0","","18","","5","","","","99.66","","","","-18","","NA"
"-72.79","47.41","LA TUQUE","707DBD4","2018-01-03 22:00","2018","01","03","22:00","-13.7","","-15.1","","89","","0.0","","18","","5","","","","99.66","","","","-17","","NA"
"-72.79","47.41","LA TUQUE","707DBD4","2018-01-03 23:00","2018","01","03","23:00","-13.4","","-14.7","","90","","0.0","","16","","7","","","","99.66","","","","-18","","NA"
"-72.79","47.41","LA TUQUE","707DBD4","2018-01-04 00:00","2018","01","04","00:00","-13.0","","-14.4","","89","","0.0","","18","","6","","","","99.62","","","","-17","","NA"
"-72.79","47.41","LA TUQUE","707DBD4","2018-01-04 01:00","2018","01","04","01:00","-12.8","","-14.2","","89","","0.0","","19","","5","","","","99.55","","","","-16","","NA"
"-72.79","47.41","LA TUQUE","707DBD4","2018-01-04 02:00","2018","01","04","02:00","-12.6","","-13.8","","90","","0.0","","16","","3","","","","99.52","","","","-15","","NA"
"-72.79","47.41","LA TUQUE","707DBD4","2018-01-04 03:00","2018","01","04","03:00","-12.0","","-13.5","","89","","0.0","","16","","6","","","","99.54","","","","-16","","NA"
"-72.79","47.41","LA TUQUE","707DBD4","2018-01-04 04:00","2018","01","04","04:00","-11.7","","-13.0","","90","","0.0","","17","","6","","","","99.49","","","","-15","","NA"
"-72.79","47.41","LA TUQUE","707DBD4","2018-01-04 05:00","2018","01","04","05:00","-11.9","","-13.3","","89","","0.0","","18","","6","","","","99.45","","","","-16","","NA"
"-72.79","47.41","LA TUQUE","707DBD4","2018-01-04 06:00","2018","01","04","06:00","-11.6","","-13.1","","89","","0.0","","18","","5","","","","99.43","","","","-15","","NA"
"-72.79","47.41","LA TUQUE","707DBD4","2018-01-04 07:00","2018","01","04","07:00","-12.5","","-13.9","","90","","0.0","","18","","3","","","","99.40","","","","-14","","NA"
"-72.79","47.41","LA TUQUE","707DBD4","2018-01-04 08:00","2018","01","04","08:00","-13.0","","-14.3","","90","","0.0","","36","","6","","","","99.32","","","","-17","","NA"
"-72.79","47.41","LA TUQUE","707DBD4","2018-01-04 09:00","2018","01","04","09:00","-12.9","","-14.3","","90","","0.0","","","","0","","","","99.31","","","","","","NA"
"-72.79","47.41","LA TUQUE","707DBD4","2018-01-04 10:00","2018","01","04","10:00","-11.9","","-13.3","","89","","0.0","","34","","10","","","","99.24","","","","-18","","NA"
"-72.79","47.41","LA TUQUE","707DBD4","2018-01-04 11:00","2018","01","04","11:00","-11.2","","-12.9","","88","","1.0","","34","","9","","","","99.13","","","","-16","","NA"
"-72.79","47.41","LA TUQUE","707DBD4","2018-01-04 12:00","2018","01","04","12:00","-10.5","","-12.1","","88","","0.0","","36","","7","","","","99.00","","","","-15","","NA"
"-72.79","47.41","LA TUQUE","707DBD4","2018-01-04 13:00","2018","01","04","13:00","-9.6","","-11.1","","89","","0.0","","36","","8","","","","98.86","","","","-14","","NA"
"-72.79","47.41","LA TUQUE","707DBD4","2018-01-04 14:00","2018","01","04","14:00","-9.1","","-10.5","","90","","0.0","","36","","11","","","","98.72","","","","-15","","NA"
"-72.79","47.41","LA TUQUE","707DBD4","2018-01-04 15:00","2018","01","04","15:00","-8.8","","-10.3","","89","","1.0","","36","","11","","","","98.58","","","","-14","","NA"
"-72.79","47.41","LA TUQUE","707DBD4","2018-01-04 16:00","2018","01","04","16:00","-8.8","","-10.6","","87","","0.0","","36","","17","","","","98.40","","","","-16","","NA"
"-72.79","47.41","LA TUQUE","707DBD4","2018-01-04 17:00","2018","01","04","17:00","-9.5","","-11.3","","87","","1.0","","36","","18","","","","98.28","","","","-17","","NA"
"-72.79","47.41","LA TUQUE","707DBD4","2018-01-04 18:00","2018","01","04","18:00","-10.4","","-12.2","","87","","0.0","","36","","20","","","","98.14","","","","-18","","NA"
"-72.79","47.41","LA TUQUE","707DBD4","2018-01-04 19:00","2018","01","04","19:00","-11.8","","-13.6","","86","","0.0","","36","","19","","","","98.14","","","","-20","","NA"
"-72.79","47.41","LA TUQUE","707DBD4","2018-01-04 20:00","2018","01","04","20:00","-12.1","","-14.4","","83","","0.0","","35","","25","","","","98.03","","","","-21","","NA"
"-72.79","47.41","LA TUQUE","707DBD4","2018-01-04 21:00","2018","01","04","21:00","-12.3","","-14.2","","86","","0.0","","34","","21","","","","97.89","","","","-21","","NA"
"-72.79","47.41","LA TUQUE","707DBD4","2018-01-04 22:00","2018","01","04","22:00","-12.4","","-14.3","","86","","0.0","","34","","26","","","","97.72","","","","-22","","NA"
"-72.79","47.41","LA TUQUE","707DBD4","2018-01-04 23:00","2018","01","04","23:00","-13.2","","-15.6","","82","","0.0","","33","","19","","","","97.55","","","","-22","","NA"
"-72.79","47.41","LA TUQUE","707DBD4","2018-01-05 00:00","2018","01","05","00:00","-13.9","","-16.9","","78","","0.0","","34","","25","","","","97.41","","","","-24","","NA"
"-72.79","47.41","LA TUQUE","707DBD4","2018-01-05 01:00","2018","01","05","01:00","-14.9","","-17.8","","78","","0.0","","34","","24","","","","97.35","","","","-25","","NA"
"-72.79","47.41","LA TUQUE","707DBD4","2018-01-05 02:00","2018","01","05","02:00","-16.3","","-19.4","","77","","0.0","","33","","24","","","","97.34","","","","-27","","NA"
"-72.79","47.41","LA TUQUE","707DBD4","2018-01-05 03:00","2018","01","05","03:00","-17.2","","-19.7","","81","","0.0","","33","","19","","","","97.31","","","","-27","","NA"
"-72.79","47.41","LA TUQUE","707DBD4","2018-01-05 04:00","2018","01","05","04:00","-17.7","","-20.9","","76","","0.0","","33","","28","","","","97.26","","","","-29","","NA"
"-72.79","47.41","LA TUQUE","707DBD4","2018-01-05 05:00","2018","01","05","05:00","-18.3","","-21.5","","76","","0.0","","33","","22","","","","97.27","","","","-29","","NA"
"-72.79","47.41","LA TUQUE","707DBD4","2018-01-05 06:00","2018","01","05","06:00","-18.9","","-22.0","","77","","0.0","","33","","18","","","","97.31","","","","-29","","NA"
"-72.79","47.41","LA TUQUE","707DBD4","2018-01-05 07:00","2018","01","05","07:00","-19.9","","-23.3","","74","","0.0","","32","","22","","","","97.34","","","","-31","","NA"
"-72.79","47.41","LA TUQUE","707DBD4","2018-01-05 08:00","2018","01","05","08:00","-20.6","","-24.3","","72","","0.0","","31","","20","","","","97.37","","","","-31","","NA"
"-72.79","47.41","LA TUQUE","707DBD4","2018-01-05 09:00","2018","01","05","09:00","-20.8","","-25.0","","69","","0.0","","32","","22","","","","97.41","","","","-32","","NA"
"-72.79","47.41","LA TUQUE","707DBD4","2018-01-05 10:00","2018","01","05","10:00","-20.8","","-25.6","","66","","0.0","","32","","20","","","","97.45","","","","-31","","NA"
"-72.79","47.41","LA TUQUE","707DBD4","2018-01-05 11:00","2018","01","05","11:00","-20.6","","-25.4","","66","","0.0","","32","","24","","","","97.41","","","","-32","","NA"
"-72.79","47.41","LA TUQUE","707DBD4","2018-01-05 12:00","2018","01","05","12:00","-20.2","","-25.1","","65","","0.0","","32","","22","","","","97.41","","","","-31","","NA"
"-72.79","47.41","LA TUQUE","707DBD4","2018-01-05 13:00","2018","01","05","13:00","-20.2","","-24.8","","66","","0.0","","32","","22","","","","97.44","","","","-31","","NA"
"-72.79","47.41","LA TUQUE","707DBD4","2018-01-05 14:00","2018","01","05","14:00","-20.8","","-25.4","","66","","0.0","","31","","19","","","","97.51","","","","-31","","NA"
"-72.79","47.41","LA TUQUE","707DBD4","2018-01-05 15:00","2018","01","05","15:00","-21.0","","-25.1","","70","","0.0","","31","","21","","","","97.60","","","","-32","","NA"
"-72.79","47.41","LA TUQUE","707DBD4","2018-01-05 16:00","2018","01","05","16:00","-21.3","","-25.2","","71","","0.0","","31","","17","","","","97.69","","","","-31","","NA"
"-72.79","47.41","LA TUQUE","707DBD4","2018-01-05 17:00","2018","01","05","17:00","-21.3","","-25.7","","68","","0.0","","32","","22","","","","97.77","","","","-33","","NA"
"-72.79","47.41","LA TUQUE","707DBD4","2018-01-05 18:00","2018","01","05","18:00","-21.4","","-25.9","","67","","0.0","","32","","16","","","","97.81","","","","-31","","NA"
"-72.79","47.41","LA TUQUE","707DBD4","2018-01-05 19:00","2018","01","05","19:00","-21.3","","-26.1","","65","","0.0","","31","","21","","","","97.85","","","","-32","","NA"
"-72.79","47.41","LA TUQUE","707DBD4","2018-01-05 20:00","2018","01","05","20:00","-21.5","","-26.5","","64","","0.0","","31","","29","","","","97.89","","","","-34","","NA"
"-72.79","47.41","LA TUQUE","707DBD4","2018-01-05 21:00","2018","01","05","21:00","-21.9","","-25.9","","70","","0.0","","31","","24","","","","97.96","","","","-34","","NA"
"-72.79","47.41","LA TUQUE","707DBD4","2018-01-05 22:00","2018","01","05","22:00","-22.4","","-26.3","","71","","0.0","","30","","18","","","","98.00","","","","-33","","NA"
"-72.79","47.41","LA TUQUE","707DBD4","2018-01-05 23:00","2018","01","05","23:00","-23.1","","-27.6","","66","","0.0","","32","","28","","","","98.06","","","","-36","","NA"
"-72.79","47.41","LA TUQUE","707DBD4","2018-01-06 00:00","2018","01","06","00:00","-23.7","","-28.4","","65","","0.0","","32","","26","","","","98.12","","","","-37","","NA"
"-72.79","47.41","LA TUQUE","707DBD4","2018-01-06 01:00","2018","01","06","01:00","-23.9","","-29.0","","63","","0.0","","31","","19","","","","98.14","","","","-35","","NA"
"-72.79","47.41","LA TUQUE","707DBD4","2018-01-06 02:00","2018","01","06","02:00","-23.6","","-28.4","","65","","0.0","","31","","18","","","","98.19","","","","-34","","NA"
"-72.79","47.41","LA TUQUE","707DBD4","2018-01-06 03:00","2018","01","06","03:00","-23.4","","-28.0","","66","","0.0","","31","","22","","","","98.27","","","","-35","","NA"
"-72.79","47.41","LA TUQUE","707DBD4","2018-01-06 04:00","2018","01","06","04:00","-23.4","","-28.2","","65","","0.0","","32","","16","","","","98.34","","","","-34","","NA"
"-72.79","47.41","LA TUQUE","707DBD4","2018-01-06 05:00","2018","01","06","05:00","-23.3","","-28.3","","63","","0.0","","32","","18","","","","98.38","","","","-34","","NA"
"-72.79","47.41","LA TUQUE","707DBD4","2018-01-06 06:00","2018","01","06","06:00","-23.2","","-28.1","","64","","0.0","","33","","16","","","","98.48","","","","-33","","NA"
"-72.79","47.41","LA TUQUE","707DBD4","2018-01-06 07:00","2018","01","06","07:00","-23.3","","-28.2","","64","","0.0","","33","","20","","","","98.60","","","","-35","","NA"
"-72.79","47.41","LA TUQUE","707DBD4","2018-01-06 08:00","2018","01","06","08:00","-23.4","","-28.8","","61","","0.0","","32","","28","","","","98.70","","","","-37","","NA"
"-72.79","47.41","LA TUQUE","707DBD4","2018-01-06 09:00","2018","01","06","09:00","-23.4","","-29.1","","60","","0.0","","32","","22","","","","98.85","","","","-35","","NA"
"-72.79","47.41","LA TUQUE","707DBD4","2018-01-06 10:00","2018","01","06","10:00","-22.9","","-28.8","","58","","0.0","","32","","19","","","","98.99","","","","-34","","NA"
"-72.79","47.41","LA TUQUE","707DBD4","2018-01-06 11:00","2018","01","06","11:00","-22.1","","-28.2","","58","","1.0","","31","","22","","","","99.05","","","","-34","","NA"
"-72.79","47.41","LA TUQUE","707DBD4","2018-01-06 12:00","2018","01","06","12:00","-21.6","","-28.1","","55","","0.0","","33","","29","","","","99.16","","","","-34","","NA"
"-72.79","47.41","LA TUQUE","707DBD4","2018-01-06 13:00","2018","01","06","13:00","-21.6","","-28.8","","52","","0.0","","32","","23","","","","99.28","","","","-33","","NA"
"-72.79","47.41","LA TUQUE","707DBD4","2018-01-06 14:00","2018","01","06","14:00","-21.3","","-28.6","","52","","0.0","","33","","28","","","","99.40","","","","-34","","NA"
"-72.79","47.41","LA TUQUE","707DBD4","2018-01-06 15:00","2018","01","06","15:00","-21.1","","-28.6","","51","","0.0","","33","","21","","","","99.54","","","","-32","","NA"
"-72.79","47.41","LA TUQUE","707DBD4","2018-01-06 16:00","2018","01","06","16:00","-21.4","","-28.3","","54","","0.0","","32","","24","","","","99.68","","","","-33","","NA"
"-72.79","47.41","LA TUQUE","707DBD4","2018-01-06 17:00","2018","01","06","17:00","-21.7","","-28.3","","55","","0.0","","32","","20","","","","99.86","","","","-33","","NA"
"-72.79","47.41","LA TUQUE","707DBD4","2018-01-06 18:00","2018","01","06","18:00","-22.7","","-28.6","","58","","0.0","","31","","19","","","","99.99","","","","-34","","NA"
"-72.79","47.41","LA TUQUE","707DBD4","2018-01-06 19:00","2018","01","06","19:00","-23.9","","-29.8","","59","","0.0","","32","","13","","","","100.14","","","","-33","","NA"
"-72.79","47.41","LA TUQUE","707DBD4","2018-01-06 20:00","2018","01","06","20:00","-24.4","","-29.9","","61","","0.0","","33","","11","","","","100.22","","","","-33","","NA"
"-72.79","47.41","LA TUQUE","707DBD4","2018-01-06 21:00","2018","01","06","21:00","-25.4","","-30.2","","65","","0.0","","32","","6","","","","100.28","","","","-31","","NA"
"-72.79","47.41","LA TUQUE","707DBD4","2018-01-06 22:00","2018","01","06","22:00","-25.2","","-29.9","","65","","0.0","","35","","9","","","","100.32","","","","-33","","NA"
"-72.79","47.41","LA TUQUE","707DBD4","2018-01-06 23:00","2018","01","06","23:00","-26.2","","-30.4","","68","","0.0","","35","","4","","","","100.40","","","","-30","","NA"
"-72.79","47.41","LA TUQUE","707DBD4","2018-01-07 00:00","2018","01","07","00:00","-28.3","","-31.6","","73","","0.0","","34","","2","","","","100.41","","","","-30","","NA"
"-72.79","47.41","LA TUQUE","707DBD4","2018-01-07 01:00","2018","01","07","01:00","-29.2","","-32.5","","73","","0.0","","31","","4","","","","100.45","","","","-34","","NA"
"-72.79","47.41","LA TUQUE","707DBD4","2018-01-07 02:00","2018","01","07","02:00","-29.5","","-33.3","","70","","0.0","","33","","2","","","","100.53","","","","-32","","NA"
"-72.79","47.41","LA TUQUE","707DBD4","2018-01-07 03:00","2018","01","07","03:00","-31.8","","-34.7","","75","","0.0","","10","","3","","","","100.60","","","","-35","","NA"
"-72.79","47.41","LA TUQUE","707DBD4","2018-01-07 04:00","2018","01","07","04:00","-33.3","","-36.6","","72","","0.0","","14","","2","","","","100.63","","","","-36","","NA"
"-72.79","47.41","LA TUQUE","707DBD4","2018-01-07 05:00","2018","01","07","05:00","-32.1","","-35.2","","74","","0.0","","15","","3","","","","100.68","","","","-36","","NA"
"-72.79","47.41","LA TUQUE","707DBD4","2018-01-07 06:00","2018","01","07","06:00","-32.4","","-35.7","","72","","0.0","","14","","3","","","","100.72","","","","-36","","NA"
"-72.79","47.41","LA TUQUE","707DBD4","2018-01-07 07:00","2018","01","07","07:00","-31.3","","-34.4","","74","","0.0","","12","","4","","","","100.75","","","","-36","","NA"
"-72.79","47.41","LA TUQUE","707DBD4","2018-01-07 08:00","2018","01","07","08:00","-29.2","","-32.2","","76","","0.0","","13","","3","","","","100.74","","","","-33","","NA"
"-72.79","47.41","LA TUQUE","707DBD4","2018-01-07 09:00","2018","01","07","09:00","-27.3","","-30.2","","76","","0.0","","17","","4","","","","100.74","","","","-32","","NA"
"-72.79","47.41","LA TUQUE","707DBD4","2018-01-07 10:00","2018","01","07","10:00","-24.5","","-29.3","","64","","0.0","","16","","6","","","","100.71","","","","-30","","NA"
"-72.79","47.41","LA TUQUE","707DBD4","2018-01-07 11:00","2018","01","07","11:00","-23.1","","-28.7","","61","","0.0","","18","","8","","","","100.61","","","","-30","","NA"
"-72.79","47.41","LA TUQUE","707DBD4","2018-01-07 12:00","2018","01","07","12:00","-21.8","","-27.2","","61","","0.0","","18","","9","","","","100.45","","","","-29","","NA"
"-72.79","47.41","LA TUQUE","707DBD4","2018-01-07 13:00","2018","01","07","13:00","-20.8","","-24.6","","72","","0.0","","16","","7","","","","100.30","","","","-27","","NA"
"-72.79","47.41","LA TUQUE","707DBD4","2018-01-07 14:00","2018","01","07","14:00","-20.5","","-23.4","","77","","0.0","","15","","8","","","","100.20","","","","-27","","NA"
"-72.79","47.41","LA TUQUE","707DBD4","2018-01-07 15:00","2018","01","07","15:00","-20.2","","-23.5","","75","","0.0","","16","","11","","","","100.11","","","","-28","","NA"
"-72.79","47.41","LA TUQUE","707DBD4","2018-01-07 16:00","2018","01","07","16:00","-20.9","","-24.5","","73","","0.0","","16","","16","","","","100.02","","","","-31","","NA"
"-72.79","47.41","LA TUQUE","707DBD4","2018-01-07 17:00","2018","01","07","17:00","-21.1","","-24.3","","75","","0.0","","16","","11","","","","99.93","","","","-29","","NA"
"-72.79","47.41","LA TUQUE","707DBD4","2018-01-07 18:00","2018","01","07","18:00","-20.6","","-23.8","","76","","0.0","","16","","8","","","","99.85","","","","-27","","NA"
"-72.79","47.41","LA TUQUE","707DBD4","2018-01-07 19:00","2018","01","07","19:00","-20.1","","-22.7","","80","","0.0","","16","","7","","","","99.82","","","","-26","","NA"
"-72.79","47.41","LA TUQUE","707DBD4","2018-01-07 20:00","2018","01","07","20:00","-19.6","","-22.2","","80","","0.0","","15","","6","","","","99.75","","","","-25","","NA"
"-72.79","47.41","LA TUQUE","707DBD4","2018-01-07 21:00","2018","01","07","21:00","-19.3","","-22.2","","78","","0.0","","16","","7","","","","99.69","","","","-25","","NA"
"-72.79","47.41","LA TUQUE","707DBD4","2018-01-07 22:00","2018","01","07","22:00","-19.2","","-21.9","","79","","0.0","","15","","5","","","","99.62","","","","-23","","NA"
"-72.79","47.41","LA TUQUE","707DBD4","2018-01-07 23:00","2018","01","07","23:00","-18.9","","-21.4","","81","","0.0","","17","","5","","","","99.60","","","","-23","","NA"
"-72.79","47.41","LA TUQUE","707DBD4","2018-01-08 00:00","2018","01","08","00:00","-18.7","","-21.1","","81","","0.0","","18","","6","","","","99.54","","","","-24","","NA"
"-72.79","47.41","LA TUQUE","707DBD4","2018-01-08 01:00","2018","01","08","01:00","-18.6","","-21.0","","82","","0.0","","18","","5","","","","99.51","","","","-23","","NA"
"-72.79","47.41","LA TUQUE","707DBD4","2018-01-08 02:00","2018","01","08","02:00","-18.5","","-20.5","","84","","0.0","","17","","4","","","","99.52","","","","-22","","NA"
"-72.79","47.41","LA TUQUE","707DBD4","2018-01-08 03:00","2018","01","08","03:00","-18.2","","-20.3","","84","","0.0","","18","","4","","","","99.52","","","","-21","","NA"
"-72.79","47.41","LA TUQUE","707DBD4","2018-01-08 04:00","2018","01","08","04:00","-18.1","","-20.0","","85","","0.0","","18","","6","","","","99.50","","","","-23","","NA"
"-72.79","47.41","LA TUQUE","707DBD4","2018-01-08 05:00","2018","01","08","05:00"
"-72.79","47.41","LA TUQUE","707DBD4","2018-01-08 06:00","2018","01","08","06:00","-17.5","","-19.5","","84","","0.0","","19","","5","","","","99.52","","","","-21","","NA"
"-72.79","47.41","LA TUQUE","707DBD4","2018-01-08 07:00","2018","01","08","07:00","-17.2","","-19.0","","86","","0.0","","18","","4","","","","99.48","","","","-20","","NA"
"-72.79","47.41","LA TUQUE","707DBD4","2018-01-08 08:00","2018","01","08","08:00","-16.7","","-18.7","","85","","0.0","","19","","4","","","","99.41","","","","-20","","NA"
"-72.79","47.41","LA TUQUE","707DBD4","2018-01-08 09:00","2018","01","08","09:00","-16.0","","-18.0","","84","","0.0","","19","","5","","","","99.38","","","","-20","","NA"
"-72.79","47.41","LA TUQUE","707DBD4","2018-01-08 10:00","2018","01","08","10:00","-14.8","","-16.7","","85","","1.0","","19","","5","","","","99.33","","","","-18","","NA"
"-72.79","47.41","LA TUQUE","707DBD4","2018-01-08 11:00","2018","01","08","11:00","-13.0","","-15.1","","84","","0.0","","17","","5","","","","99.19","","","","-16","","NA"
"-72.79","47.41","LA TUQUE","707DBD4","2018-01-08 12:00","2018","01","08","12:00","-12.4","","-14.5","","85","","1.0","","19","","9","","","","98.99","","","","-18","","NA"
"-72.79","47.41","LA TUQUE","707DBD4","2018-01-08 13:00","2018","01","08","13:00","-11.7","","-13.3","","88","","0.0","","18","","6","","","","98.85","","","","-15","","NA"
"-72.79","47.41","LA TUQUE","707DBD4","2018-01-08 14:00","2018","01","08","14:00","-11.1","","-12.5","","89","","0.0","","17","","3","","","","98.74","","","","-13","","NA"
"-72.79","47.41","LA TUQUE","707DBD4","2018-01-08 15:00","2018","01","08","15:00","-10.9","","-12.1","","91","","1.9","","18","","4","","","","98.64","","","","-13","","NA"
"-72.79","47.41","LA TUQUE","707DBD4","2018-01-08 16:00","2018","01","08","16:00","-10.5","","-11.5","","92","","1.1","","17","","5","","","","98.59","","","","-14","","NA"
"-72.79","47.41","LA TUQUE","707DBD4","2018-01-08 17:00","2018","01","08","17:00","-10.1","","-11.0","","93","","1.0","","17","","4","","","","98.56","","","","-12","","NA"
"-72.79","47.41","LA TUQUE","707DBD4","2018-01-08 18:00","2018","01","08","18:00","-9.7","","-10.7","","93","","1.0","","18","","4","","","","98.56","","","","-12","","NA"
"-72.79","47.41","LA TUQUE","707DBD4","2018-01-08 19:00","2018","01","08","19:00","-9.6","","-10.6","","92","","0.0","","17","","6","","","","98.54","","","","-13","","NA"
"-72.79","47.41","LA TUQUE","707DBD4","2018-01-08 20:00","2018","01","08","20:00","-9.2","","-10.4","","91","","0.0","","16","","7","","","","98.53","","","","-13","","NA"
"-72.79","47.41","LA TUQUE","707DBD4","2018-01-08 21:00","2018","01","08","21:00","-8.9","","-10.2","","90","","0.0","","15","","5","","","","98.49","","","","-12","","NA"
"-72.79","47.41","LA TUQUE","707DBD4","2018-01-08 22:00","2018","01","08","22:00","-8.5","","-9.9","","90","","0.0","","16","","8","","","","98.51","","","","-13","","NA"
"-72.79","47.41","LA TUQUE","707DBD4","2018-01-08 23:00","2018","01","08","23:00","-8.4","","-9.8","","90","","2.0","","14","","7","","","","98.50","","","","-12","","NA"
"-72.79","47.41","LA TUQUE","707DBD4","2018-01-09 00:00","2018","01","09","00:00","-8.2","","-9.4","","91","","0.0","","16","","4","","","","98.46","","","","-10","","NA"
"-72.79","47.41","LA TUQUE","707DBD4","2018-01-09 01:00","2018","01","09","01:00","-7.7","","-8.9","","91","","0.0","","16","","7","","","","98.48","","","","-11","","NA"
"-72.79","47.41","LA TUQUE","707DBD4","2018-01-09 02:00","2018","01","09","02:00","-7.5","","-8.7","","91","","0.0","","14","","5","","","","98.52","","","","-10","","NA"
"-72.79","47.41","LA TUQUE","707DBD4","2018-01-09 03:00","2018","01","09","03:00","-7.3","","-8.5","","91","","0.0","","16","","6","","","","98.57","","","","-10","","NA"
"-72.79","47.41","LA TUQUE","707DBD4","2018-01-09 04:00","2018","01","09","04:00","-7.9","","-8.9","","93","","0.0","","12","","3","","","","98.58","","","","-9","","NA"
"-72.79","47.41","LA TUQUE","707DBD4","2018-01-09 05:00","2018","01","09","05:00","-7.7","","-8.5","","94","","0.0","","14","","3","","","","98.59","","","","-9","","NA"
"-72.79","47.41","LA TUQUE","707DBD4","2018-01-09 06:00","2018","01","09","06:00","-7.1","","-7.7","","96","","0.0","","33","","3","","","","98.69","","","","-9","","NA"
"-72.79","47.41","LA TUQUE","707DBD4","2018-01-09 07:00","2018","01","09","07:00","-5.6","","-9.0","","77","","1.0","","33","","17","","","","98.81","","","","-12","","NA"
"-72.79","47.41","LA TUQUE","707DBD4","2018-01-09 08:00","2018","01","09","08:00","-6.5","","-9.8","","77","","0.0","","31","","11","","","","98.94","","","","-11","","NA"
"-72.79","47.41","LA TUQUE","707DBD4","2018-01-09 09:00","2018","01","09","09:00","-7.5","","-11.7","","72","","0.0","","31","","19","","","","99.10","","","","-15","","NA"
"-72.79","47.41","LA TUQUE","707DBD4","2018-01-09 10:00","2018","01","09","10:00","-7.9","","-12.4","","70","","0.0","","31","","21","","","","99.26","","","","-15","","NA"
"-72.79","47.41","LA TUQUE","707DBD4","2018-01-09 11:00","2018","01","09","11:00","-7.5","","-12.2","","69","","0.0","","31","","18","","","","99.33","","","","-14","","NA"
"-72.79","47.41","LA TUQUE","707DBD4","2018-01-09 12:00","2018","01","09","12:00","-7.9","","-13.3","","65","","0.0","","31","","27","","","","99.40","","","","-16","","NA"
"-72.79","47.41","LA TUQUE","707DBD4","2018-01-09 13:00","2018","01","09","13:00","-7.5","","-12.6","","67","","1.0","","31","","22","","","","99.47","","","","-15","","NA"
"-72.79","47.41","LA TUQUE","707DBD4","2018-01-09 14:00","2018","01","09","14:00","-7.5","","-12.9","","65","","0.0","","31","","17","","","","99.58","","","","-14","","NA"
"-72.79","47.41","LA TUQUE","707DBD4","2018-01-09 15:00","2018","01","09","15:00","-7.6","","-13.2","","64","","0.0","","31","","15","","","","99.71","","","","-14","","NA"
"-72.79","47.41","LA TUQUE","707DBD4","2018-01-09 16:00","2018","01","09","16:00","-8.2","","-13.4","","66","","0.0","","32","","20","","","","99.88","","","","-16","","NA"
"-72.79","47.41","LA TUQUE","707DBD4","2018-01-09 17:00","2018","01","09","17:00","-8.7","","-13.5","","68","","0.0","","31","","13","","","","99.99","","","","-15","","NA"
"-72.79","47.41","LA TUQUE","707DBD4","2018-01-09 18:00","2018","01","09","18:00","-9.2","","-14.3","","66","","0.0","","31","","11","","","","100.16","","","","-15","","NA"
"-72.79","47.41","LA TUQUE","707DBD4","2018-01-09 19:00","2018","01","09","19:00","-9.7","","-14.5","","68","","0.0","","33","","15","","","","100.30","","","","-16","","NA"
"-72.79","47.41","LA TUQUE","707DBD4","2018-01-09 20:00","2018","01","09","20:00","-10.8","","-15.4","","69","","0.0","","34","","8","","","","100.34","","","","-15","","NA"
"-72.79","47.41","LA TUQUE","707DBD4","2018-01-09 21:00","2018","01","09","21:00","-13.9","","-17.0","","77","","0.0","","35","","5","","","","100.41","","","","-17","","NA"
"-72.79","47.41","LA TUQUE","707DBD4","2018-01-09 22:00","2018","01","09","22:00","-17.3","","-18.9","","88","","0.0","","17","","2","","","","100.50","","","","-19","","NA"
"-72.79","47.41","LA TUQUE","707DBD4","2018-01-09 23:00","2018","01","09","23:00","-15.4","","-16.6","","90","","0.0","","10","","4","","","","100.58","","","","-18","","NA"
"-72.79","47.41","LA TUQUE","707DBD4","2018-01-10 00:00","2018","01","10","00:00","-15.4","","-17.0","","88","","0.0","","12","","3","","","","100.54","","","","-18","","NA"
"-72.79","47.41","LA TUQUE","707DBD4","2018-01-10 01:00","2018","01","10","01:00","-15.0","","-16.8","","87","","0.0","","12","","2","","","","100.57","","","","-16","","NA"
"-72.79","47.41","LA TUQUE","707DBD4","2018-01-10 02:00","2018","01","10","02:00","-14.6","","-16.2","","88","","0.0","","17","","3","","","","100.61","","","","-17","","NA"
"-72.79","47.41","LA TUQUE","707DBD4","2018-01-10 03:00","2018","01","10","03:00","-14.4","","-16.1","","86","","0.0","","14","","4","","","","100.63","","","","-17","","NA"
"-72.79","47.41","LA TUQUE","707DBD4","2018-01-10 04:00","2018","01","10","04:00","-14.3","","-15.8","","88","","0.0","","14","","2","","","","100.65","","","","-16","","NA"
"-72.79","47.41","LA TUQUE","707DBD4","2018-01-10 05:00","2018","01","10","05:00","-14.8","","-16.3","","88","","0.0","","14","","4","","","","100.66","","","","-18","","NA"
"-72.79","47.41","LA TUQUE","707DBD4","2018-01-10 06:00","2018","01","10","06:00","-17.7","","-19.0","","89","","0.0","","11","","3","","","","100.72","","","","-20","","NA"
"-72.79","47.41","LA TUQUE","707DBD4","2018-01-10 07:00","2018","01","10","07:00","-18.3","","-19.6","","89","","0.0","","13","","2","","","","100.79","","","","-20","","NA"
"-72.79","47.41","LA TUQUE","707DBD4","2018-01-10 08:00","2018","01","10","08:00","-18.2","","-19.7","","88","","0.0","","14","","2","","","","100.82","","","","-20","","NA"
"-72.79","47.41","LA TUQUE","707DBD4","2018-01-10 09:00","2018","01","10","09:00","-15.8","","-17.2","","89","","0.0","","14","","2","","","","100.86","","","","-17","","NA"
"-72.79","47.41","LA TUQUE","707DBD4","2018-01-10 10:00","2018","01","10","10:00","-13.1","","-15.0","","86","","0.0","","16","","3","","","","100.86","","","","-15","","NA"
"-72.79","47.41","LA TUQUE","707DBD4","2018-01-10 11:00","2018","01","10","11:00","-11.4","","-14.0","","81","","0.0","","19","","8","","","","100.85","","","","-16","","NA"
"-72.79","47.41","LA TUQUE","707DBD4","2018-01-10 12:00","2018","01","10","12:00","-9.2","","-12.2","","79","","0.0","","18","","9","","","","100.67","","","","-14","","NA"
"-72.79","47.41","LA TUQUE","707DBD4","2018-01-10 13:00","2018","01","10","13:00","-7.9","","-11.8","","74","","0.0","","19","","9","","","","100.54","","","","-12","","NA"
"-72.79","47.41","LA TUQUE","707DBD4","2018-01-10 14:00","2018","01","10","14:00","-6.9","","-11.3","","71","","0.0","","17","","10","","","","100.46","","","","-12","","NA"
"-72.79","47.41","LA TUQUE","707DBD4","2018-01-10 15:00","2018","01","10","15:00","-6.1","","-10.8","","69","","0.0","","18","","8","","","","100.38","","","","-10","","NA"
"-72.79","47.41","LA TUQUE","707DBD4","2018-01-10 16:00","2018","01","10","16:00","-6.6","","-10.8","","72","","0.0","","16","","9","","","","100.36","","","","-11","","NA"
"-72.79","47.41","LA TUQUE","707DBD4","2018-01-10 17:00","2018","01","10","17:00","-7.1","","-10.9","","74","","0.0","","14","","10","","","","100.19","","","","-12","","NA"
"-72.79","47.41","LA TUQUE","707DBD4","2018-01-10 18:00","2018","01","10","18:00","-8.0","","-11.5","","76","","0.0","","18","","13","","","","100.17","","","","-14","","NA"
"-72.79","47.41","LA TUQUE","707DBD4","2018-01-10 19:00","2018","01","10","19:00","-7.7","","-10.9","","78","","0.0","","15","","7","","","","100.18","","","","-11","","NA"
"-72.79","47.41","LA TUQUE","707DBD4","2018-01-10 20:00","2018","01","10","20:00","-7.3","","-10.4","","78","","0.0","","15","","6","","","","100.04","","","","-10","","NA"
"-72.79","47.41","LA TUQUE","707DBD4","2018-01-10 21:00","2018","01","10","21:00","-7.1","","-10.3","","78","","0.0","","17","","11","","","","99.90","","","","-12","","NA"
"-72.79","47.41","LA TUQUE","707DBD4","2018-01-10 22:00","2018","01","10","22:00","-6.8","","-9.4","","82","","0.0","","17","","11","","","","99.79","","","","-12","","NA"
"-72.79","47.41","LA TUQUE","707DBD4","2018-01-10 23:00","2018","01","10","23:00","-6.2","","-7.9","","87","","0.0","","17","","10","","","","99.74","","","","-11","","NA"
"-72.79","47.41","LA TUQUE","707DBD4","2018-01-11 00:00","2018","01","11","00:00","-5.8","","-7.2","","89","","0.0","","16","","7","","","","99.64","","","","-9","","NA"
"-72.79","47.41","LA TUQUE","707DBD4","2018-01-11 01:00","2018","01","11","01:00","-5.0","","-6.6","","89","","0.0","","15","","8","","","","99.59","","","","-9","","NA"
"-72.79","47.41","LA TUQUE","707DBD4","2018-01-11 02:00","2018","01","11","02:00","-4.6","","-5.6","","93","","0.0","","16","","8","","","","99.59","","","","-8","","NA"
"-72.79","47.41","LA TUQUE","707DBD4","2018-01-11 03:00","2018","01","11","03:00","-3.8","","-4.7","","94","","0.0","","17","","8","","","","99.57","","","","-7","","NA"
"-72.79","47.41","LA TUQUE","707DBD4","2018-01-11 04:00","2018","01","11","04:00","-3.1","","-4.1","","93","","0.0","","17","","10","","","","99.51","","","","-7","","NA"
"-72.79","47.41","LA TUQUE","707DBD4","2018-01-11 05:00","2018","01","11","05:00","-2.4","","-3.6","","92","","0.0","","17","","10","","","","99.47","","","","-6","","NA"
"-72.79","47.41","LA TUQUE","707DBD4","2018-01-11 06:00","2018","01","11","06:00","-1.9","","-2.7","","94","","0.0","","16","","9","","","","99.47","","","","-5","","NA"
"-72.79","47.41","LA TUQUE","707DBD4","2018-01-11 07:00","2018","01","11","07:00","-1.4","","-2.1","","95","","0.0","","17","","10","","","","99.47","","","","-5","","NA"
"-72.79","47.41","LA TUQUE","707DBD4","2018-01-11 08:00","2018","01","11","08:00","-1.2","","-1.7","","96","","0.0","","18","","8","","","","99.46","","","","-4","","NA"
"-72.79","47.41","LA TUQUE","707DBD4","2018-01-11 09:00","2018","01","11","09:00","-0.4","","-1.1","","95","","0.0","","18","","8","","","","99.49","","","","-3","","NA"
"-72.79","47.41","LA TUQUE","707DBD4","2018-01-11 10:00","2018","01","11","10:00","1.0","","-0.1","","93","","0.0","","17","","9","","","","99.48","","","","","","NA"
"-72.79","47.41","LA TUQUE","707DBD4","2018-01-11 11:00","2018","01","11","11:00","1.7","","0.5","","91","","0.0","","17","","12","","","","99.47","","","","","","NA"
"-72.79","47.41","LA TUQUE","707DBD4","2018-01-11 12:00","2018","01","11","12:00","2.2","","1.1","","92","","0.0","","16","","12","","","","99.38","","","","","","NA"
"-72.79","47.41","LA TUQUE","707DBD4","2018-01-11 13:00","2018","01","11","13:00","2.2","","1.3","","94","","0.0","","16","","10","","","","99.33","","","","","","NA"
"-72.79","47.41","LA TUQUE","707DBD4","2018-01-11 14:00","2018","01","11","14:00","2.3","","1.5","","95","","0.0","","15","","9","","","","99.32","","","","","","NA"
"-72.79","47.41","LA TUQUE","707DBD4","2018-01-11 15:00","2018","01","11","15:00","2.4","","1.6","","95","","0.0","","16","","11","","","","99.30","","","","","","NA"
"-72.79","47.41","LA TUQUE","707DBD4","2018-01-11 16:00","2018","01","11","16:00","2.7","","2.0","","95","","0.0","","16","","10","","","","99.29","","","","","","NA"
"-72.79","47.41","LA TUQUE","707DBD4","2018-01-11 17:00","2018","01","11","17:00","3.0","","2.2","","94","","0.0","","16","","11","","","","99.29","","","","","","NA"
"-72.79","47.41","LA TUQUE","707DBD4","2018-01-11 18:00","2018","01","11","18:00","3.6","","2.9","","95","","0.0","","16","","11","","","","99.26","","","","","","NA"
"-72.79","47.41","LA TUQUE","707DBD4","2018-01-11 19:00","2018","01","11","19:00","3.8","","2.8","","93","","0.0","","16","","12","","","","99.26","","","","","","NA"
"-72.79","47.41","LA TUQUE","707DBD4","2018-01-11 20:00","2018","01","11","20:00","4.4","","3.5","","94","","0.0","","16","","13","","","","99.12","","","","","","NA"
"-72.79","47.41","LA TUQUE","707DBD4","2018-01-11 21:00","2018","01","11","21:00","4.8","","3.7","","93","","1.0","","15","","8","","","","99.07","","","","","","NA"
"-72.79","47.41","LA TUQUE","707DBD4","2018-01-11 22:00","2018","01","11","22:00","5.6","","4.4","","92","","0.0","","16","","9","","","","99.02","","","","","","NA"
"-72.79","47.41","LA TUQUE","707DBD4","2018-01-11 23:00","2018","01","11","23:00","5.9","","4.6","","91","","0.0","","16","","12","","","","98.92","","","","","","NA"
"-72.79","47.41","LA TUQUE","707DBD4","2018-01-12 00:00","2018","01","12","00:00","5.1","","4.2","","94","","0.0","","17","","9","","","","98.83","","","","","","NA"
"-72.79","47.41","LA TUQUE","707DBD4","2018-01-12 01:00","2018","01","12","01:00","5.7","","5.0","","96","","0.0","","16","","15","","","","98.75","","","","","","NA"
"-72.79","47.41","LA TUQUE","707DBD4","2018-01-12 02:00","2018","01","12","02:00","5.6","","5.0","","96","","2.0","","15","","8","","","","98.71","","","","","","NA"
"-72.79","47.41","LA TUQUE","707DBD4","2018-01-12 03:00","2018","01","12","03:00","6.3","","5.6","","96","","0.0","","16","","12","","","","98.62","","","","","","NA"
"-72.79","47.41","LA TUQUE","707DBD4","2018-01-12 04:00","2018","01","12","04:00","6.2","","5.5","","95","","0.0","","15","","11","","","","98.54","","","","","","NA"
"-72.79","47.41","LA TUQUE","707DBD4","2018-01-12 05:00","2018","01","12","05:00","6.6","","5.8","","95","","0.0","","16","","10","","","","98.45","","","","","","NA"
"-72.79","47.41","LA TUQUE","707DBD4","2018-01-12 06:00","2018","01","12","06:00","7.1","","6.2","","94","","0.0","","16","","13","","","","98.37","","","","","","NA"
"-72.79","47.41","LA TUQUE","707DBD4","2018-01-12 07:00","2018","01","12","07:00","7.2","","6.3","","94","","0.0","","17","","12","","","","98.32","","","","","","NA"
"-72.79","47.41","LA TUQUE","707DBD4","2018-01-12 08:00","2018","01","12","08:00","7.1","","6.5","","96","","0.0","","17","","12","","","","98.29","","","","","","NA"
"-72.79","47.41","LA TUQUE","707DBD4","2018-01-12 09:00","2018","01","12","09:00","7.0","","6.7","","98","","0.0","","17","","10","","","","98.26","","","","","","NA"
"-72.79","47.41","LA TUQUE","707DBD4","2018-01-12 10:00","2018","01","12","10:00","7.3","","6.8","","97","","0.0","","17","","10","","","","98.20","","","","","","NA"
"-72.79","47.41","LA TUQUE","707DBD4","2018-01-12 11:00","2018","01","12","11:00","7.3","","7.0","","98","","0.0","","16","","7","","","","98.07","","","","","","NA"
"-72.79","47.41","LA TUQUE","707DBD4","2018-01-12 12:00","2018","01","12","12:00","7.4","","7.2","","99","","1.0","","15","","7","","","","97.96","","","","","","NA"
"-72.79","47.41","LA TUQUE","707DBD4","2018-01-12 13:00","2018","01","12","13:00","7.6","","7.4","","99","","0.0","","15","","4","","","","97.85","","","","","","NA"
"-72.79","47.41","LA TUQUE","707DBD4","2018-01-12 14:00","2018","01","12","14:00","2.3","","1.3","","93","","4.0","","34","","23","","","","98.12","","","","","","NA"
"-72.79","47.41","LA TUQUE","707DBD4","2018-01-12 15:00","2018","01","12","15:00","-0.3","","-1.2","","93","","0.0","","34","","26","","","","98.29","","","","-6","","NA"
"-72.79","47.41","LA TUQUE","707DBD4","2018-01-12 16:00","2018","01","12","16:00","-2.6","","-3.7","","92","","0.0","","34","","19","","","","98.52","","","","-8","","NA"
"-72.79","47.41","LA TUQUE","707DBD4","2018-01-12 17:00","2018","01","12","17:00","-6.4","","-8.1","","88","","1.0","","33","","23","","","","98.83","","","","-14","","NA"
"-72.79","47.41","LA TUQUE","707DBD4","2018-01-12 18:00","2018","01","12","18:00","-8.8","","-9.9","","92","","1.0","","33","","18","","","","98.99","","","","-16","","NA"
"-72.79","47.41","LA TUQUE","707DBD4","2018-01-12 19:00","2018","01","12","19:00","-9.9","","-12.2","","83","","0.0","","33","","22","","","","99.08","","","","-18","","NA"
"-72.79","47.41","LA TUQUE","707DBD4","2018-01-12 20:00","2018","01","12","20:00","-10.3","","-12.3","","86","","1.0","","34","","20","","","","99.17","","","","-18","","NA"
"-72.79","47.41","LA TUQUE","707DBD4","2018-01-12 21:00","2018","01","12","21:00","-11.6","","-13.2","","88","","0.0","","34","","21","","","","99.32","","","","-20","","NA"
"-72.79","47.41","LA TUQUE","707DBD4","2018-01-12 22:00","2018","01","12","22:00","-12.2","","-13.9","","87","","0.0","","34","","17","","","","99.33","","","","-20","","NA"
"-72.79","47.41","LA TUQUE","707DBD4","2018-01-12 23:00","2018","01","12","23:00","-12.4","","-14.7","","83","","1.0","","34","","18","","","","99.43","","","","-20","","NA"
"-72.79","47.41","LA TUQUE","707DBD4","2018-01-13 00:00","2018","01","13","00:00","-12.8","","-15.1","","83","","0.0","","34","","21","","","","99.43","","","","-22","","NA"
"-72.79","47.41","LA TUQUE","707DBD4","2018-01-13 01:00","2018","01","13","01:00","-13.0","","-15.8","","79","","0.0","","35","","16","","","","99.43","","","","-21","","NA"
"-72.79","47.41","LA TUQUE","707DBD4","2018-01-13 02:00","2018","01","13","02:00","-13.4","","-16.5","","77","","0.0","","35","","21","","","","99.54","","","","-22","","NA"
"-72.79","47.41","LA TUQUE","707DBD4","2018-01-13 03:00","2018","01","13","03:00","-14.1","","-17.3","","77","","0.0","","35","","20","","","","99.51","","","","-23","","NA"
"-72.79","47.41","LA TUQUE","707DBD4","2018-01-13 04:00","2018","01","13","04:00","-14.7","","-17.9","","77","","0.0","","35","","19","","","","99.53","","","","-24","","NA"
"-72.79","47.41","LA TUQUE","707DBD4","2018-01-13 05:00","2018","01","13","05:00","-15.9","","-19.5","","74","","0.0","","35","","21","","","","99.55","","","","-26","","NA"
"-72.79","47.41","LA TUQUE","707DBD4","2018-01-13 06:00","2018","01","13","06:00","-16.7","","-20.5","","72","","0.0","","35","","22","","","","99.59","","","","-27","","NA"
"-72.79","47.41","LA TUQUE","707DBD4","2018-01-13 07:00","2018","01","13","07:00","-17.3","","-20.9","","74","","0.0","","34","","23","","","","99.64","","","","-28","","NA"
"-72.79","47.41","LA TUQUE","707DBD4","2018-01-13 08:00","2018","01","13","08:00","-17.9","","-21.3","","74","","0.0","","34","","22","","","","99.55","","","","-28","","NA"
"-72.79","47.41","LA TUQUE","707DBD4","2018-01-13 09:00","2018","01","13","09:00","-18.6","","-22.4","","72","","0.0","","35","","26","","","","99.49","","","","-30","","NA"
"-72.79","47.41","LA TUQUE","707DBD4","2018-01-13 10:00","2018","01","13","10:00","-18.5","","-22.6","","70","","0.0","","34","","24","","","","99.77","","","","-29","","NA"
"-72.79","47.41","LA TUQUE","707DBD4","2018-01-13 11:00","2018","01","13","11:00","-19.0","","-21.2","","83","","0.0","","34","","16","","","","99.85","","","","-28","","NA"
"-72.79","47.41","LA TUQUE","707DBD4","2018-01-13 12:00","2018","01","13","12:00","-19.2","","-21.7","","81","","2.0","","34","","19","","","","99.87","","","","-29","","NA"
"-72.79","47.41","LA TUQUE","707DBD4","2018-01-13 13:00","2018","01","13","13:00","-18.8","","-21.7","","78","","1.0","","34","","23","","","","99.91","","","","-30","","NA"
"-72.79","47.41","LA TUQUE","707DBD4","2018-01-13 14:00","2018","01","13","14:00","-18.2","","-21.4","","76","","1.0","","35","","12","","","","100.03","","","","-26","","NA"
"-72.79","47.41","LA TUQUE","707DBD4","2018-01-13 15:00","2018","01","13","15:00","-17.8","","-22.5","","66","","0.0","","34","","19","","","","100.08","","","","-27","","NA"
"-72.79","47.41","LA TUQUE","707DBD4","2018-01-13 16:00","2018","01","13","16:00","-17.9","","-22.5","","67","","0.0","","33","","16","","","","100.17","","","","-27","","NA"
"-72.79","47.41","LA TUQUE","707DBD4","2018-01-13 17:00","2018","01","13","17:00","-19.1","","-23.4","","69","","0.0","","33","","14","","","","100.33","","","","-28","","NA"
"-72.79","47.41","LA TUQUE","707DBD4","2018-01-13 18:00","2018","01","13","18:00","-20.3","","-24.0","","72","","0.0","","35","","12","","","","100.46","","","","-28","","NA"
"-72.79","47.41","LA TUQUE","707DBD4","2018-01-13 19:00","2018","01","13","19:00","-21.2","","-25.0","","72","","0.0","","35","","10","","","","100.64","","","","-29","","NA"
"-72.79","47.41","LA TUQUE","707DBD4","2018-01-13 20:00","2018","01","13","20:00","-21.9","","-25.9","","70","","0.0","","36","","13","","","","100.79","","","","-31","","NA"
"-72.79","47.41","LA TUQUE","707DBD4","2018-01-13 21:00","2018","01","13","21:00","-22.7","","-26.6","","70","","0.0","","36","","11","","","","100.90","","","","-31","","NA"
"-72.79","47.41","LA TUQUE","707DBD4","2018-01-13 22:00","2018","01","13","22:00","-23.5","","-27.4","","70","","0.0","","35","","9","","","","100.97","","","","-31","","NA"
"-72.79","47.41","LA TUQUE","707DBD4","2018-01-13 23:00","2018","01","13","23:00","-24.0","","-27.7","","72","","0.0","","36","","8","","","","101.02","","","","-31","","NA"
"-72.79","47.41","LA TUQUE","707DBD4","2018-01-14 00:00","2018","01","14","00:00","-24.8","","-28.5","","72","","0.0","","35","","7","","","","101.10","","","","-31","","NA"
"-72.79","47.41","LA TUQUE","707DBD4","2018-01-14 01:00","2018","01","14","01:00","-25.5","","-29.3","","70","","0.0","","34","","11","","","","101.11","","","","-34","","NA"
"-72.79","47.41","LA TUQUE","707DBD4","2018-01-14 02:00","2018","01","14","02:00","-26.9","","-30.1","","74","","0.0","","36","","5","","","","101.24","","","","-32","","NA"
"-72.79","47.41","LA TUQUE","707DBD4","2018-01-14 03:00","2018","01","14","03:00","-27.0","","-30.4","","73","","0.0","","35","","7","","","","101.33","","","","-34","","NA"
"-72.79","47.41","LA TUQUE","707DBD4","2018-01-14 04:00","2018","01","14","04:00","-30.0","","-32.8","","76","","0.0","","0","","1","","","","101.37","","","","-31","","NA"
"-72.79","47.41","LA TUQUE","707DBD4","2018-01-14 05:00","2018","01","14","05:00","-31.2","","-33.9","","77","","0.0","","0","","1","","","","101.47","","","","-32","","NA"
"-72.79","47.41","LA TUQUE","707DBD4","2018-01-14 06:00","2018","01","14","06:00","-31.7","","-34.8","","74","","0.0","","3","","1","","","","101.53","","","","-33","","NA"
"-72.79","47.41","LA TUQUE","707DBD4","2018-01-14 07:00","2018","01","14","07:00","-30.0","","-32.9","","76","","0.0","","36","","7","","","","101.64","","","","-37","","NA"
"-72.79","47.41","LA TUQUE","707DBD4","2018-01-14 08:00","2018","01","14","08:00","-33.3","","-36.6","","72","","0.0","","","","0","","","","101.73","","","","","","NA"
"-72.79","47.41","LA TUQUE","707DBD4","2018-01-14 09:00","2018","01","14","09:00","-29.9","","-32.8","","75","","0.0","","35","","6","","","","101.85","","","","-36","","NA"
"-72.79","47.41","LA TUQUE","707DBD4","2018-01-14 10:00","2018","01","14","10:00","-27.8","","-31.2","","73","","0.0","","34","","2","","","","101.90","","","","-30","","NA"
"-72.79","47.41","LA TUQUE","707DBD4","2018-01-14 11:00","2018","01","14","11:00","-25.4","","-29.7","","67","","0.0","","33","","7","","","","101.86","","","","-32","","NA"
"-72.79","47.41","LA TUQUE","707DBD4","2018-01-14 12:00","2018","01","14","12:00","-23.6","","-28.4","","65","","0.0","","34","","4","","","","101.84","","","","-27","","NA"
"-72.79","47.41","LA TUQUE","707DBD4","2018-01-14 13:00","2018","01","14","13:00","-22.0","","-27.8","","60","","0.0","","29","","1","","","","101.82","","","","-23","","NA"
"-72.79","47.41","LA TUQUE","707DBD4","2018-01-14 14:00","2018","01","14","14:00","-20.5","","-26.7","","58","","1.0","","21","","3","","","","101.85","","","","-23","","NA"
"-72.79","47.41","LA TUQUE","707DBD4","2018-01-14 15:00","2018","01","14","15:00","-20.3","","-25.6","","62","","0.0","","32","","3","","","","101.87","","","","-23","","NA"
"-72.79","47.41","LA TUQUE","707DBD4","2018-01-14 16:00","2018","01","14","16:00","-19.8","","-25.3","","62","","0.0","","","","0","","","","101.93","","","","","","NA"
"-72.79","47.41","LA TUQUE","707DBD4","2018-01-14 17:00","2018","01","14","17:00","-25.2","","-27.6","","80","","0.0","","20","","1","","","","101.99","","","","-26","","NA"
"-72.79","47.41","LA TUQUE","707DBD4","2018-01-14 18:00","2018","01","14","18:00","-26.8","","-29.2","","80","","0.0","","0","","1","","","","102.09","","","","-28","","NA"
"-72.79","47.41","LA TUQUE","707DBD4","2018-01-14 19:00","2018","01","14","19:00","-28.1","","-30.8","","78","","0.0","","0","","1","","","","102.16","","","","-29","","NA"
"-72.79","47.41","LA TUQUE","707DBD4","2018-01-14 20:00","2018","01","14","20:00","-28.6","","-31.3","","77","","0.0","","10","","3","","","","102.19","","","","-32","","NA"
"-72.79","47.41","LA TUQUE","707DBD4","2018-01-14 21:00","2018","01","14","21:00","-30.1","","-33.1","","75","","0.0","","11","","1","","","","102.20","","","","-31","","NA"
"-72.79","47.41","LA TUQUE","707DBD4","2018-01-14 22:00","2018","01","14","22:00","-30.1","","-33.0","","76","","0.0","","12","","2","","","","102.27","","","","-32","","NA"
"-72.79","47.41","LA TUQUE","707DBD4","2018-01-14 23:00","2018","01","14","23:00","-30.9","","-33.8","","76","","0.0","","","","0","","","","102.28","","","","","","NA"
"-72.79","47.41","LA TUQUE","707DBD4","2018-01-15 00:00","2018","01","15","00:00","-31.7","","-34.9","","74","","0.0","","10","","1","","","","102.33","","","","-33","","NA"
"-72.79","47.41","LA TUQUE","707DBD4","2018-01-15 01:00","2018","01","15","01:00","-31.9","","-34.9","","75","","0.0","","","","0","","","","102.34","","","","","","NA"
"-72.79","47.41","LA TUQUE","707DBD4","2018-01-15 02:00","2018","01","15","02:00","-32.3","","-35.5","","73","","0.0","","","","0","","","","102.39","","","","","","NA"
"-72.79","47.41","LA TUQUE","707DBD4","2018-01-15 03:00","2018","01","15","03:00","-32.4","","-35.5","","74","","0.0","","10","","3","","","","102.43","","","","-36","","NA"
"-72.79","47.41","LA TUQUE","707DBD4","2018-01-15 04:00","2018","01","15","04:00","-33.8","","-37.2","","71","","0.0","","10","","3","","","","102.50","","","","-37","","NA"
"-72.79","47.41","LA TUQUE","707DBD4","2018-01-15 05:00","2018","01","15","05:00","-33.1","","-36.3","","73","","0.0","","","","0","","","","102.55","","","","","","NA"
"-72.79","47.41","LA TUQUE","707DBD4","2018-01-15 06:00","2018","01","15","06:00","-32.6","","-35.9","","73","","0.0","","","","0","","","","102.56","","","","","","NA"
"-72.79","47.41","LA TUQUE","707DBD4","2018-01-15 07:00","2018","01","15","07:00","-30.9","","-34.0","","75","","0.0","","1","","1","","","","102.56","","","","-32","","NA"
"-72.79","47.41","LA TUQUE","707DBD4","2018-01-15 08:00","2018","01","15","08:00","-31.5","","-34.6","","74","","0.0","","","","0","","","","102.60","","","","","","NA"
"-72.79","47.41","LA TUQUE","707DBD4","2018-01-15 09:00","2018","01","15","09:00","-29.4","","-32.3","","76","","0.0","","34","","6","","","","102.56","","","","-36","","NA"
"-72.79","47.41","LA TUQUE","707DBD4","2018-01-15 10:00","2018","01","15","10:00","-27.8","","-30.8","","75","","0.0","","34","","6","","","","102.55","","","","-34","","NA"
"-72.79","47.41","LA TUQUE","707DBD4","2018-01-15 11:00","2018","01","15","11:00","-26.2","","-29.4","","74","","0.0","","30","","5","","","","102.46","","","","-31","","NA"
"-72.79","47.41","LA TUQUE","707DBD4","2018-01-15 12:00","2018","01","15","12:00","-23.8","","-26.9","","75","","0.0","","31","","1","","","","102.37","","","","-25","","NA"
"-72.79","47.41","LA TUQUE","707DBD4","2018-01-15 13:00","2018","01","15","13:00","-22.0","","-25.8","","71","","0.0","","29","","3","","","","102.26","","","","-25","","NA"
"-72.79","47.41","LA TUQUE","707DBD4","2018-01-15 14:00","2018","01","15","14:00","-19.8","","-23.7","","71","","0.0","","32","","5","","","","102.16","","","","-24","","NA"
"-72.79","47.41","LA TUQUE","707DBD4","2018-01-15 15:00","2018","01","15","15:00","-18.3","","-22.6","","69","","0.0","","32","","5","","","","102.08","","","","-22","","NA"
"-72.79","47.41","LA TUQUE","707DBD4","2018-01-15 16:00","2018","01","15","16:00","-18.7","","-21.6","","78","","0.0","","31","","3","","","","102.00","","","","-21","","NA"
"-72.79","47.41","LA TUQUE","707DBD4","2018-01-15 17:00","2018","01","15","17:00","-22.8","","-24.6","","86","","0.0","","0","","1","","","","101.95","","","","-24","","NA"
"-72.79","47.41","LA TUQUE","707DBD4","2018-01-15 18:00","2018","01","15","18:00","-24.8","","-27.1","","81","","0.0","","0","","1","","","","101.93","","","","-26","","NA"
"-72.79","47.41","LA TUQUE","707DBD4","2018-01-15 19:00","2018","01","15","19:00","-26.5","","-29.0","","79","","0.0","","0","","1","","","","101.90","","","","-28","","NA"
"-72.79","47.41","LA TUQUE","707DBD4","2018-01-15 20:00","2018","01","15","20:00","-27.1","","-29.6","","80","","0.0","","","","0","","","","101.86","","","","","","NA"
"-72.79","47.41","LA TUQUE","707DBD4","2018-01-15 21:00","2018","01","15","21:00","-27.0","","-29.6","","79","","0.0","","10","","1","","","","101.75","","","","-28","","NA"
"-72.79","47.41","LA TUQUE","707DBD4","2018-01-15 22:00","2018","01","15","22:00","-25.2","","-27.5","","81","","0.0","","13","","2","","","","101.72","","","","-27","","NA"
"-72.79","47.41","LA TUQUE","707DBD4","2018-01-15 23:00","2018","01","15","23:00","-26.0","","-28.5","","80","","0.0","","11","","2","","","","101.65","","","","-28","","NA"
"-72.79","47.41","LA TUQUE","707DBD4","2018-01-16 00:00","2018","01","16","00:00","-24.7","","-27.0","","81","","0.0","","0","","1","","","","101.58","","","","-26","","NA"
"-72.79","47.41","LA TUQUE","707DBD4","2018-01-16 01:00","2018","01","16","01:00","-22.5","","-24.7","","82","","0.0","","34","","8","","","","101.50","","","","-29","","NA"
"-72.79","47.41","LA TUQUE","707DBD4","2018-01-16 02:00","2018","01","16","02:00","-22.5","","-25.0","","80","","0.0","","34","","7","","","","101.49","","","","-29","","NA"
"-72.79","47.41","LA TUQUE","707DBD4","2018-01-16 03:00","2018","01","16","03:00","-22.2","","-24.8","","79","","0.0","","1","","6","","","","101.46","","","","-28","","NA"
"-72.79","47.41","LA TUQUE","707DBD4","2018-01-16 04:00","2018","01","16","04:00","-22.1","","-24.8","","79","","0.0","","34","","5","","","","101.36","","","","-27","","NA"
"-72.79","47.41","LA TUQUE","707DBD4","2018-01-16 05:00","2018","01","16","05:00","-22.3","","-25.1","","78","","0.0","","34","","7","","","","101.27","","","","-28","","NA"
"-72.79","47.41","LA TUQUE","707DBD4","2018-01-16 06:00","2018","01","16","06:00","-22.3","","-24.9","","79","","0.0","","36","","4","","","","101.26","","","","-26","","NA"
"-72.79","47.41","LA TUQUE","707DBD4","2018-01-16 07:00","2018","01","16","07:00","-22.2","","-25.0","","78","","0.0","","35","","4","","","","101.22","","","","-26","","NA"
"-72.79","47.41","LA TUQUE","707DBD4","2018-01-16 08:00","2018","01","16","08:00","-22.6","","-25.3","","78","","0.0","","33","","3","","","","101.21","","","","-25","","NA"
"-72.79","47.41","LA TUQUE","707DBD4","2018-01-16 09:00","2018","01","16","09:00","-21.2","","-24.6","","74","","0.0","","34","","5","","","","101.23","","","","-26","","NA"
"-72.79","47.41","LA TUQUE","707DBD4","2018-01-16 10:00","2018","01","16","10:00","-20.7","","-24.0","","75","","0.0","","34","","7","","","","101.18","","","","-26","","NA"
"-72.79","47.41","LA TUQUE","707DBD4","2018-01-16 11:00","2018","01","16","11:00","-19.1","","-23.0","","72","","0.0","","34","","6","","","","101.12","","","","-24","","NA"
"-72.79","47.41","LA TUQUE","707DBD4","2018-01-16 12:00","2018","01","16","12:00","-17.1","","-21.0","","72","","0.0","","33","","3","","","","100.99","","","","-19","","NA"
"-72.79","47.41","LA TUQUE","707DBD4","2018-01-16 13:00","2018","01","16","13:00","-15.1","","-19.5","","70","","0.0","","","","0","","","","100.92","","","","","","NA"
"-72.79","47.41","LA TUQUE","707DBD4","2018-01-16 14:00","2018","01","16","14:00","-13.8","","-18.2","","69","","0.0","","21","","3","","","","100.86","","","","-16","","NA"
"-72.79","47.41","LA TUQUE","707DBD4","2018-01-16 15:00","2018","01","16","15:00","-13.3","","-16.7","","76","","0.0","","19","","3","","","","100.86","","","","-15","","NA"
"-72.79","47.41","LA TUQUE","707DBD4","2018-01-16 16:00","2018","01","16","16:00","-13.1","","-16.0","","79","","0.0","","17","","3","","","","100.86","","","","-15","","NA"
"-72.79","47.41","LA TUQUE","707DBD4","2018-01-16 17:00","2018","01","16","17:00","-15.0","","-16.8","","86","","0.0","","0","","1","","","","100.86","","","","-16","","NA"
"-72.79","47.41","LA TUQUE","707DBD4","2018-01-16 18:00","2018","01","16","18:00","-16.2","","-17.4","","90","","0.0","","12","","2","","","","100.88","","","","-18","","NA"
"-72.79","47.41","LA TUQUE","707DBD4","2018-01-16 19:00","2018","01","16","19:00","-17.5","","-18.8","","90","","0.0","","12","","1","","","","100.88","","","","-18","","NA"
"-72.79","47.41","LA TUQUE","707DBD4","2018-01-16 20:00","2018","01","16","20:00","-19.8","","-21.3","","87","","0.0","","","","0","","","","100.85","","","","","","NA"
"-72.79","47.41","LA TUQUE","707DBD4","2018-01-16 21:00","2018","01","16","21:00","-22.0","","-23.9","","84","","0.0","","12","","2","","","","100.83","","","","-24","","NA"
"-72.79","47.41","LA TUQUE","707DBD4","2018-01-16 22:00","2018","01","16","22:00","-23.3","","-25.4","","83","","0.0","","","","0","","","","100.80","","","","","","NA"
"-72.79","47.41","LA TUQUE","707DBD4","2018-01-16 23:00","2018","01","16","23:00","-24.1","","-26.1","","83","","0.0","","","","0","","","","100.80","","","","","","NA"
"-72.79","47.41","LA TUQUE","707DBD4","2018-01-17 00:00","2018","01","17","00:00","-25.0","","-27.3","","82","","0.0","","","","0","","","","100.77","","","","","","NA"
"-72.79","47.41","LA TUQUE","707DBD4","2018-01-17 01:00","2018","01","17","01:00","-25.5","","-27.7","","81","","0.0","","0","","1","","","","100.74","","","","-27","","NA"
"-72.79","47.41","LA TUQUE","707DBD4","2018-01-17 02:00","2018","01","17","02:00","-26.5","","-29.0","","79","","0.0","","","","0","","","","100.74","","","","","","NA"
"-72.79","47.41","LA TUQUE","707DBD4","2018-01-17 03:00","2018","01","17","03:00","-22.5","","-24.4","","85","","0.0","","13","","2","","","","100.75","","","","-24","","NA"
"-72.79","47.41","LA TUQUE","707DBD4","2018-01-17 04:00","2018","01","17","04:00","-21.6","","-23.5","","85","","0.0","","19","","2","","","","100.68","","","","-23","","NA"
"-72.79","47.41","LA TUQUE","707DBD4","2018-01-17 05:00","2018","01","17","05:00","-21.2","","-23.1","","85","","0.0","","0","","1","","","","100.66","","","","-22","","NA"
"-72.79","47.41","LA TUQUE","707DBD4","2018-01-17 06:00","2018","01","17","06:00","-21.1","","-23.0","","85","","0.0","","18","","2","","","","100.64","","","","-23","","NA"
"-72.79","47.41","LA TUQUE","707DBD4","2018-01-17 07:00","2018","01","17","07:00","-20.9","","-22.7","","85","","0.0","","16","","2","","","","100.57","","","","-23","","NA"
"-72.79","47.41","LA TUQUE","707DBD4","2018-01-17 08:00","2018","01","17","08:00","-22.3","","-24.0","","86","","0.0","","13","","2","","","","100.54","","","","-24","","NA"
"-72.79","47.41","LA TUQUE","707DBD4","2018-01-17 09:00","2018","01","17","09:00","-19.9","","-21.7","","86","","0.0","","18","","3","","","","100.50","","","","-22","","NA"
"-72.79","47.41","LA TUQUE","707DBD4","2018-01-17 10:00","2018","01","17","10:00","-17.3","","-19.1","","86","","0.0","","19","","4","","","","100.41","","","","-20","","NA"
"-72.79","47.41","LA TUQUE","707DBD4","2018-01-17 11:00","2018","01","17","11:00","-12.3","","-15.1","","80","","0.0","","17","","5","","","","100.32","","","","-16","","NA"
"-72.79","47.41","LA TUQUE","707DBD4","2018-01-17 12:00","2018","01","17","12:00","-9.7","","-13.4","","74","","0.0","","18","","11","","","","100.14","","","","-15","","NA"
"-72.79","47.41","LA TUQUE","707DBD4","2018-01-17 13:00","2018","01","17","13:00","-7.9","","-11.9","","73","","0.0","","17","","11","","","","99.99","","","","-13","","NA"
"-72.79","47.41","LA TUQUE","707DBD4","2018-01-17 14:00","2018","01","17","14:00","-8.1","","-11.3","","78","","0.0","","18","","12","","","","99.90","","","","-14","","NA"
"-72.79","47.41","LA TUQUE","707DBD4","2018-01-17 15:00","2018","01","17","15:00","-8.3","","-10.7","","83","","0.0","","17","","9","","","","99.81","","","","-13","","NA"
"-72.79","47.41","LA TUQUE","707DBD4","2018-01-17 16:00","2018","01","17","16:00","-8.5","","-10.9","","83","","0.0","","16","","9","","","","99.73","","","","-13","","NA"
"-72.79","47.41","LA TUQUE","707DBD4","2018-01-17 17:00","2018","01","17","17:00","-9.3","","-11.4","","85","","0.0","","15","","8","","","","99.67","","","","-14","","NA"
"-72.79","47.41","LA TUQUE","707DBD4","2018-01-17 18:00","2018","01","17","18:00","-9.5","","-11.7","","84","","0.0","","16","","9","","","","99.59","","","","-14","","NA"
"-72.79","47.41","LA TUQUE","707DBD4","2018-01-17 19:00","2018","01","17","19:00","-9.6","","-11.8","","84","","0.0","","15","","10","","","","99.53","","","","-15","","NA"
"-72.79","47.41","LA TUQUE","707DBD4","2018-01-17 20:00","2018","01","17","20:00","-9.6","","-11.7","","85","","0.0","","16","","9","","","","99.46","","","","-14","","NA"
"-72.79","47.41","LA TUQUE","707DBD4","2018-01-17 21:00","2018","01","17","21:00","-9.7","","-11.5","","87","","0.0","","16","","8","","","","99.35","","","","-14","","NA"
"-72.79","47.41","LA TUQUE","707DBD4","2018-01-17 22:00","2018","01","17","22:00","-9.7","","-11.7","","85","","0.0","","16","","7","","","","99.27","","","","-14","","NA"
"-72.79","47.41","LA TUQUE","707DBD4","2018-01-17 23:00","2018","01","17","23:00","-9.5","","-11.5","","85","","0.0","","16","","8","","","","99.20","","","","-14","","NA"
"-72.79","47.41","LA TUQUE","707DBD4","2018-01-18 00:00","2018","01","18","00:00","-9.2","","-11.1","","86","","0.0","","17","","10","","","","99.11","","","","-14","","NA"
"-72.79","47.41","LA TUQUE","707DBD4","2018-01-18 01:00","2018","01","18","01:00","-8.9","","-10.9","","86","","0.0","","18","","11","","","","99.02","","","","-14","","NA"
"-72.79","47.41","LA TUQUE","707DBD4","2018-01-18 02:00","2018","01","18","02:00","-8.5","","-10.4","","86","","0.0","","18","","10","","","","98.98","","","","-13","","NA"
"-72.79","47.41","LA TUQUE","707DBD4","2018-01-18 03:00","2018","01","18","03:00","-8.3","","-10.3","","85","","0.0","","17","","12","","","","98.95","","","","-14","","NA"
"-72.79","47.41","LA TUQUE","707DBD4","2018-01-18 04:00","2018","01","18","04:00","-8.3","","-10.3","","85","","0.0","","17","","11","","","","98.90","","","","-14","","NA"
"-72.79","47.41","LA TUQUE","707DBD4","2018-01-18 05:00","2018","01","18","05:00","-8.2","","-10.3","","85","","0.0","","18","","12","","","","98.88","","","","-14","","NA"
"-72.79","47.41","LA TUQUE","707DBD4","2018-01-18 06:00","2018","01","18","06:00","-8.3","","-10.1","","87","","0.0","","17","","9","","","","98.88","","","","-13","","NA"
"-72.79","47.41","LA TUQUE","707DBD4","2018-01-18 07:00","2018","01","18","07:00","-8.3","","-10.1","","87","","0.0","","18","","11","","","","98.90","","","","-14","","NA"
"-72.79","47.41","LA TUQUE","707DBD4","2018-01-18 08:00","2018","01","18","08:00","-8.2","","-9.9","","88","","0.0","","17","","9","","","","98.92","","","","-13","","NA"
"-72.79","47.41","LA TUQUE","707DBD4","2018-01-18 09:00","2018","01","18","09:00","-7.6","","-9.6","","86","","0.0","","16","","8","","","","98.94","","","","-12","","NA"
"-72.79","47.41","LA TUQUE","707DBD4","2018-01-18 10:00","2018","01","18","10:00","-6.7","","-9.2","","83","","0.0","","16","","7","","","","98.97","","","","-10","","NA"
"-72.79","47.41","LA TUQUE","707DBD4","2018-01-18 11:00","2018","01","18","11:00","-5.5","","-8.8","","78","","0.0","","18","","7","","","","98.94","","","","-9","","NA"
"-72.79","47.41","LA TUQUE","707DBD4","2018-01-18 12:00","2018","01","18","12:00","-5.1","","-8.2","","79","","0.0","","20","","8","","","","98.89","","","","-9","","NA"
"-72.79","47.41","LA TUQUE","707DBD4","2018-01-18 13:00","2018","01","18","13:00","-4.3","","-8.4","","73","","0.0","","26","","8","","","","98.87","","","","-8","","NA"
"-72.79","47.41","LA TUQUE","707DBD4","2018-01-18 14:00","2018","01","18","14:00","-4.1","","-7.7","","76","","0.0","","23","","7","","","","98.88","","","","-7","","NA"
"-72.79","47.41","LA TUQUE","707DBD4","2018-01-18 15:00","2018","01","18","15:00","-4.3","","-6.7","","84","","0.0","","17","","5","","","","98.88","","","","-6","","NA"
"-72.79","47.41","LA TUQUE","707DBD4","2018-01-18 16:00","2018","01","18","16:00","-4.7","","-6.5","","87","","0.0","","18","","7","","","","98.94","","","","-8","","NA"
"-72.79","47.41","LA TUQUE","707DBD4","2018-01-18 17:00","2018","01","18","17:00","-5.1","","-6.5","","90","","0.0","","16","","5","","","","98.95","","","","-7","","NA"
"-72.79","47.41","LA TUQUE","707DBD4","2018-01-18 18:00","2018","01","18","18:00","-6.0","","-6.9","","94","","0.0","","12","","3","","","","98.96","","","","-7","","NA"
"-72.79","47.41","LA TUQUE","707DBD4","2018-01-18 19:00","2018","01","18","19:00","-6.0","","-6.9","","93","","0.0","","8","","2","","","","98.99","","","","-7","","NA"
"-72.79","47.41","LA TUQUE","707DBD4","2018-01-18 20:00","2018","01","18","20:00","-6.8","","-7.5","","95","","0.0","","18","","4","","","","99.01","","","","-9","","NA"
"-72.79","47.41","LA TUQUE","707DBD4","2018-01-18 21:00","2018","01","18","21:00","-6.9","","-7.6","","95","","0.0","","20","","3","","","","99.01","","","","-8","","NA"
"-72.79","47.41","LA TUQUE","707DBD4","2018-01-18 22:00","2018","01","18","22:00","-6.8","","-7.6","","94","","0.0","","14","","2","","","","99.00","","","","-8","","NA"
"-72.79","47.41","LA TUQUE","707DBD4","2018-01-18 23:00","2018","01","18","23:00","-7.2","","-8.0","","94","","0.0","","17","","2","","","","99.00","","","","-8","","NA"
"-72.79","47.41","LA TUQUE","707DBD4","2018-01-19 00:00","2018","01","19","00:00","-7.4","","-8.1","","95","","0.0","","","","0","","","","99.01","","","","","","NA"
"-72.79","47.41","LA TUQUE","707DBD4","2018-01-19 01:00","2018","01","19","01:00","-7.4","","-8.1","","95","","0.0","","","","0","","","","98.96","","","","","","NA"
"-72.79","47.41","LA TUQUE","707DBD4","2018-01-19 02:00","2018","01","19","02:00","-7.7","","-8.3","","96","","0.0","","","","0","","","","98.96","","","","","","NA"
"-72.79","47.41","LA TUQUE","707DBD4","2018-01-19 03:00","2018","01","19","03:00","-7.5","","-8.0","","96","","0.0","","","","0","","","","98.94","","","","","","NA"
"-72.79","47.41","LA TUQUE","707DBD4","2018-01-19 04:00","2018","01","19","04:00","-7.7","","-8.2","","96","","0.0","","25","","3","","","","98.88","","","","-9","","NA"
"-72.79","47.41","LA TUQUE","707DBD4","2018-01-19 05:00","2018","01","19","05:00","-7.6","","-8.1","","96","","0.0","","21","","2","","","","98.89","","","","-9","","NA"
"-72.79","47.41","LA TUQUE","707DBD4","2018-01-19 06:00","2018","01","19","06:00","-7.6","","-8.1","","96","","0.0","","14","","2","","","","98.89","","","","-9","","NA"
"-72.79","47.41","LA TUQUE","707DBD4","2018-01-19 07:00","2018","01","19","07:00","-7.1","","-7.7","","95","","0.0","","13","","1","","","","98.90","","","","-8","","NA"
"-72.79","47.41","LA TUQUE","707DBD4","2018-01-19 08:00","2018","01","19","08:00","-6.5","","-7.2","","95","","0.0","","13","","3","","","","98.87","","","","-8","","NA"
"-72.79","47.41","LA TUQUE","707DBD4","2018-01-19 09:00","2018","01","19","09:00","-5.8","","-6.8","","93","","0.0","","17","","5","","","","98.87","","","","-8","","NA"
"-72.79","47.41","LA TUQUE","707DBD4","2018-01-19 10:00","2018","01","19","10:00","-5.3","","-6.6","","91","","0.0","","18","","5","","","","98.88","","","","-8","","NA"
"-72.79","47.41","LA TUQUE","707DBD4","2018-01-19 11:00","2018","01","19","11:00","-4.4","","-6.1","","88","","0.0","","16","","4","","","","98.91","","","","-6","","NA"
"-72.79","47.41","LA TUQUE","707DBD4","2018-01-19 12:00","2018","01","19","12:00","-3.9","","-5.7","","87","","0.0","","16","","5","","","","98.79","","","","-6","","NA"
"-72.79","47.41","LA TUQUE","707DBD4","2018-01-19 13:00","2018","01","19","13:00","-3.5","","-5.6","","85","","0.0","","18","","7","","","","98.68","","","","-6","","NA"
"-72.79","47.41","LA TUQUE","707DBD4","2018-01-19 14:00","2018","01","19","14:00","-3.7","","-5.7","","86","","0.0","","15","","8","","","","98.64","","","","-7","","NA"
"-72.79","47.41","LA TUQUE","707DBD4","2018-01-19 15:00","2018","01","19","15:00","-4.0","","-6.0","","86","","0.0","","17","","11","","","","98.66","","","","-8","","NA"
"-72.79","47.41","LA TUQUE","707DBD4","2018-01-19 16:00","2018","01","19","16:00","-4.1","","-5.8","","88","","0.0","","16","","8","","","","98.57","","","","-8","","NA"
"-72.79","47.41","LA TUQUE","707DBD4","2018-01-19 17:00","2018","01","19","17:00","-4.4","","-5.9","","89","","0.0","","16","","11","","","","98.52","","","","-9","","NA"
"-72.79","47.41","LA TUQUE","707DBD4","2018-01-19 18:00","2018","01","19","18:00","-4.3","","-6.0","","88","","2.0","","17","","11","","","","98.58","","","","-9","","NA"
"-72.79","47.41","LA TUQUE","707DBD4","2018-01-19 19:00","2018","01","19","19:00","-4.5","","-6.1","","89","","0.0","","16","","11","","","","98.45","","","","-9","","NA"
"-72.79","47.41","LA TUQUE","707DBD4","2018-01-19 20:00","2018","01","19","20:00","-4.6","","-5.9","","91","","0.0","","16","","10","","","","98.35","","","","-9","","NA"
"-72.79","47.41","LA TUQUE","707DBD4","2018-01-19 21:00","2018","01","19","21:00","-4.4","","-6.0","","89","","0.0","","16","","9","","","","98.29","","","","-8","","NA"
"-72.79","47.41","LA TUQUE","707DBD4","2018-01-19 22:00","2018","01","19","22:00","-4.2","","-5.8","","89","","0.0","","15","","9","","","","98.12","","","","-8","","NA"
"-72.79","47.41","LA TUQUE","707DBD4","2018-01-19 23:00","2018","01","19","23:00","-3.9","","-5.4","","89","","0.0","","16","","11","","","","98.00","","","","-8","","NA"
"-72.79","47.41","LA TUQUE","707DBD4","2018-01-20 00:00","2018","01","20","00:00","-3.9","","-4.9","","93","","0.0","","16","","13","","","","97.82","","","","-9","","NA"
"-72.79","47.41","LA TUQUE","707DBD4","2018-01-20 01:00","2018","01","20","01:00","-3.6","","-4.7","","92","","1.0","","16","","13","","","","97.72","","","","-8","","NA"
"-72.79","47.41","LA TUQUE","707DBD4","2018-01-20 02:00","2018","01","20","02:00","-3.1","","-4.6","","89","","0.0","","16","","9","","","","97.65","","","","-7","","NA"
"-72.79","47.41","LA TUQUE","707DBD4","2018-01-20 03:00","2018","01","20","03:00","-3.4","","-4.1","","95","","0.0","","16","","12","","","","97.39","","","","-8","","NA"
"-72.79","47.41","LA TUQUE","707DBD4","2018-01-20 04:00","2018","01","20","04:00","-3.4","","-4.1","","95","","1.0","","16","","4","","","","97.31","","","","-5","","NA"
"-72.79","47.41","LA TUQUE","707DBD4","2018-01-20 05:00","2018","01","20","05:00","-3.0","","-4.2","","91","","0.0","","17","","9","","","","97.32","","","","-7","","NA"
"-72.79","47.41","LA TUQUE","707DBD4","2018-01-20 06:00","2018","01","20","06:00","-2.7","","-4.1","","91","","0.0","","15","","7","","","","97.31","","","","-6","","NA"
"-72.79","47.41","LA TUQUE","707DBD4","2018-01-20 07:00","2018","01","20","07:00","-2.3","","-3.7","","90","","0.0","","16","","9","","","","97.31","","","","-6","","NA"
"-72.79","47.41","LA TUQUE","707DBD4","2018-01-20 08:00","2018","01","20","08:00","-1.4","","-3.2","","88","","0.0","","19","","9","","","","97.34","","","","-5","","NA"
"-72.79","47.41","LA TUQUE","707DBD4","2018-01-20 09:00","2018","01","20","09:00","0.3","","-2.3","","83","","0.0","","24","","12","","","","97.40","","","","","","NA"
"-72.79","47.41","LA TUQUE","707DBD4","2018-01-20 10:00","2018","01","20","10:00","1.1","","-1.8","","81","","1.0","","24","","15","","","","97.48","","","","","","NA"
"-72.79","47.41","LA TUQUE","707DBD4","2018-01-20 11:00","2018","01","20","11:00","1.7","","-1.5","","79","","0.0","","24","","16","","","","97.48","","","","","","NA"
"-72.79","47.41","LA TUQUE","707DBD4","2018-01-20 12:00","2018","01","20","12:00","2.4","","-1.7","","74","","0.0","","25","","19","","","","97.50","","","","","","NA"
"-72.79","47.41","LA TUQUE","707DBD4","2018-01-20 13:00","2018","01","20","13:00","2.4","","-1.8","","74","","0.0","","27","","17","","","","97.62","","","","","","NA"
"-72.79","47.41","LA TUQUE","707DBD4","2018-01-20 14:00","2018","01","20","14:00","1.3","","-2.6","","76","","0.0","","31","","15","","","","97.77","","","","","","NA"
"-72.79","47.41","LA TUQUE","707DBD4","2018-01-20 15:00","2018","01","20","15:00","-0.1","","-5.3","","68","","0.0","","33","","25","","","","98.07","","","","-6","","NA"
"-72.79","47.41","LA TUQUE","707DBD4","2018-01-20 16:00","2018","01","20","16:00","-1.6","","-7.7","","63","","0.0","","30","","20","","","","98.33","","","","-7","","NA"
"-72.79","47.41","LA TUQUE","707DBD4","2018-01-20 17:00","2018","01","20","17:00","-3.6","","-9.2","","65","","0.0","","30","","23","","","","98.65","","","","-10","","NA"
"-72.79","47.41","LA TUQUE","707DBD4","2018-01-20 18:00","2018","01","20","18:00","-5.3","","-10.8","","65","","0.0","","33","","18","","","","98.81","","","","-12","","NA"
"-72.79","47.41","LA TUQUE","707DBD4","2018-01-20 19:00","2018","01","20","19:00","-6.7","","-12.0","","66","","0.0","","33","","18","","","","99.00","","","","-13","","NA"
"-72.79","47.41","LA TUQUE","707DBD4","2018-01-20 20:00","2018","01","20","20:00","-8.1","","-13.0","","68","","0.0","","31","","19","","","","99.10","","","","-15","","NA"
"-72.79","47.41","LA TUQUE","707DBD4","2018-01-20 21:00","2018","01","20","21:00","-9.3","","-13.9","","69","","0.0","","33","","12","","","","99.20","","","","-15","","NA"
"-72.79","47.41","LA TUQUE","707DBD4","2018-01-20 22:00","2018","01","20","22:00","-10.3","","-14.4","","72","","0.0","","36","","7","","","","99.27","","","","-14","","NA"
"-72.79","47.41","LA TUQUE","707DBD4","2018-01-20 23:00","2018","01","20","23:00","-11.6","","-14.4","","80","","0.0","","35","","6","","","","99.29","","","","-15","","NA"
"-72.79","47.41","LA TUQUE","707DBD4","2018-01-21 00:00","2018","01","21","00:00","-13.7","","-15.6","","85","","0.0","","35","","5","","","","99.32","","","","-17","","NA"
"-72.79","47.41","LA TUQUE","707DBD4","2018-01-21 01:00","2018","01","21","01:00","-18.0","","-19.2","","90","","0.0","","12","","2","","","","99.45","","","","-20","","NA"
"-72.79","47.41","LA TUQUE","707DBD4","2018-01-21 02:00","2018","01","21","02:00","-18.8","","-20.3","","88","","0.0","","32","","2","","","","99.52","","","","-20","","NA"
"-72.79","47.41","LA TUQUE","707DBD4","2018-01-21 03:00","2018","01","21","03:00","-17.4","","-18.7","","90","","0.0","","32","","2","","","","99.60","","","","-19","","NA"
"-72.79","47.41","LA TUQUE","707DBD4","2018-01-21 04:00","2018","01","21","04:00","-17.9","","-19.5","","87","","0.0","","25","","1","","","","99.67","","","","-19","","NA"
"-72.79","47.41","LA TUQUE","707DBD4","2018-01-21 05:00","2018","01","21","05:00","-19.8","","-21.5","","86","","0.0","","14","","2","","","","99.77","","","","-22","","NA"
"-72.79","47.41","LA TUQUE","707DBD4","2018-01-21 06:00","2018","01","21","06:00","-19.1","","-20.7","","87","","0.0","","6","","1","","","","99.84","","","","-20","","NA"
"-72.79","47.41","LA TUQUE","707DBD4","2018-01-21 07:00","2018","01","21","07:00","-19.0","","-20.7","","87","","0.0","","","","0","","","","99.90","","","","","","NA"
"-72.79","47.41","LA TUQUE","707DBD4","2018-01-21 08:00","2018","01","21","08:00","-17.4","","-18.8","","88","","0.0","","21","","2","","","","99.98","","","","-19","","NA"
"-72.79","47.41","LA TUQUE","707DBD4","2018-01-21 09:00","2018","01","21","09:00","-16.1","","-17.5","","89","","0.0","","32","","2","","","","100.03","","","","-18","","NA"
"-72.79","47.41","LA TUQUE","707DBD4","2018-01-21 10:00","2018","01","21","10:00","-14.6","","-15.9","","90","","0.0","","34","","2","","","","100.11","","","","-16","","NA"
"-72.79","47.41","LA TUQUE","707DBD4","2018-01-21 11:00","2018","01","21","11:00","-12.2","","-15.0","","80","","0.0","","32","","3","","","","100.15","","","","-14","","NA"
"-72.79","47.41","LA TUQUE","707DBD4","2018-01-21 12:00","2018","01","21","12:00","-10.4","","-15.6","","65","","0.0","","32","","13","","","","100.08","","","","-17","","NA"
"-72.79","47.41","LA TUQUE","707DBD4","2018-01-21 13:00","2018","01","21","13:00","-9.7","","-16.0","","60","","0.0","","35","","7","","","","100.03","","","","-14","","NA"
"-72.79","47.41","LA TUQUE","707DBD4","2018-01-21 14:00","2018","01","21","14:00","-9.3","","-15.9","","59","","0.0","","34","","10","","","","100.08","","","","-14","","NA"
"-72.79","47.41","LA TUQUE","707DBD4","2018-01-21 15:00","2018","01","21","15:00","-9.5","","-16.8","","55","","0.0","","35","","11","","","","100.18","","","","-15","","NA"
"-72.79","47.41","LA TUQUE","707DBD4","2018-01-21 16:00","2018","01","21","16:00","-9.9","","-16.9","","56","","0.0","","2","","8","","","","100.23","","","","-14","","NA"
"-72.79","47.41","LA TUQUE","707DBD4","2018-01-21 17:00","2018","01","21","17:00","-10.4","","-17.3","","57","","0.0","","2","","3","","","","100.28","","","","-12","","NA"
"-72.79","47.41","LA TUQUE","707DBD4","2018-01-21 18:00","2018","01","21","18:00","-10.8","","-16.7","","61","","0.0","","36","","3","","","","100.37","","","","-13","","NA"
"-72.79","47.41","LA TUQUE","707DBD4","2018-01-21 19:00","2018","01","21","19:00","-11.9","","-16.9","","67","","0.0","","2","","2","","","","100.43","","","","-13","","NA"
"-72.79","47.41","LA TUQUE","707DBD4","2018-01-21 20:00","2018","01","21","20:00","-12.8","","-16.5","","74","","0.0","","","","0","","","","100.42","","","","","","NA"
"-72.79","47.41","LA TUQUE","707DBD4","2018-01-21 21:00","2018","01","21","21:00","-12.0","","-15.1","","78","","0.0","","","","0","","","","100.42","","","","","","NA"
"-72.79","47.41","LA TUQUE","707DBD4","2018-01-21 22:00","2018","01","21","22:00","-12.1","","-14.9","","80","","0.0","","","","0","","","","100.47","","","","","","NA"
"-72.79","47.41","LA TUQUE","707DBD4","2018-01-21 23:00","2018","01","21","23:00","-12.2","","-14.4","","84","","0.0","","","","0","","","","100.46","","","","","","NA"
"-72.79","47.41","LA TUQUE","707DBD4","2018-01-22 00:00","2018","01","22","00:00","-12.5","","-14.6","","84","","0.0","","","","0","","","","100.47","","","","","","NA"
"-72.79","47.41","LA TUQUE","707DBD4","2018-01-22 01:00","2018","01","22","01:00","-12.3","","-14.7","","82","","0.0","","0","","1","","","","100.52","","","","-13","","NA"
"-72.79","47.41","LA TUQUE","707DBD4","2018-01-22 02:00","2018","01","22","02:00","-12.1","","-14.7","","81","","0.0","","34","","2","","","","100.59","","","","-13","","NA"
"-72.79","47.41","LA TUQUE","707DBD4","2018-01-22 03:00","2018","01","22","03:00","-12.1","","-14.9","","80","","0.0","","34","","5","","","","100.64","","","","-15","","NA"
"-72.79","47.41","LA TUQUE","707DBD4","2018-01-22 04:00","2018","01","22","04:00","-12.1","","-14.9","","79","","0.0","","33","","7","","","","100.69","","","","-16","","NA"
"-72.79","47.41","LA TUQUE","707DBD4","2018-01-22 05:00","2018","01","22","05:00","-12.3","","-14.9","","80","","0.0","","34","","4","","","","100.71","","","","-15","","NA"
"-72.79","47.41","LA TUQUE","707DBD4","2018-01-22 06:00","2018","01","22","06:00","-12.4","","-15.0","","81","","0.0","","34","","8","","","","100.80","","","","-17","","NA"
"-72.79","47.41","LA TUQUE","707DBD4","2018-01-22 07:00","2018","01","22","07:00","-13.8","","-16.5","","80","","0.0","","34","","8","","","","100.86","","","","-19","","NA"
"-72.79","47.41","LA TUQUE","707DBD4","2018-01-22 08:00","2018","01","22","08:00","-15.0","","-17.6","","81","","0.0","","35","","10","","","","100.97","","","","-21","","NA"
"-72.79","47.41","LA TUQUE","707DBD4","2018-01-22 09:00","2018","01","22","09:00","-15.0","","-18.5","","75","","0.0","","36","","10","","","","101.04","","","","-21","","NA"
"-72.79","47.41","LA TUQUE","707DBD4","2018-01-22 10:00","2018","01","22","10:00","-14.3","","-18.5","","71","","0.0","","35","","10","","","","101.06","","","","-20","","NA"
"-72.79","47.41","LA TUQUE","707DBD4","2018-01-22 11:00","2018","01","22","11:00","-13.5","","-18.1","","68","","0.0","","35","","7","","","","101.02","","","","-18","","NA"
"-72.79","47.41","LA TUQUE","707DBD4","2018-01-22 12:00","2018","01","22","12:00","-12.3","","-17.0","","68","","0.0","","33","","10","","","","100.96","","","","-18","","NA"
"-72.79","47.41","LA TUQUE","707DBD4","2018-01-22 13:00","2018","01","22","13:00","-10.8","","-16.3","","64","","0.0","","1","","8","","","","100.85","","","","-15","","NA"
"-72.79","47.41","LA TUQUE","707DBD4","2018-01-22 14:00","2018","01","22","14:00","-10.1","","-15.6","","64","","0.0","","35","","9","","","","100.76","","","","-15","","NA"
"-72.79","47.41","LA TUQUE","707DBD4","2018-01-22 15:00","2018","01","22","15:00","-9.5","","-15.2","","63","","0.0","","35","","9","","","","100.81","","","","-14","","NA"
"-72.79","47.41","LA TUQUE","707DBD4","2018-01-22 16:00","2018","01","22","16:00","-9.9","","-15.1","","66","","0.0","","36","","12","","","","100.71","","","","-16","","NA"
"-72.79","47.41","LA TUQUE","707DBD4","2018-01-22 17:00","2018","01","22","17:00","-10.0","","-14.8","","68","","0.0","","1","","8","","","","100.70","","","","-14","","NA"
"-72.79","47.41","LA TUQUE","707DBD4","2018-01-22 18:00","2018","01","22","18:00","-10.8","","-15.2","","70","","0.0","","36","","10","","","","100.64","","","","-16","","NA"
"-72.79","47.41","LA TUQUE","707DBD4","2018-01-22 19:00","2018","01","22","19:00","-11.7","","-16.0","","70","","0.0","","1","","10","","","","100.58","","","","-17","","NA"
"-72.79","47.41","LA TUQUE","707DBD4","2018-01-22 20:00","2018","01","22","20:00","-12.2","","-15.6","","76","","0.0","","35","","11","","","","100.57","","","","-18","","NA"
"-72.79","47.41","LA TUQUE","707DBD4","2018-01-22 21:00","2018","01","22","21:00","-13.3","","-15.5","","83","","0.0","","36","","10","","","","100.45","","","","-19","","NA"
"-72.79","47.41","LA TUQUE","707DBD4","2018-01-22 22:00","2018","01","22","22:00","-14.0","","-15.6","","88","","0.0","","35","","10","","","","100.32","","","","-20","","NA"
"-72.79","47.41","LA TUQUE","707DBD4","2018-01-22 23:00","2018","01","22","23:00","-14.1","","-15.8","","87","","0.0","","35","","16","","","","100.18","","","","-22","","NA"
"-72.79","47.41","LA TUQUE","707DBD4","2018-01-23 00:00","2018","01","23","00:00","-14.3","","-15.9","","88","","0.0","","34","","13","","","","100.05","","","","-21","","NA"
"-72.79","47.41","LA TUQUE","707DBD4","2018-01-23 01:00","2018","01","23","01:00","-14.3","","-15.8","","89","","0.0","","35","","9","","","","99.91","","","","-20","","NA"
"-72.79","47.41","LA TUQUE","707DBD4","2018-01-23 02:00","2018","01","23","02:00","-14.3","","-15.6","","90","","3.0","","34","","9","","","","99.76","","","","-20","","NA"
"-72.79","47.41","LA TUQUE","707DBD4","2018-01-23 03:00","2018","01","23","03:00","-14.0","","-15.3","","90","","2.0","","34","","11","","","","99.63","","","","-20","","NA"
"-72.79","47.41","LA TUQUE","707DBD4","2018-01-23 04:00","2018","01","23","04:00","-13.5","","-14.7","","91","","2.0","","34","","10","","","","99.49","","","","-19","","NA"
"-72.79","47.41","LA TUQUE","707DBD4","2018-01-23 05:00","2018","01","23","05:00","-13.2","","-14.4","","91","","2.9","","34","","10","","","","99.35","","","","-19","","NA"
"-72.79","47.41","LA TUQUE","707DBD4","2018-01-23 06:00","2018","01","23","06:00","-12.9","","-14.1","","91","","1.1","","34","","11","","","","99.19","","","","-19","","NA"
"-72.79","47.41","LA TUQUE","707DBD4","2018-01-23 07:00","2018","01","23","07:00","-12.7","","-13.8","","91","","2.0","","34","","8","","","","99.05","","","","-18","","NA"
"-72.79","47.41","LA TUQUE","707DBD4","2018-01-23 08:00","2018","01","23","08:00","-12.5","","-13.6","","91","","0.0","","35","","7","","","","98.87","","","","-17","","NA"
"-72.79","47.41","LA TUQUE","707DBD4","2018-01-23 09:00","2018","01","23","09:00","-12.1","","-13.3","","91","","1.0","","35","","7","","","","98.74","","","","-16","","NA"
"-72.79","47.41","LA TUQUE","707DBD4","2018-01-23 10:00","2018","01","23","10:00","-11.4","","-12.6","","91","","2.0","","34","","9","","","","98.58","","","","-17","","NA"
"-72.79","47.41","LA TUQUE","707DBD4","2018-01-23 11:00","2018","01","23","11:00","-10.4","","-11.4","","92","","1.0","","33","","2","","","","98.42","","","","-12","","NA"
"-72.79","47.41","LA TUQUE","707DBD4","2018-01-23 12:00","2018","01","23","12:00","-10.0","","-11.1","","92","","0.0","","32","","4","","","","98.19","","","","-12","","NA"
"-72.79","47.41","LA TUQUE","707DBD4","2018-01-23 13:00","2018","01","23","13:00","-9.3","","-10.4","","92","","0.0","","8","","4","","","","98.11","","","","-12","","NA"
"-72.79","47.41","LA TUQUE","707DBD4","2018-01-23 14:00","2018","01","23","14:00","-8.2","","-8.7","","96","","2.0","","33","","10","","","","97.94","","","","-13","","NA"
"-72.79","47.41","LA TUQUE","707DBD4","2018-01-23 15:00","2018","01","23","15:00","-7.7","","-8.2","","96","","1.0","","35","","9","","","","97.89","","","","-12","","NA"
"-72.79","47.41","LA TUQUE","707DBD4","2018-01-23 16:00","2018","01","23","16:00","-7.8","","-8.3","","96","","0.0","","34","","11","","","","97.85","","","","-13","","NA"
"-72.79","47.41","LA TUQUE","707DBD4","2018-01-23 17:00","2018","01","23","17:00","-7.7","","-8.1","","96","","0.0","","34","","9","","","","97.80","","","","-12","","NA"
"-72.79","47.41","LA TUQUE","707DBD4","2018-01-23 18:00","2018","01","23","18:00","-7.7","","-8.2","","96","","0.0","","36","","7","","","","97.75","","","","-11","","NA"
"-72.79","47.41","LA TUQUE","707DBD4","2018-01-23 19:00","2018","01","23","19:00","-7.5","","-8.0","","96","","0.0","","36","","6","","","","97.69","","","","-11","","NA"
"-72.79","47.41","LA TUQUE","707DBD4","2018-01-23 20:00","2018","01","23","20:00","-7.7","","-8.2","","96","","0.0","","34","","5","","","","97.65","","","","-10","","NA"
"-72.79","47.41","LA TUQUE","707DBD4","2018-01-23 21:00","2018","01","23","21:00","-7.8","","-8.3","","96","","0.0","","36","","6","","","","97.57","","","","-11","","NA"
"-72.79","47.41","LA TUQUE","707DBD4","2018-01-23 22:00","2018","01","23","22:00","-7.8","","-8.3","","96","","0.0","","36","","4","","","","97.59","","","","-10","","NA"
"-72.79","47.41","LA TUQUE","707DBD4","2018-01-23 23:00","2018","01","23","23:00","-7.8","","-8.4","","95","","0.0","","35","","6","","","","97.57","","","","-11","","NA"
"-72.79","47.41","LA TUQUE","707DBD4","2018-01-24 00:00","2018","01","24","00:00","-7.7","","-8.3","","95","","1.0","","32","","5","","","","97.61","","","","-10","","NA"
"-72.79","47.41","LA TUQUE","707DBD4","2018-01-24 01:00","2018","01","24","01:00","-7.9","","-8.7","","94","","0.0","","33","","6","","","","97.64","","","","-11","","NA"
"-72.79","47.41","LA TUQUE","707DBD4","2018-01-24 02:00","2018","01","24","02:00","-7.7","","-9.0","","91","","0.0","","32","","4","","","","97.73","","","","-10","","NA"
"-72.79","47.41","LA TUQUE","707DBD4","2018-01-24 03:00","2018","01","24","03:00","-8.6","","-11.2","","81","","1.0","","30","","22","","","","97.87","","","","-16","","NA"
"-72.79","47.41","LA TUQUE","707DBD4","2018-01-24 04:00","2018","01","24","04:00","-9.8","","-11.9","","85","","0.0","","31","","17","","","","98.02","","","","-17","","NA"
"-72.79","47.41","LA TUQUE","707DBD4","2018-01-24 05:00","2018","01","24","05:00","-10.5","","-13.2","","80","","0.0","","32","","17","","","","98.15","","","","-18","","NA"
"-72.79","47.41","LA TUQUE","707DBD4","2018-01-24 06:00","2018","01","24","06:00","-11.1","","-14.2","","78","","0.0","","32","","19","","","","98.33","","","","-19","","NA"
"-72.79","47.41","LA TUQUE","707DBD4","2018-01-24 07:00","2018","01","24","07:00","-12.2","","-15.6","","76","","0.0","","31","","21","","","","98.52","","","","-21","","NA"
"-72.79","47.41","LA TUQUE","707DBD4","2018-01-24 08:00","2018","01","24","08:00","-13.2","","-16.6","","75","","0.0","","31","","18","","","","98.70","","","","-21","","NA"
"-72.79","47.41","LA TUQUE","707DBD4","2018-01-24 09:00","2018","01","24","09:00","-13.8","","-17.5","","74","","0.0","","31","","21","","","","98.86","","","","-23","","NA"
"-72.79","47.41","LA TUQUE","707DBD4","2018-01-24 10:00","2018","01","24","10:00","-13.5","","-17.3","","74","","0.0","","29","","13","","","","98.95","","","","-20","","NA"
"-72.79","47.41","LA TUQUE","707DBD4","2018-01-24 11:00","2018","01","24","11:00","-13.0","","-16.7","","74","","0.0","","30","","14","","","","99.01","","","","-20","","NA"
"-72.79","47.41","LA TUQUE","707DBD4","2018-01-24 12:00","2018","01","24","12:00","-11.7","","-15.6","","73","","0.0","","31","","18","","","","99.00","","","","-20","","NA"
"-72.79","47.41","LA TUQUE","707DBD4","2018-01-24 13:00","2018","01","24","13:00","-11.5","","-15.9","","70","","0.0","","31","","24","","","","99.06","","","","-21","","NA"
"-72.79","47.41","LA TUQUE","707DBD4","2018-01-24 14:00","2018","01","24","14:00","-11.3","","-16.0","","68","","0.0","","31","","24","","","","99.13","","","","-20","","NA"
"-72.79","47.41","LA TUQUE","707DBD4","2018-01-24 15:00","2018","01","24","15:00","-11.4","","-16.6","","66","","0.0","","32","","21","","","","99.25","","","","-20","","NA"
"-72.79","47.41","LA TUQUE","707DBD4","2018-01-24 16:00","2018","01","24","16:00","-12.6","","-17.4","","67","","0.0","","32","","18","","","","99.36","","","","-21","","NA"
"-72.79","47.41","LA TUQUE","707DBD4","2018-01-24 17:00","2018","01","24","17:00","-13.8","","-19.1","","64","","0.0","","31","","20","","","","99.49","","","","-23","","NA"
"-72.79","47.41","LA TUQUE","707DBD4","2018-01-24 18:00","2018","01","24","18:00","-15.1","","-20.0","","66","","0.0","","33","","9","","","","99.62","","","","-21","","NA"
"-72.79","47.41","LA TUQUE","707DBD4","2018-01-24 19:00","2018","01","24","19:00","-16.6","","-20.3","","73","","0.0","","33","","6","","","","99.71","","","","-21","","NA"
"-72.79","47.41","LA TUQUE","707DBD4","2018-01-24 20:00","2018","01","24","20:00","-16.8","","-20.6","","72","","0.0","","32","","12","","","","99.77","","","","-24","","NA"
"-72.79","47.41","LA TUQUE","707DBD4","2018-01-24 21:00","2018","01","24","21:00","-17.0","","-20.9","","72","","0.0","","32","","13","","","","99.84","","","","-25","","NA"
"-72.79","47.41","LA TUQUE","707DBD4","2018-01-24 22:00","2018","01","24","22:00","-17.4","","-20.9","","74","","0.0","","33","","6","","","","99.88","","","","-22","","NA"
"-72.79","47.41","LA TUQUE","707DBD4","2018-01-24 23:00","2018","01","24","23:00","-17.0","","-20.9","","72","","0.0","","32","","13","","","","99.90","","","","-25","","NA"
"-72.79","47.41","LA TUQUE","707DBD4","2018-01-25 00:00","2018","01","25","00:00","-17.3","","-21.3","","71","","0.0","","33","","15","","","","99.93","","","","-26","","NA"
"-72.79","47.41","LA TUQUE","707DBD4","2018-01-25 01:00","2018","01","25","01:00","-18.5","","-22.4","","71","","0.0","","33","","15","","","","99.99","","","","-27","","NA"
"-72.79","47.41","LA TUQUE","707DBD4","2018-01-25 02:00","2018","01","25","02:00","-18.3","","-21.9","","73","","0.0","","33","","7","","","","100.04","","","","-24","","NA"
"-72.79","47.41","LA TUQUE","707DBD4","2018-01-25 03:00","2018","01","25","03:00","-18.5","","-21.8","","75","","0.0","","31","","4","","","","100.07","","","","-22","","NA"
"-72.79","47.41","LA TUQUE","707DBD4","2018-01-25 04:00","2018","01","25","04:00","-18.3","","-21.9","","73","","0.0","","31","","8","","","","100.10","","","","-24","","NA"
"-72.79","47.41","LA TUQUE","707DBD4","2018-01-25 05:00","2018","01","25","05:00","-18.4","","-21.9","","74","","0.0","","36","","10","","","","100.16","","","","-25","","NA"
"-72.79","47.41","LA TUQUE","707DBD4","2018-01-25 06:00","2018","01","25","06:00","-18.5","","-22.1","","73","","0.0","","36","","9","","","","100.26","","","","-25","","NA"
"-72.79","47.41","LA TUQUE","707DBD4","2018-01-25 07:00","2018","01","25","07:00","-18.6","","-22.0","","74","","0.0","","34","","7","","","","100.33","","","","-24","","NA"
"-72.79","47.41","LA TUQUE","707DBD4","2018-01-25 08:00","2018","01","25","08:00","-19.2","","-23.4","","69","","0.0","","31","","17","","","","100.42","","","","-29","","NA"
"-72.79","47.41","LA TUQUE","707DBD4","2018-01-25 09:00","2018","01","25","09:00","-19.6","","-23.9","","69","","0.0","","33","","19","","","","100.51","","","","-30","","NA"
"-72.79","47.41","LA TUQUE","707DBD4","2018-01-25 10:00","2018","01","25","10:00","-19.5","","-24.0","","67","","0.0","","33","","17","","","","100.55","","","","-29","","NA"
"-72.79","47.41","LA TUQUE","707DBD4","2018-01-25 11:00","2018","01","25","11:00","-18.3","","-23.0","","67","","0.0","","32","","11","","","","100.59","","","","-26","","NA"
"-72.79","47.41","LA TUQUE","707DBD4","2018-01-25 12:00","2018","01","25","12:00","-17.7","","-22.8","","65","","0.0","","33","","11","","","","100.55","","","","-25","","NA"
"-72.79","47.41","LA TUQUE","707DBD4","2018-01-25 13:00","2018","01","25","13:00","-17.2","","-22.6","","63","","0.0","","32","","14","","","","100.52","","","","-25","","NA"
"-72.79","47.41","LA TUQUE","707DBD4","2018-01-25 14:00","2018","01","25","14:00","-16.0","","-22.0","","60","","0.0","","34","","16","","","","100.54","","","","-24","","NA"
"-72.79","47.41","LA TUQUE","707DBD4","2018-01-25 15:00","2018","01","25","15:00","-15.7","","-21.7","","60","","0.0","","34","","14","","","","100.61","","","","-23","","NA"
"-72.79","47.41","LA TUQUE","707DBD4","2018-01-25 16:00","2018","01","25","16:00","-15.9","","-21.5","","62","","0.0","","33","","10","","","","100.68","","","","-22","","NA"
"-72.79","47.41","LA TUQUE","707DBD4","2018-01-25 17:00","2018","01","25","17:00","-17.5","","-22.0","","68","","0.0","","36","","6","","","","100.77","","","","-22","","NA"
"-72.79","47.41","LA TUQUE","707DBD4","2018-01-25 18:00","2018","01","25","18:00","-19.1","","-22.5","","75","","0.0","","33","","6","","","","100.85","","","","-24","","NA"
"-72.79","47.41","LA TUQUE","707DBD4","2018-01-25 19:00","2018","01","25","19:00","-22.2","","-24.0","","85","","0.0","","30","","4","","","","100.96","","","","-26","","NA"
"-72.79","47.41","LA TUQUE","707DBD4","2018-01-25 20:00","2018","01","25","20:00","-23.3","","-25.1","","85","","0.0","","32","","4","","","","101.04","","","","-27","","NA"
"-72.79","47.41","LA TUQUE","707DBD4","2018-01-25 21:00","2018","01","25","21:00","-24.4","","-26.8","","80","","0.0","","33","","4","","","","101.13","","","","-28","","NA"
"-72.79","47.41","LA TUQUE","707DBD4","2018-01-25 22:00","2018","01","25","22:00","-26.7","","-29.3","","79","","0.0","","31","","1","","","","101.21","","","","-28","","NA"
"-72.79","47.41","LA TUQUE","707DBD4","2018-01-25 23:00","2018","01","25","23:00","-28.0","","-30.7","","78","","0.0","","31","","2","","","","101.25","","","","-30","","NA"
"-72.79","47.41","LA TUQUE","707DBD4","2018-01-26 00:00","2018","01","26","00:00","-30.0","","-33.1","","74","","0.0","","33","","1","","","","101.29","","","","-31","","NA"
"-72.79","47.41","LA TUQUE","707DBD4","2018-01-26 01:00","2018","01","26","01:00","-29.5","","-32.3","","77","","0.0","","","","0","","","","101.34","","","","","","NA"
"-72.79","47.41","LA TUQUE","707DBD4","2018-01-26 02:00","2018","01","26","02:00","-30.4","","-33.4","","75","","0.0","","","","0","","","","101.45","","","","","","NA"
"-72.79","47.41","LA TUQUE","707DBD4","2018-01-26 03:00","2018","01","26","03:00","-31.1","","-34.2","","74","","0.0","","32","","1","","","","101.47","","","","-32","","NA"
"-72.79","47.41","LA TUQUE","707DBD4","2018-01-26 04:00","2018","01","26","04:00","-30.4","","-33.4","","75","","0.0","","36","","1","","","","101.53","","","","-32","","NA"
"-72.79","47.41","LA TUQUE","707DBD4","2018-01-26 05:00","2018","01","26","05:00","-30.8","","-33.7","","75","","0.0","","8","","4","","","","101.66","","","","-35","","NA"
"-72.79","47.41","LA TUQUE","707DBD4","2018-01-26 06:00","2018","01","26","06:00","-32.3","","-35.6","","73","","0.0","","","","0","","","","101.72","","","","","","NA"
"-72.79","47.41","LA TUQUE","707DBD4","2018-01-26 07:00","2018","01","26","07:00","-32.5","","-35.7","","73","","0.0","","","","0","","","","101.78","","","","","","NA"
"-72.79","47.41","LA TUQUE","707DBD4","2018-01-26 08:00","2018","01","26","08:00","-32.6","","-35.9","","73","","0.0","","0","","1","","","","101.79","","","","-34","","NA"
"-72.79","47.41","LA TUQUE","707DBD4","2018-01-26 09:00","2018","01","26","09:00","-27.5","","-30.1","","78","","0.0","","0","","1","","","","101.89","","","","-29","","NA"
"-72.79","47.41","LA TUQUE","707DBD4","2018-01-26 10:00","2018","01","26","10:00","-26.5","","-29.1","","79","","0.0","","34","","3","","","","101.89","","","","-30","","NA"
"-72.79","47.41","LA TUQUE","707DBD4","2018-01-26 11:00","2018","01","26","11:00","-23.7","","-26.2","","80","","0.0","","33","","4","","","","101.82","","","","-28","","NA"
"-72.79","47.41","LA TUQUE","707DBD4","2018-01-26 12:00","2018","01","26","12:00","-20.3","","-24.1","","71","","0.0","","33","","1","","","","101.75","","","","-21","","NA"
"-72.79","47.41","LA TUQUE","707DBD4","2018-01-26 13:00","2018","01","26","13:00","-18.2","","-23.0","","66","","0.0","","33","","4","","","","101.62","","","","-21","","NA"
"-72.79","47.41","LA TUQUE","707DBD4","2018-01-26 14:00","2018","01","26","14:00","-15.9","","-21.9","","60","","0.0","","0","","1","","","","101.51","","","","-17","","NA"
"-72.79","47.41","LA TUQUE","707DBD4","2018-01-26 15:00","2018","01","26","15:00","-14.7","","-20.9","","60","","0.0","","32","","4","","","","101.48","","","","-18","","NA"
"-72.79","47.41","LA TUQUE","707DBD4","2018-01-26 16:00","2018","01","26","16:00","-14.3","","-21.2","","56","","0.0","","","","0","","","","101.41","","","","","","NA"
"-72.79","47.41","LA TUQUE","707DBD4","2018-01-26 17:00","2018","01","26","17:00","-17.9","","-20.9","","77","","0.0","","17","","4","","","","101.32","","","","-21","","NA"
"-72.79","47.41","LA TUQUE","707DBD4","2018-01-26 18:00","2018","01","26","18:00","-19.9","","-21.9","","84","","0.0","","14","","3","","","","101.33","","","","-22","","NA"
"-72.79","47.41","LA TUQUE","707DBD4","2018-01-26 19:00","2018","01","26","19:00","-21.0","","-22.9","","84","","0.0","","16","","1","","","","101.32","","","","-22","","NA"
"-72.79","47.41","LA TUQUE","707DBD4","2018-01-26 20:00","2018","01","26","20:00","-20.1","","-21.8","","86","","0.0","","18","","4","","","","101.24","","","","-24","","NA"
"-72.79","47.41","LA TUQUE","707DBD4","2018-01-26 21:00","2018","01","26","21:00","-18.5","","-20.2","","86","","0.0","","17","","4","","","","101.14","","","","-22","","NA"
"-72.79","47.41","LA TUQUE","707DBD4","2018-01-26 22:00","2018","01","26","22:00","-15.7","","-18.8","","77","","0.0","","15","","5","","","","101.07","","","","-19","","NA"
"-72.79","47.41","LA TUQUE","707DBD4","2018-01-26 23:00","2018","01","26","23:00","-14.9","","-18.3","","75","","0.0","","16","","2","","","","100.93","","","","-16","","NA"
"-72.79","47.41","LA TUQUE","707DBD4","2018-01-27 00:00","2018","01","27","00:00","-14.1","","-17.8","","74","","0.0","","17","","3","","","","100.78","","","","-16","","NA"
"-72.79","47.41","LA TUQUE","707DBD4","2018-01-27 01:00","2018","01","27","01:00","-14.5","","-18.2","","73","","0.0","","16","","7","","","","100.65","","","","-19","","NA"
"-72.79","47.41","LA TUQUE","707DBD4","2018-01-27 02:00","2018","01","27","02:00","-14.5","","-18.0","","75","","0.0","","15","","5","","","","100.53","","","","-18","","NA"
"-72.79","47.41","LA TUQUE","707DBD4","2018-01-27 03:00","2018","01","27","03:00","-13.1","","-17.1","","72","","0.0","","18","","12","","","","100.35","","","","-20","","NA"
"-72.79","47.41","LA TUQUE","707DBD4","2018-01-27 04:00","2018","01","27","04:00","-11.3","","-16.2","","67","","0.0","","17","","14","","","","100.24","","","","-18","","NA"
"-72.79","47.41","LA TUQUE","707DBD4","2018-01-27 05:00","2018","01","27","05:00","-11.1","","-15.6","","69","","0.0","","17","","10","","","","100.16","","","","-17","","NA"
"-72.79","47.41","LA TUQUE","707DBD4","2018-01-27 06:00","2018","01","27","06:00","-10.3","","-14.8","","69","","0.0","","18","","10","","","","100.07","","","","-16","","NA"
"-72.79","47.41","LA TUQUE","707DBD4","2018-01-27 07:00","2018","01","27","07:00","-9.4","","-13.9","","70","","0.0","","16","","10","","","","99.90","","","","-15","","NA"
"-72.79","47.41","LA TUQUE","707DBD4","2018-01-27 08:00","2018","01","27","08:00","-8.4","","-12.7","","71","","0.0","","17","","10","","","","99.85","","","","-13","","NA"
"-72.79","47.41","LA TUQUE","707DBD4","2018-01-27 09:00","2018","01","27","09:00","-7.7","","-11.9","","72","","0.0","","17","","7","","","","99.78","","","","-11","","NA"
"-72.79","47.41","LA TUQUE","707DBD4","2018-01-27 10:00","2018","01","27","10:00","-6.3","","-10.7","","71","","0.0","","16","","11","","","","99.67","","","","-11","","NA"
"-72.79","47.41","LA TUQUE","707DBD4","2018-01-27 11:00","2018","01","27","11:00","-5.0","","-9.5","","70","","0.0","","16","","10","","","","99.54","","","","-9","","NA"
"-72.79","47.41","LA TUQUE","707DBD4","2018-01-27 12:00","2018","01","27","12:00","-3.8","","-8.5","","70","","0.0","","16","","9","","","","99.39","","","","-8","","NA"
"-72.79","47.41","LA TUQUE","707DBD4","2018-01-27 13:00","2018","01","27","13:00","-2.8","","-7.6","","69","","0.0","","16","","12","","","","99.26","","","","-7","","NA"
"-72.79","47.41","LA TUQUE","707DBD4","2018-01-27 14:00","2018","01","27","14:00","-1.7","","-6.9","","68","","0.0","","15","","11","","","","99.17","","","","-6","","NA"
"-72.79","47.41","LA TUQUE","707DBD4","2018-01-27 15:00","2018","01","27","15:00","-1.7","","-6.6","","69","","0.0","","15","","10","","","","99.17","","","","-5","","NA"
"-72.79","47.41","LA TUQUE","707DBD4","2018-01-27 16:00","2018","01","27","16:00","-1.5","","-5.9","","72","","0.0","","16","","8","","","","99.16","","","","-5","","NA"
"-72.79","47.41","LA TUQUE","707DBD4","2018-01-27 17:00","2018","01","27","17:00","-1.0","","-5.6","","71","","0.0","","16","","9","","","","99.15","","","","-4","","NA"
"-72.79","47.41","LA TUQUE","707DBD4","2018-01-27 18:00","2018","01","27","18:00","-0.6","","-5.1","","71","","0.0","","16","","9","","","","99.13","","","","-4","","NA"
"-72.79","47.41","LA TUQUE","707DBD4","2018-01-27 19:00","2018","01","27","19:00","-0.4","","-4.5","","74","","0.0","","16","","7","","","","99.09","","","","-3","","NA"
"-72.79","47.41","LA TUQUE","707DBD4","2018-01-27 20:00","2018","01","27","20:00","-0.1","","-4.2","","74","","0.0","","16","","8","","","","99.01","","","","-3","","NA"
"-72.79","47.41","LA TUQUE","707DBD4","2018-01-27 21:00","2018","01","27","21:00","-0.1","","-3.8","","76","","0.0","","16","","8","","","","98.98","","","","-3","","NA"
"-72.79","47.41","LA TUQUE","707DBD4","2018-01-27 22:00","2018","01","27","22:00","-0.1","","-3.2","","80","","0.0","","14","","4","","","","98.98","","","","-1","","NA"
"-72.79","47.41","LA TUQUE","707DBD4","2018-01-27 23:00","2018","01","27","23:00","0.2","","-2.5","","82","","0.0","","14","","6","","","","99.00","","","","","","NA"
"-72.79","47.41","LA TUQUE","707DBD4","2018-01-28 00:00","2018","01","28","00:00","-0.1","","-2.2","","86","","0.0","","14","","5","","","","99.02","","","","-2","","NA"
"-72.79","47.41","LA TUQUE","707DBD4","2018-01-28 01:00","2018","01","28","01:00","-1.0","","-2.3","","91","","0.0","","12","","3","","","","99.05","","","","-2","","NA"
"-72.79","47.41","LA TUQUE","707DBD4","2018-01-28 02:00","2018","01","28","02:00","-1.6","","-2.2","","95","","0.0","","11","","4","","","","99.11","","","","-3","","NA"
"-72.79","47.41","LA TUQUE","707DBD4","2018-01-28 03:00","2018","01","28","03:00","2.3","","-2.8","","69","","0.0","","25","","11","","","","99.19","","","","","","NA"
"-72.79","47.41","LA TUQUE","707DBD4","2018-01-28 04:00","2018","01","28","04:00","1.8","","-3.5","","68","","0.0","","24","","10","","","","99.25","","","","","","NA"
"-72.79","47.41","LA TUQUE","707DBD4","2018-01-28 05:00","2018","01","28","05:00","0.4","","-4.7","","68","","0.0","","19","","7","","","","99.29","","","","","","NA"
"-72.79","47.41","LA TUQUE","707DBD4","2018-01-28 06:00","2018","01","28","06:00","-0.8","","-5.0","","73","","0.0","","19","","8","","","","99.34","","","","-4","","NA"
"-72.79","47.41","LA TUQUE","707DBD4","2018-01-28 07:00","2018","01","28","07:00","0.1","","-5.8","","64","","0.0","","21","","12","","","","99.44","","","","","","NA"
"-72.79","47.41","LA TUQUE","707DBD4","2018-01-28 08:00","2018","01","28","08:00","-0.2","","-5.7","","66","","0.0","","19","","8","","","","99.51","","","","-3","","NA"
"-72.79","47.41","LA TUQUE","707DBD4","2018-01-28 09:00","2018","01","28","09:00","1.0","","-4.8","","65","","0.0","","24","","16","","","","99.60","","","","","","NA"
"-72.79","47.41","LA TUQUE","707DBD4","2018-01-28 10:00","2018","01","28","10:00","-2.3","","-4.5","","85","","0.0","","33","","14","","","","99.80","","","","-7","","NA"
"-72.79","47.41","LA TUQUE","707DBD4","2018-01-28 11:00","2018","01","28","11:00","-2.9","","-6.8","","74","","0.0","","32","","17","","","","99.96","","","","-8","","NA"
"-72.79","47.41","LA TUQUE","707DBD4","2018-01-28 12:00","2018","01","28","12:00","-4.4","","-10.7","","61","","0.0","","31","","18","","","","100.05","","","","-10","","NA"
"-72.79","47.41","LA TUQUE","707DBD4","2018-01-28 13:00","2018","01","28","13:00","-4.7","","-10.8","","62","","0.0","","31","","14","","","","100.14","","","","-10","","NA"
"-72.79","47.41","LA TUQUE","707DBD4","2018-01-28 14:00","2018","01","28","14:00","-5.1","","-12.3","","57","","0.0","","32","","19","","","","100.24","","","","-12","","NA"
"-72.79","47.41","LA TUQUE","707DBD4","2018-01-28 15:00","2018","01","28","15:00","-5.9","","-13.6","","54","","0.0","","32","","16","","","","100.37","","","","-12","","NA"
"-72.79","47.41","LA TUQUE","707DBD4","2018-01-28 16:00","2018","01","28","16:00","-6.4","","-15.7","","48","","0.0","","34","","18","","","","100.45","","","","-13","","NA"
"-72.79","47.41","LA TUQUE","707DBD4","2018-01-28 17:00","2018","01","28","17:00","-8.3","","-15.1","","58","","0.0","","34","","4","","","","100.56","","","","-10","","NA"
"-72.79","47.41","LA TUQUE","707DBD4","2018-01-28 18:00","2018","01","28","18:00","-11.3","","-15.6","","71","","0.0","","32","","8","","","","100.68","","","","-16","","NA"
"-72.79","47.41","LA TUQUE","707DBD4","2018-01-28 19:00","2018","01","28","19:00","-10.3","","-14.5","","71","","0.0","","1","","8","","","","100.76","","","","-15","","NA"
"-72.79","47.41","LA TUQUE","707DBD4","2018-01-28 20:00","2018","01","28","20:00","-11.7","","-15.3","","74","","0.0","","2","","5","","","","100.82","","","","-15","","NA"
"-72.79","47.41","LA TUQUE","707DBD4","2018-01-28 21:00","2018","01","28","21:00","-15.8","","-18.6","","79","","0.0","","33","","3","","","","100.90","","","","-18","","NA"
"-72.79","47.41","LA TUQUE","707DBD4","2018-01-28 22:00","2018","01","28","22:00","-15.3","","-16.4","","91","","0.0","","34","","8","","","","100.96","","","","-21","","NA"
"-72.79","47.41","LA TUQUE","707DBD4","2018-01-28 23:00","2018","01","28","23:00","-18.0","","-19.5","","88","","0.0","","35","","2","","","","101.01","","","","-20","","NA"
"-72.79","47.41","LA TUQUE","707DBD4","2018-01-29 00:00","2018","01","29","00:00","-15.5","","-16.9","","89","","0.0","","0","","1","","","","101.06","","","","-16","","NA"
"-72.79","47.41","LA TUQUE","707DBD4","2018-01-29 01:00","2018","01","29","01:00","-14.3","","-16.1","","86","","0.0","","35","","3","","","","101.06","","","","-16","","NA"
"-72.79","47.41","LA TUQUE","707DBD4","2018-01-29 02:00","2018","01","29","02:00","-13.3","","-15.9","","80","","0.0","","1","","4","","","","101.05","","","","-16","","NA"
"-72.79","47.41","LA TUQUE","707DBD4","2018-01-29 03:00","2018","01","29","03:00","-13.5","","-16.7","","76","","0.0","","1","","7","","","","101.10","","","","-18","","NA"
"-72.79","47.41","LA TUQUE","707DBD4","2018-01-29 04:00","2018","01","29","04:00","-13.8","","-17.3","","74","","0.0","","36","","7","","","","101.13","","","","-18","","NA"
"-72.79","47.41","LA TUQUE","707DBD4","2018-01-29 05:00","2018","01","29","05:00","-14.2","","-17.7","","75","","0.0","","35","","7","","","","101.14","","","","-19","","NA"
"-72.79","47.41","LA TUQUE","707DBD4","2018-01-29 06:00","2018","01","29","06:00","-14.6","","-17.7","","77","","0.0","","1","","5","","","","101.20","","","","-18","","NA"
"-72.79","47.41","LA TUQUE","707DBD4","2018-01-29 07:00","2018","01","29","07:00","-14.9","","-17.7","","79","","0.0","","36","","12","","","","101.18","","","","-22","","NA"
"-72.79","47.41","LA TUQUE","707DBD4","2018-01-29 08:00","2018","01","29","08:00","-15.0","","-18.0","","78","","0.0","","2","","7","","","","101.20","","","","-20","","NA"
"-72.79","47.41","LA TUQUE","707DBD4","2018-01-29 09:00","2018","01","29","09:00","-15.6","","-18.7","","77","","0.0","","36","","11","","","","101.21","","","","-22","","NA"
"-72.79","47.41","LA TUQUE","707DBD4","2018-01-29 10:00","2018","01","29","10:00","-15.0","","-19.4","","69","","0.0","","4","","5","","","","101.25","","","","-19","","NA"
"-72.79","47.41","LA TUQUE","707DBD4","2018-01-29 11:00","2018","01","29","11:00","-14.4","","-19.2","","67","","0.0","","34","","11","","","","101.22","","","","-21","","NA"
"-72.79","47.41","LA TUQUE","707DBD4","2018-01-29 12:00","2018","01","29","12:00","-13.6","","-18.6","","66","","0.0","","34","","12","","","","101.07","","","","-20","","NA"
"-72.79","47.41","LA TUQUE","707DBD4","2018-01-29 13:00","2018","01","29","13:00","-12.6","","-18.1","","64","","0.0","","33","","10","","","","100.99","","","","-18","","NA"
"-72.79","47.41","LA TUQUE","707DBD4","2018-01-29 14:00","2018","01","29","14:00","-11.6","","-17.8","","60","","0.0","","34","","11","","","","100.91","","","","-18","","NA"
"-72.79","47.41","LA TUQUE","707DBD4","2018-01-29 15:00","2018","01","29","15:00","-11.5","","-17.7","","60","","0.0","","34","","11","","","","100.88","","","","-17","","NA"
"-72.79","47.41","LA TUQUE","707DBD4","2018-01-29 16:00","2018","01","29","16:00","-11.7","","-17.6","","62","","0.0","","35","","10","","","","100.84","","","","-17","","NA"
"-72.79","47.41","LA TUQUE","707DBD4","2018-01-29 17:00","2018","01","29","17:00","-12.7","","-17.6","","67","","0.0","","1","","6","","","","100.82","","","","-17","","NA"
"-72.79","47.41","LA TUQUE","707DBD4","2018-01-29 18:00","2018","01","29","18:00","-15.4","","-18.9","","75","","0.0","","33","","6","","","","100.82","","","","-20","","NA"
"-72.79","47.41","LA TUQUE","707DBD4","2018-01-29 19:00","2018","01","29","19:00","-15.7","","-18.8","","77","","0.0","","35","","7","","","","100.84","","","","-21","","NA"
"-72.79","47.41","LA TUQUE","707DBD4","2018-01-29 20:00","2018","01","29","20:00","-17.7","","-19.7","","85","","0.0","","33","","8","","","","100.82","","","","-24","","NA"
"-72.79","47.41","LA TUQUE","707DBD4","2018-01-29 21:00","2018","01","29","21:00","-18.8","","-21.0","","82","","0.0","","34","","5","","","","100.76","","","","-23","","NA"
"-72.79","47.41","LA TUQUE","707DBD4","2018-01-29 22:00","2018","01","29","22:00","-19.7","","-21.6","","85","","0.0","","35","","8","","","","100.72","","","","-26","","NA"
"-72.79","47.41","LA TUQUE","707DBD4","2018-01-29 23:00","2018","01","29","23:00","-21.1","","-23.0","","85","","0.0","","33","","6","","","","100.70","","","","-26","","NA"
"-72.79","47.41","LA TUQUE","707DBD4","2018-01-30 00:00","2018","01","30","00:00","-21.1","","-23.1","","84","","0.0","","34","","11","","","","100.64","","","","-29","","NA"
"-72.79","47.41","LA TUQUE","707DBD4","2018-01-30 01:00","2018","01","30","01:00","-22.2","","-24.0","","85","","0.0","","35","","4","","","","100.54","","","","-26","","NA"
"-72.79","47.41","LA TUQUE","707DBD4","2018-01-30 02:00","2018","01","30","02:00","-23.6","","-25.8","","82","","0.0","","34","","3","","","","100.53","","","","-26","","NA"
"-72.79","47.41","LA TUQUE","707DBD4","2018-01-30 03:00","2018","01","30","03:00","-24.6","","-26.8","","81","","0.0","","34","","2","","","","100.51","","","","-27","","NA"
"-72.79","47.41","LA TUQUE","707DBD4","2018-01-30 04:00","2018","01","30","04:00","-23.9","","-26.1","","82","","0.0","","33","","8","","","","100.45","","","","-31","","NA"
"-72.79","47.41","LA TUQUE","707DBD4","2018-01-30 05:00","2018","01","30","05:00","-26.5","","-29.0","","79","","0.0","","0","","1","","","","100.41","","","","-28","","NA"
"-72.79","47.41","LA TUQUE","707DBD4","2018-01-30 06:00","2018","01","30","06:00","-27.2","","-29.9","","78","","0.0","","0","","1","","","","100.42","","","","-28","","NA"
"-72.79","47.41","LA TUQUE","707DBD4","2018-01-30 07:00","2018","01","30","07:00","-25.9","","-28.2","","81","","0.0","","0","","1","","","","100.44","","","","-27","","NA"
"-72.79","47.41","LA TUQUE","707DBD4","2018-01-30 08:00","2018","01","30","08:00","-25.6","","-28.0","","80","","0.0","","32","","5","","","","100.44","","","","-31","","NA"
"-72.79","47.41","LA TUQUE","707DBD4","2018-01-30 09:00","2018","01","30","09:00","-24.2","","-26.6","","81","","0.0","","31","","3","","","","100.40","","","","-27","","NA"
"-72.79","47.41","LA TUQUE","707DBD4","2018-01-30 10:00","2018","01","30","10:00","-21.1","","-23.5","","81","","0.0","","36","","8","","","","100.38","","","","-28","","NA"
"-72.79","47.41","LA TUQUE","707DBD4","2018-01-30 11:00","2018","01","30","11:00","-18.4","","-22.6","","69","","0.0","","1","","9","","","","100.32","","","","-25","","NA"
"-72.79","47.41","LA TUQUE","707DBD4","2018-01-30 12:00","2018","01","30","12:00","-16.1","","-20.9","","67","","0.0","","1","","8","","","","100.17","","","","-22","","NA"
"-72.79","47.41","LA TUQUE","707DBD4","2018-01-30 13:00","2018","01","30","13:00","-14.1","","-20.3","","59","","0.0","","1","","9","","","","100.04","","","","-20","","NA"
"-72.79","47.41","LA TUQUE","707DBD4","2018-01-30 14:00","2018","01","30","14:00","-12.9","","-19.0","","60","","0.0","","35","","10","","","","99.98","","","","-19","","NA"
"-72.79","47.41","LA TUQUE","707DBD4","2018-01-30 15:00","2018","01","30","15:00","-11.9","","-18.4","","59","","0.0","","35","","13","","","","99.95","","","","-19","","NA"
"-72.79","47.41","LA TUQUE","707DBD4","2018-01-30 16:00","2018","01","30","16:00","-12.4","","-18.0","","63","","0.0","","36","","15","","","","99.98","","","","-20","","NA"
"-72.79","47.41","LA TUQUE","707DBD4","2018-01-30 17:00","2018","01","30","17:00","-13.4","","-18.0","","68","","0.0","","36","","11","","","","100.06","","","","-20","","NA"
"-72.79","47.41","LA TUQUE","707DBD4","2018-01-30 18:00","2018","01","30","18:00","-14.4","","-18.9","","68","","0.0","","1","","10","","","","100.10","","","","-21","","NA"
"-72.79","47.41","LA TUQUE","707DBD4","2018-01-30 19:00","2018","01","30","19:00","-14.7","","-19.1","","69","","0.0","","36","","13","","","","100.11","","","","-22","","NA"
"-72.79","47.41","LA TUQUE","707DBD4","2018-01-30 20:00","2018","01","30","20:00","-15.4","","-19.3","","72","","0.0","","2","","5","","","","100.10","","","","-19","","NA"
"-72.79","47.41","LA TUQUE","707DBD4","2018-01-30 21:00","2018","01","30","21:00","-16.0","","-19.4","","75","","0.0","","36","","7","","","","100.07","","","","-21","","NA"
"-72.79","47.41","LA TUQUE","707DBD4","2018-01-30 22:00","2018","01","30","22:00","-16.1","","-19.4","","76","","0.0","","36","","7","","","","100.03","","","","-21","","NA"
"-72.79","47.41","LA TUQUE","707DBD4","2018-01-30 23:00","2018","01","30","23:00","-16.0","","-19.9","","72","","0.0","","35","","11","","","","100.00","","","","-23","","NA"
"-72.79","47.41","LA TUQUE","707DBD4","2018-01-31 00:00","2018","01","31","00:00","-16.4","","-20.5","","70","","0.0","","35","","12","","","","99.95","","","","-24","","NA"
"-72.79","47.41","LA TUQUE","707DBD4","2018-01-31 01:00","2018","01","31","01:00","-16.7","","-21.0","","69","","0.0","","34","","20","","","","99.89","","","","-26","","NA"
"-72.79","47.41","LA TUQUE","707DBD4","2018-01-31 02:00","2018","01","31","02:00","-17.0","","-20.9","","72","","0.0","","36","","9","","","","99.93","","","","-23","","NA"
"-72.79","47.41","LA TUQUE","707DBD4","2018-01-31 03:00","2018","01","31","03:00","-17.3","","-21.4","","70","","0.0","","32","","12","","","","99.98","","","","-25","","NA"
"-72.79","47.41","LA TUQUE","707DBD4","2018-01-31 04:00","2018","01","31","04:00","-18.2","","-22.1","","71","","0.0","","31","","16","","","","99.99","","","","-27","","NA"
"-72.79","47.41","LA TUQUE","707DBD4","2018-01-31 05:00","2018","01","31","05:00","-19.0","","-22.7","","72","","0.0","","32","","12","","","","100.04","","","","-27","","NA"
"-72.79","47.41","LA TUQUE","707DBD4","2018-01-31 06:00","2018","01","31","06:00","-19.1","","-22.7","","73","","0.0","","33","","10","","","","100.05","","","","-26","","NA"
"-72.79","47.41","LA TUQUE","707DBD4","2018-01-31 07:00","2018","01","31","07:00","-19.3","","-22.9","","73","","0.0","","33","","15","","","","100.10","","","","-28","","NA"
"-72.79","47.41","LA TUQUE","707DBD4","2018-01-31 08:00","2018","01","31","08:00","-20.2","","-23.6","","74","","0.0","","36","","6","","","","100.04","","","","-25","","NA"
"-72.79","47.41","LA TUQUE","707DBD4","2018-01-31 09:00","2018","01","31","09:00","-19.1","","-23.3","","70","","0.0","","35","","6","","","","100.07","","","","-24","","NA"
"-72.79","47.41","LA TUQUE","707DBD4","2018-01-31 10:00","2018","01","31","10:00","-17.6","","-22.8","","64","","0.0","","1","","2","","","","100.00","","","","-19","","NA"
"-72.79","47.41","LA TUQUE","707DBD4","2018-01-31 11:00","2018","01","31","11:00","-16.9","","-22.8","","60","","0.0","","26","","5","","","","99.86","","","","-21","","NA"
"-72.79","47.41","LA TUQUE","707DBD4","2018-01-31 12:00","2018","01","31","12:00","-14.9","","-22.4","","53","","0.0","","19","","5","","","","99.78","","","","-18","","NA"
"-72.79","47.41","LA TUQUE","707DBD4","2018-01-31 13:00","2018","01","31","13:00","-13.4","","-21.6","","50","","0.0","","18","","10","","","","99.64","","","","-19","","NA"
"-72.79","47.41","LA TUQUE","707DBD4","2018-01-31 14:00","2018","01","31","14:00","-13.2","","-21.4","","50","","0.0","","19","","10","","","","99.53","","","","-19","","NA"
"-72.79","47.41","LA TUQUE","707DBD4","2018-01-31 15:00","2018","01","31","15:00","-12.6","","-21.1","","49","","14.7","","19","","8","","","","99.40","","","","-18","","NA"
"-72.79","47.41","LA TUQUE","707DBD4","2018-01-31 16:00","2018","01","31","16:00","-12.1","","-19.8","","53","","18.3","","15","","9","","","","99.23","","","","-17","","NA"
"-72.79","47.41","LA TUQUE","707DBD4","2018-01-31 17:00","2018","01","31","17:00","-13.1","","-20.2","","55","","0.0","","17","","16","","","","99.18","","","","-21","","NA"
"-72.79","47.41","LA TUQUE","707DBD4","2018-01-31 18:00","2018","01","31","18:00","-14.5","","-19.7","","64","","0.0","","16","","12","","","","99.12","","","","-21","","NA"
"-72.79","47.41","LA TUQUE","707DBD4","2018-01-31 19:00","2018","01","31","19:00","-15.3","","-18.2","","79","","0.0","","17","","11","","","","99.07","","","","-22","","NA"
"-72.79","47.41","LA TUQUE","707DBD4","2018-01-31 20:00","2018","01","31","20:00","-15.6","","-17.5","","85","","0.0","","17","","6","","","","98.92","","","","-20","","NA"
"-72.79","47.41","LA TUQUE","707DBD4","2018-01-31 21:00","2018","01","31","21:00","-15.5","","-17.2","","87","","0.0","","18","","7","","","","98.89","","","","-20","","NA"
"-72.79","47.41","LA TUQUE","707DBD4","2018-01-31 22:00","2018","01","31","22:00","-15.3","","-17.0","","87","","2.0","","17","","6","","","","98.81","","","","-20","","NA"
"-72.79","47.41","LA TUQUE","707DBD4","2018-01-31 23:00","2018","01","31","23:00","-15.1","","-17.1","","85","","0.0","","17","","7","","","","98.75","","","","-20","","NA"
